review,sentiment
"I almost made a fool of myself when I was going to start this review by saying "" This movie reminded me of BILLY ELLIOT "" but then I looked up the resume of screenwriter Lee Hall only to find out that he was the guy who wrote BILLY ELLIOT so it's Mr Hall who's making a fool of himself not me <br /><br />Am I being a bit cruel on him ? No because Lee has something most other aspiring screenwriters from Britain don't have - He has his foot in the door , he has previously written a successful British movie that won awards and made money at the box office and what does he do next ? He gives the audience more of the same <br /><br />Young Jimmy Spud lives on some kitchen sink estate . He is bullied at school and no one loves him . The only thing keeping him going is that he has aspirations to be a ballet dancer . No actually he has aspirations to be an angel but considering his household he may as well be a ballet dancer . He has a macho waster of a father who thinks "" Ballet dancers are a bunch of poofs while his granddad says "" Ballet dancers are as tough as any man you could meet . I remember seeing the Bolshoi ballet ... "" Yup Ballet is a main talking point on a run down British council estate those days - NOT . Come to think of it neither is left wing politics which seems to be the sole preserve of middle class do gooders who live in nice big houses , so right away everything about this set up feels ridiculously false <br /><br />Another major criticism is that this is a film that has no clue who it's trying to appeal to . I have often criticised Channel 4 for broadcasting movies at totally inappropriate times ( THE LAND THAT TIME FORGOT at 6 am for example ) but they showed this at 2 am and for once they've got it spot on . Considering the story involves politics , ballet dancing ( Gawd I hate it ) lung cancer and poverty there's no way this can be deemed suitable for a family audience but since the main protagonist is an 11 year old child and features angels and ballet dancers ( Don't blame me if I seem obsessed with the subject - there was no need to refer to them ) there's not much here for an intelligent adult audience either . <br /><br />Of course if Lee Hall had been told at the script development stage by the producers that he should write a story featuring a schoolboy and an angel and had flatly refused saying that he wanted to write about other themes and stories then I will apologise but throughout the movie you do get the feeling that once the film was completed it was going to be marketed to the exact same audience who enjoyed BILLY ELLIOT",negative
"**WARNING: POSSIBLE SPOILER**<br /><br />If you can get by the extremely unpleasant subject matter, this film does offer a heaping helping of outrageously campy melodrama. Surprisingly enough, this movie has been copied and ripped-off several times over the years, although it's hard to fathom ANY filmmaker being inspired by this trashy drama. Neither one of the Hemingway women can act here (although Mariel HAS improved over the years), Anne Bancroft offers the only touch of class as a prosecuting attorney, and Chris Sarandon is by turns pathetic and unintentionally hilarious as the smirking, smarmy bad guy of the piece.<br /><br />Veteran director Lamont Johnson can't make a silk purse out of this sow's ear of a script, which is stuffed to bursting with howlingly bad dialogue and outlandish situations. For example, the final sequence, where Margaux grabs her shotgun and chases Sarandon down after his latest shocking act is meant to be exciting but elicits hearty chuckles instead. Add a notoriously shrill and spacy musical score by Michel Polnareff and you have a true guilty pleasure, even though you're likely to feel grubby and needing a hot shower after viewing it. Don't say you weren't warned.",negative
"In a future society, the military component does not have to recruit; rather, their candidates are chosen at birth, culled from nurseries and designated to spend their entire lives in the service of the government. They are given over to the war machine, body and soul, for no reason other than to protect and serve; they have no personal identity other than a name and rank, and no autonomy whatsoever. This is the fate of those whose destiny is predetermined for them in `Soldier,' directed by Paul Anderson and starring Kurt Russell. The scenario is hard and bleak as the movie begins by depicting the training of the soldiers during advancing periods of time, from preadolescence to adulthood. Russell is Sergeant Todd, the best of the best, and we glimpse his career as he discharges his duties in an exemplary manner in campaign after campaign; he is what he was born to be, a soldier. But even the best cannot go on forever, and the day arrives when Todd and his peers are no longer the elite. A new generation of soldiers has been created, products of advanced genetics and technology, and Todd's generation is suddenly obsolete. What follows is the story of a man who must fight for his life, while struggling to discover his own sense of humanity and individuality, traits new to a soldier who has known only two things his entire life: Fear and discipline. Russell gives a commanding performance as Todd, the soldier who above all else must obey orders without question while suppressing all emotion and individual thoughts. He has few lines in this movie, but Russell speaks volumes with his eyes. This role demonstrates that he is, in fact, one of the under-appreciated actors of our times; that he can disappear so entirely into the character of Todd is a credit to his ability, and with this part he has created someone quite different from any he's done before. And he's given Todd a depth and credibility that someone of lesser talent could easily have rendered as nothing more than a pretentious and superficial stereotype. Notable performances are also turned in here by Connie Nielsen (Sandra) and Jason Isaacs (Colonel Mekum). Rounding out the supporting cast are Jason Scott Lee, memorable as Caine 607, one of the new generation of soldiers; Sean Pertwee (Mace); Gary Busey (Captain Church); Michael Chiklis (Jimmy Pig); and Mark Bringleson (Rubrick). Anderson has delivered an action film with a message, a cautionary tale that transcends the genre of science-fiction. `Soldier' reminds us of the importance of keeping the humanity of our lives intact. It's an entertaining way of making us consider the alternatives, like a bleak future and a world in which good movies just wouldn't make a whole lot of difference. Much like `1984,' and `Mad Max,' this movie, which is ultimately uplifting, is going to make you take pause and think about the kind of Universe in which we all must live together and share. I rate this one 7/10.",positive
"Jim Carrey is one of the funniest and most gifted comedians in film today. With his hyperactive spontaneity and his rubber face he can just go crazy, and we love him for it. He has the ability to make mediocre comedies (ala Ace Ventura), and turn them into decent comedic outings. Or, in the case of 'Liar Liar', make them some of the most hilarious contemporary comedies around. Carrey has also proven himself capable of tackling dramas. He was excellent in both 'Man on the Moon' and 'The Truman Show.' The guy is remarkable.<br /><br />Then comes 'Bruce Almighty,' an ideal vehicle for Carrey, and a premise that should have worked; Carrey, after complaining about God and how his life stinks, is enabled with God's powers. However, the script is pure recycled garbage. Now, no matter how bad a script is, Carrey's improvisation alone sometimes makes an unfunny scene funny. The problem is that there are very few opportunities for Carrey to be unleashed because so much of the comedy relies on silly special effects, only some of which are amusing. Carrey is rarely able to improvise because he has to work around the special effects. The writers apparently thought that all these special effects and superpower sequences were funny, because the rest of the movie is simply filler giving Carrey nothing else to work with besides a whiny character who is absolutely humorless. He seems more like a 5-year yearning for our attention, wanting the viewer to find what he is doing funny, when it's really just annoying.<br /><br />I have always enjoyed Jennifer Aniston on 'Friends' and she was superb in last year's 'The Good Girl.' She too has a gift for comedy, but with the script as linear as it is, she is simply given the part of the bitter girlfriend. She comes across as nagging, grumpy, and there is no chemistry between the two stars.<br /><br />'Bruce Almighty' should have been a comedy that works. But it doesn't even have the guts to tackle the subject matter that it's making fun of; religion. A few minor giggles (his internet is Yehweh), but instead it's just turned into a comedic superpower comedy. Not to mention that it's tone shifts from silly to heavy-handed, and even black comedy at times. The movie fails on nearly every level. That's not to see it is entirely devoid of laughs, but it's close. Any movie that feels the need to incorporate scenes of a dog peeing to get it's laughs has problems. But hey, if you find pee jokes funny, go for it.<br /><br />",negative
"My 15 year old daughter asked me to watch this movie with her on Cable TV. As someone who saw Revenge of The Nerds in a movie theater, I found this movie to be an extremely predictable remake of it. The Nerds were simply replaced by Dorks. I drove her crazy by being able to predict precisely what would happen in each scene. The cast was cute, especially Amanda Bynes.<br /><br />Screenwriter Chad Creasey should be ashamed for writing such an obvious remake of an early 1980's flick. The title should have simply been ""Revenge of The Dorks."" Perhaps the sequel will be Revenge of the Dorks 2.",negative
"Fascinating downer about a would-be male hustler in New York City forced to live in a condemned building with a crippled con-man. Extremely bleak examination of modern-day moral and social decline, extremely well-directed by John Schlesinger (who never topped his work here) and superbly acted by Jon Voight and Dustin Hoffman. Packs quite a punch overall, yet the ""fantasy"" scenes--some of which are played for a chuckle--are mildly intrusive, as is the ""mod"" drug party. The relationship that develops between the two men is sentimental, yet the filmmakers are careful not to get mushy, and this gives the picture an edge it might not have had with a lesser director than Schlesinger. Originally X-rated in 1969, and the winner of the Best Picture Oscar; screenwriter Waldo Salt (who adapted James Leo Herilhy's book) and Schlesinger also won statues. ***1/2 from ****",positive
"I wasted 35 minutes of my life on this turkey before I gave up. The main character is completely clueless and astoundingly unsympathetic, but there is no humor in his blundering. As soon as he arrives in Germany, the screenwriter pulls the old ""there's only one room in the hotel, you'll have to share a room with a pretty girl"" stunt. Come on, at least you could let them develop their relationship a bit first. Watch ""It Happened One Night"" to see how to do it right--or any of a thousand movies since then.<br /><br />The acting is consistently third-rate, and the improvised dialogue should have been left on the cutting-room floor. It meanders with no plan at all, despite the fact that the film telegraphs the relationship's destination from the moment Greta is introduced.<br /><br />The first song, in the boardroom, is mildly funny but badly sung. The rest of the songs (well, to be fair, I only heard those in the first half-hour) are just pointless and awful. Most of the singers are painfully out of tune, but not in any intentionally humorous sort of way.",negative
"This is superb - the acting wonderful, sets, clothes, music - but most of all the story itself.<br /><br />I am amazed there aren't more reviews of this movie - certainly one of the best of the 1980s.<br /><br />It's also a wonderful movie to see in tandem with the great ""Random Harvest"" which has much the same opening crisis <br /><br />-- a middle aged, unknown English W.W.I officer is in a hospital toward the close of the war, suffering from shell shock and complete amnesia without any idea of his name, origin, or anywhere he belongs - he proves to be a very wealthy established man - when he ""recovers"", he will not remember the years before the war -- <br /><br />But there the movies' resemblances end.<br /><br />My warmest thanks to all who participated in the movie - particularly the actors Ian Holm, Alan Bates, Ann Margret (what a great and surprising casting choice), Glenda Jackson, Julie Christie.<br /><br />This one stays with you forever.",positive
"This movie is about Tyrannus, a gladiator who is brought back from the dead to summon Tyrannus, a gladiator who must be brought back from the dead. Tyrannus, we learn after about an hour, is also called Demonicus. This adds much needed depth to the screenplay and calls into question our assumptions about identity, psychology and ourselves. <br /><br />The spirit of Tyrannus accomplishes his little to-do list (killing some people and saying repetitive phrases in Latin) by possessing the body of a college guy. He uses a magic mind-control helmet to do this, which the college boy willingly puts on his head, and then at several points in the movie, takes off and puts back on.<br /><br />Maria performs oral sex on a poor man's Sean Willian Scott, and Tyrannus wears the Rollerball glove. Tyrannus has his own green backlighting for no reason, and has apparently been sitting next to CG fire in an ancient concrete tunnel for centuries like this. Utter misfortune.<br /><br />This movie is empty and will hurt you. See it.",negative
"Netflix should mention this short feature on the info for Silk Stockings. Superior in every way to that over-produced fluff. This had much better Cole Porter songs and lots more energy. Silk Stockings turned out to be a big disappointment. Fred was getting too old for this sort of thing, though the dances and Cyd are lovely. I will be on the watch for the Garbo--Melvyn Douglas version of Ninotchka. Was Peter Lorre ill during the making of Silk Stockings--he seems to be very passive in the more active numbers and with less lines? Very glad that I ran across Paree--Paree by pure accident. Made the whole experience a lot more enjoyable. Bob Hope, as a simple ""song and dance man' is pure joy.",positive
"Sitting in a big wing chair with a huge book in his lap, the one and only Bela Lugosi looks into the camera and, in a dreadful vocal delivery that sounds as if he were mocking a reading of Shakespeare, intones sloooow-ly: ""Man's constant groping of things unknown, drawing from the endless reaches of time, brings to light many startling things; (snicker); startling?, because they seem new (Lugosi's eyes now bulging, with raised eyebrows, and mouth sneering, he continues) but most are not new, the signs of the ages"" (cue a visual of lightening, accompanied by the sound of thunder which then continues to rumble for an astonishing 86 seconds).<br /><br />And so begins what is arguably the worst film ever made. This ""movie"" almost defies description. Told in semi-docudrama style with an unseen narrator explaining the plot ... such as it is ... the story revolves around the vicissitudes of a man named Glen (Ed Wood, Jr.) who cross-dresses; hence the reference to Glenda. The film has no real structure. Instead, it consists mostly of a random assortment of vignettes that may ... or may not ... relate to Glen or to the cross-dressing motif. One long sequence consists of some unknown woman wriggling on a sofa, followed by a man whipping a woman in what we would today refer to as S&M.<br /><br />Then, at odd moments Bela reappears, for no apparent reason, and babbles more inane dialogue, like: ""When he's wrong because he does right, and when he's right because he does wrong; pull the string, dance to that."" Huh?<br /><br />About twenty percent of the film's visuals consist of stock footage, accompanied by a VO that relates to the story motif but not the visuals. Hence, we see stock footage of: bustling city streets, freeway traffic, a thunderous herd of buffalo, and a playground full of kids. But it gets worse. In a film about cross-dressing, we have 58 consecutive seconds of stock footage of a foundry furnace making hot steel, and 84 consecutive seconds of battle scenes from WWII.<br /><br />Even the simplest items are botched. In one scene we see a newspaper headline that reads ""Man Nabbed Dressed as Girl"". Underneath the headline, which has clearly been glued or pasted on, the article is about ... taxes. In one of my favorite scenes, an off-screen woman spouts out: ""airplanes, why it's against the creator's will"", in a voice that sounds like she's just inhaled helium.<br /><br />Except for the performance of Lyle Talbot, the acting is uniformly horrendous. Production design is cheap looking and drab; (but you gotta love that tacky wallpaper). The editing is sloppy. Most of the background music is suitable only for 1950 style elevators. The B&W cinematography has way too much contrast. And the costumes look like something that came from a thrift store.<br /><br />This film is so bad it makes ""Plan 9 From Outer Space"" look like ""Citizen Kane"", by comparison. I just don't know how one could make a film any worse than Ed Wood's ""Glen Or Glenda"". But thankfully, it's got Bela Lugosi in it. Every time he opened his mouth, and gazed into the camera with those big, bulging eyes, I about fell on the floor laughing.",negative
"I agree with what so many others have said about the shallow and offensive nature of this film's examination of racism. It is baffling to me that so many people seem to have been fooled by its pretentiousness. I want to comment on the Matt Dillon character as an example of what's most infuriating about this movie. Here we have a man who -- contrasted with the film's underlying message that ""we're all a LITTLE racist"" -- effectively rapes a woman in public, cruelly humiliating her husband and deliberately goading him to make a move that, as he well knows, will lead to his arrest or even death. He does all this after pulling the couple over without any legal cause but because, as we come to understand, they are black and wealthy and he is a hurt little boy who is now the police and can therefore do as he pleases. This behavior is not a LITTLE racist. This behavior is evil. It is disturbing to me that this extreme of racism is held up next to another character's behavior -- spouting her paranoid stereotypes about gang violence -- to illustrate that everybody's a LITTLE racist. Later, we're spoon-fed some tripe about Dillon's poor old dad and how black folks drove him into the poor house. Is this supposed to explain, or worse, excuse this behavior? And is Dillon's character meant to redeem himself by committing the utterly unmotivated and unbelievable, laughably coincidental act of saving the woman he sexually assaulted the very night before? Please. The fact that so many people seem to feel some kind of self-congratulatory admiration for this film makes me feel sad about the shallowness of our understanding of racism, and our apparent lack of commitment to condemning and ending it.",negative
"Men, do I love police movies filled with action, shooting, chases etcetera.<br /><br />Boy, was I let down after watching this short and unsatisfying movie. We've seen it all before, the hostages, the bank, the surrounding... Yet, 2 bad guys that shoot down multiple officers and innocent people who simply stay in the line of fire - without getting hit due to some Kevlar.<br /><br />Not just a few shots, no, hundreds of shots. Going back into the bank, where the dumb hostages didn't lock the safe or doors when the bad guys went out. How stupid did the director think we'd be.<br /><br />Okay, the shots in between that fake a documentary were good, but after seeing the film I only got the thought: why didn't the police get a decent shooting course? And why where there so many cops and was SWAT on a real long break. Truly bad.",negative
"I'm not sure what the point of making this film was. It looked as if it was made by some historical society to be shown in your local 'Pistol Pete' museum. At first it appears that it could be the beginning of a Mad TV or SNL sketch. But then the joke is on you when there is no punchline and you realize that someone was taking this seriously. The story wasn't bad but the inclusion of the SASS members seemed to be a ploy (that worked) to get me to see the film. I swear, the trailer listed every character in the film down to ""dead cowboy #5"". The reason Westerns are so fun is the atmosphere and the characters it brings. I just had the feeling I was watching Civil War rean-actors dressed up as cowboys. Not even worth the digital video it was recorded on.",negative
"I have no read the novel on which ""The Kite Runner"" is based. My wife and daughter, who did, thought the movie fell a long way short of the book, and I'm prepared to take their word for it. But, on its own, the movie is good -- not great but good. How accurately does it portray the havoc created by the Soviet invasion of Afghanistan? How convincingly does it show the intolerant Taliban regime that followed? I'd rate it C+ on the first and B+ on the second. The human story, the Afghan-American who returned to the country to rescue the son of his childhood playmate, is well done but it is on this count particularly that I'm told the book was far more convincing than the movie. The most exciting part of the film, however -- the kite contests in Kabul and, later, a mini-contest in California -- cannot have been equaled by the book. I'd wager money on that.",positive
"""Showtime"" falls somewhere north of what some critics have been saying, and a little south of what I expected months ago when I first heard about Eddie Murphy and Robert Di Niro teaming up for a comedy. Overall, it was pretty good! As ""real life"" crime or cops go-- and plot, for that matter-- it is pretty illogical, but DUH--- this is a comedy. Also, while the special effects, chases, aerial shots, and skyscrapers blowing up were present but lower key than a Schwartzenegger movie, I found it a bit tiresome and overdone. 9/11 sensibilities aside, for myself, all that pyro-techno hyper-effect stuff had been getting really old these past few years. It seemed a lame substitute for characterization, story, and engaging emotions. I hope the lesser quantity of it in ""Showtime"" is an indicator of a trend in Hollywood. A trend downwards, of less use of the silly, less use of the exploding building.<br /><br />Di Niro and Murphy are two of my favorites. Their screen presence and charisma-- and even their character depth-- have been ""a joy to behold"" for many years. That can't be dismissed here--- they are engaging actors, and entertaining and appealing in this movie. I can't put my finger on it, but perhaps the explosions, the excessive FX, and all of that diminished the final product??? Perhaps, or perhaps it was something else, or a combination of factors that gives one the sense that the movie didn't achieve its highest potential. Whatever it was, ""Showtime"" was entertaining-- I probably will buy the DVD when it comes out-- but I had the vibe that it nonetheless wasn't all it could have been. At least not all I had hoped for.<br /><br />Very good movie, but not a great movie. I gave it an 8 out of 10.",positive
"""Cat In The Brain"" is a series of extremely violent sequences knitted together by a plot that feels more like an overview, describing director Lucio Fulci's most notorious years of film-making. The movie could also be seen as a dark comedy of sorts, effectively spoofing the various claims that violent cinema causes violence in real life. Fulci goes further than that, he casts himself as the star, the central figure of the film thus showing the audience who is the man behind all the cinematic gore. ""Cat in The Brain"" is not about presenting a clear story and following it. Instead it pokes fun at some of the clichés that have been surrounding the horror genre for years.<br /><br />Lucio Fulci plays himself as a horror director struggling to keep his humanity intact. Years of violent film making have finally began to reach him. It starts slowly, steaks and meat in general begin to disgust him, his colleagues assure Fulci that all he needs is some rest. But that doesn't help and soon the grotesque ideas for his movies begin to overwhelm his daily thoughts. In an attempt to find a cure for his dangerously maddening mental state Lucio starts going to the local psychiatrist. Unfortunately that does more wrong than good and Fulci is thrown into an even bigger mess, as the psychiatrist turns out to be a psychopath, who mimics the murders from Fulci's films in real life.<br /><br />The film retains all the trademarks of Italian splatter cinema, good or bad they are all here. So any comments about the acting or the technical aspects and budget constrains are quite irrelevant as to the quality of the film. It is a visual experience, no doubts about it. Fulci throws in an incredible amount of violence easily surpassing pretty much everything he's made. Amputated by chainsaw limbs, cannibalism, child murder, decapitation, these are just some of the many grotesque acts witnessed in ""Cat In The Brain"". Some of them are obviously recycled from a few the director's less profile movies but they don't stand out of the context, and actually feel quite at home here. As I noted before the movie exists much better as a satire of the genre rather than a serious piece. The way some of the violence is presented does help establish that idea. Such sequences shortly after climax are rejected by the reality in the film, as they are revealed to be actually scenes inside a movie that Fulci's character is directing. This sort of ""film in film"" presentation lessens somewhat the impact of the gore. But in no way does it make it an easy to watch film. Oh no this is far beyond and above the levels of gore found in mainstream horror, and gorehounds will in no doubt be satisfied with that fact.<br /><br />Lucio Fulci was a very polarized figure. People either hate his work or love it. ""Cat in the Brain"" won't convince any of Fulci's detractors in the opposite but it is nevertheless an interesting part of his filmography. One that fans should really check out.",positive
"The only redeeming feature of this movie is Steve Carell. Like John Wayne, I've never seen Steve Carell stretch too far as an actor, but it doesn't matter. He always plays his one role perfectly.<br /><br />As Marty Feldman once said, comedy must have internal consistency. You can have 4 men on stage sitting in garbage cans, and that's fine, but if you bring a fifth man on stage who isn't in a garbage can, you must then explain to the audience why he is not also in a garbage can.<br /><br />Why doesn't Evan accept his role as a messenger of God? Why, when he does accept it, is he so profoundly embarrassed by it? Why isn't anyone more impressed with the way that animals follow Evan around (they are explained away by the unthinking doubters as ""trained animals"" possibly from a circus). There's a terrible flood at the end, and most everyone we see hops on the ark and is saved, but surely thousands of people would have been killed by the flood; there is no post-disaster emotional atmosphere at the end. Instead, most of congress has finally seen the light and is about to prosecute the lone incorrigibly bad congressman for ""profiteering"".<br /><br />I gotta admit: I also liked the fish in the aquarium reacting to the presence of Evan.",negative
"I have a friend that works at blockbuster, and he gets 5 free movie rentals a week, so one day as we were scouring the aisles for something interesting, i stumbled across 18 Weapons of Kung Fu, and judging by the box alone, this movie seemed pretty wack, but nonetheless we gave into temptation and rented it -- afterall, it was free.....and thank god it was....this is by far THE WORST movie i have ever seen....the budget must have been a pickle and a piece of string...the plot was ridiculous, the only mention of the ""18 weapons"" is that there is some book that teaches the ways of the 18 weapons that some bad guy is after -- and thats it! there isnt even any weapon fighting in this movie...that and the action sequences are just flat-out BAD....9 times out of 10 the other guy's punches and kicks come about a foot away from landing on the other guy's, and there are MANY times when the the movie will skip frames (a result of ridiculously poor editing)....the dubbing is as well laughable, and it is hardly even understandable....and we wont even get into the acting...the ending will definitely leave you saying ""wtf??"", however to be fair i must mention that the fighting techniques used by the actors were somewhat decent, and the old guy is a mad chump....but thats about it...thankfully i didnt have to pay for this movie, but i guess at least now i know exactly how bad a movie can actually be....",negative
"This movie should be called ""plan 9 from joseph smith."" i think its weirdness is underappreciated. the playwright seems to have read paul ehrlich's ""the population bomb (1968),"" and crafted a musical response made especially for mormons. the whole point of the play is that having as many children as you can is part of ""heavenly father's"" (god's) plan. and anything that stands in the way of having more babies is very bad. get it?<br /><br />This version was filmed in 1989, which is confusing. it's utah, so it looks and feels like 1983, the play was actually written in 1973, and of course, the theology is part 1840's, part battlestar galactica. some of the action takes place on earth and some in the ""pre-existence, an aimless romper-room where annoying kids wait to get their bodies so they can come down try not to slam the door on the missionaries, losing their shot at celestial glory.<br /><br />it is as stagey as they come, but don't let the poor theatrics spoil your appreciation for this demented mormon universe where the 'cool kids' are all into population control, (presumably) counseling their parents not to have any more children!! having big families was, at the time the play was written, the cultural norm in the lds community, and more importantly, considered part of God's plan. the church has since done a 180, and have made family planning a choice of the parents, and large families are much less the cultural norm now. making the entire doctrinal premise of the movie for a modern-day mormon moot!<br /><br />ahhh but it's really only as good as the music. there are some catchy tunes here that just won't let this movie die the 1970's death it was pre-destined for. the brother and sister sing some love songs to each other that make you wonder if maybe something else was going on there --wink. and the tough, cool kids make new kids on the block look like metallica. so cheers to all that! gather the family around, make some jell-o shooters and enjoy the show!<br /><br />",negative
"One of my favorite movies. Great cast, lead by Jonathan Silverman and Blythe Danner. Serious drama situations with brilliant comedic punches. An exact mixture of character and story. Real people with real problems, and everyone has a different relationship with each family member. Sensitively moves from slightly-sad to hilariously-funny. Read the quotes. This is the best adaptation of a Neil Simon play.<br /><br />If you wanna see more of Eugene check Biloxi Blues (starring Matthew Broderick who played in both stage versions) is OK, a bit on a darker side. Get away from the made-for-TV Broadway Bound.",positive
"Bela Lugosi is a real enigma. In the early 1930s, he was on top of the world after appearing in Dracula. Yet, again and again, he made lousy decisions regarding his career. Perhaps he had a bad agent, perhaps his drinking and drug use had a part in it or maybe he was just crazy. Regardless, he ruined his reputation by appearing in pretty much any film--ranging from excellent horror films (such as THE RAVEN) to big-budget flicks (like NINOTCHKA) to grade-Z flicks for the cheapest and shoddiest of studios. Interestingly enough, although he agreed to do this terrible film, he actually turned down the role that later went to Boris Karloff in FRANKENSTEIN! As for this movie, it is a very silly an horridly produced WWII propaganda film that featured a dumb plot and wretched editing. Lugosi spends much of the movie murdering saboteurs--not a bad thing at all. But at the end, we find out that he is himself a Nazi plastic surgeon and all the American-looking men he killed were actually Japanese!!!! The funniest part of this is during a flashback. You see Lugosi talking to a group of Japanese men before he changes them to American-like men. When the camera scans them, the men are clearly Asian. But, on all the other non-close-up shots, they are all VERY Western looking--many with bald heads!! They looked absolutely NOTHING like Japanese men. I suspect the plot must have undergone a re-write and this might account for the obvious mistake. Or, it could just be shoddy production values and editing. In fact, early in the film, they show a street scene in the city and all the cars (circa 1942) are old Model T Fords--obviously from stock footage!!! The bottom line is that the film is bad but also very dull. Unlike PLAN 9 FROM OUTER SPACE, it's hard to laugh at the ineptitude--just be put to sleep by it.",negative
"Intended as light entertainment, this film is indeed successful as such during its first half, but then succumbs to a rapidly foundering script that drops it down. Harry (Judd Nelson), a ""reformed"" burglar, and Daphne (Gina Gershon), an aspiring actress, are employed as live window mannequins at a department store where one evening they are late in leaving and are locked within, whereupon they witness, from their less than protective glass observation point, an apparent homicide occurring on the street. The ostensible murderer, Miles Raymond (Nick Mancuso), a local sculptor, returns the following day to observe the mannequins since he realizes that they are the only possible witnesses to the prior night's violent event and, when one of the posing pair ""flinches"", the fun begins. Daphne and Harry report their observations at a local police station, but when the detective taking a crime report remembers Harry's criminal background, he becomes cynical. There are a great many ways in which a film can become hackneyed, and this one manages to utilize most of them, including an obligatory slow motion bedroom scene of passion. A low budget affair shot in Vancouver, even police procedural aspects are displayed by rote. The always capable Gershon tries to make something of her role, but Mancuso is incredibly histrionic, bizarrely so, as he attacks his lines with an obvious loose rein. Although the film sags into nonsense, cinematographer Glen MacPherson prefers to not follow suit, as he sets up with camera and lighting some splendidly realised compositions that a viewer may focus upon while ignoring plot holes and witless dialogue. A well-crafted score, appropriately based upon the action, is contributed by Hal Beckett. The mentioned dialogue is initially somewhat fresh and delivered well in a bantering manner by Nelson and Gershon, but in a subsequent context of flawed continuity and logic, predictability takes over. The direction reflects a lack of original ideas or point of view, and post-production flaws set the work back farther than should be expected for a basic thriller.",negative
"The quality you're likely to remember after viewing The Big Knife is how claustrophobic it is. It's pacing is sacrificed to a uniform texture of dialog. It's talky in the extreme. Modern viewers will feel every point has been made (and then some) but the movie will still not move on, or do the viewer a favor and change the scenery. It's very inert. At the 45 min mark I was sure I had watched two very slow hours. My beleaguered response was, ""Good God, where is this going?"" It feels like Odets was paid by the word...<br /><br />This is a good place to note the decline of drama from it's high point in the 40s through the conceit-laden projects of the 50s and 60s until actual filmic merit was rediscovered in the 70s, only to vanish again. Here we get show-offy, conventional, emotional outbursts from Steiger, Lupino et al. and camera moves pre-arranged to meet over-practiced blocking. This is due to the rise of the Method; the regrettable trend of sacrificing every other merit of film, to grant actors their most selfish wishes. ""Great acting,"" ho-hum, has killed thought in movies.<br /><br />Jack Palance's forehead & pompadour retract and thrust forward every time he reacts to something. It's disturbing.<br /><br />This is awfully boring stuff.",negative
"Did we all see the same movie??? I can't believe the raves some of the others are giving this really awful bio which, believe or not, was authorized by Shirley Temple herself, based on her book CHILD STAR. Gives me the feeling that some are awfully easy to please.<br /><br />First of all, ASHLEY ROSE ORR, whatever her modest talents are, in no way, shape or form even resembles Shirley Temple enough to be cast as her in this sort of straightforward biography of the world's most famous child star. She gives no indication of why or how this child was so revered except for trying her hardest to do a Shirley impersonation which never clicks on any level. None whatsoever.<br /><br />And that is the major handicap of the whole piece. But as if that isn't bad enough, any drama inherent in Shirley's story of her climb to almost overnight stardom has been completely white-washed with insipid writing peppered with occasional song and dance moments that don't even approximate what Shirley did (as for example, ""The Codfish Ball"" with Buddy Ebsen which was probably the high point of Shirley's choreographed dance routines).<br /><br />Simply putting a girl in a polka dot dress doesn't make her Shirley Temple. None of Shirley's own brand of charm, warmth and appeal is even remotely suggested. All we see on display is a pale imitation of the original proving, once and for all, that there was only one Shirley Temple.<br /><br />It's worthless to write anything further about this mess. None of the others are more than ordinary in lifeless roles. My advice for Shirley's fans is to read her book--or better still--watch her movies.<br /><br />This is the pits.",negative
"After seeing The Aristocats: Special Edition in a two pack with The Fox in the Hound, I decided to buy it since both of these films were childhood favourites.<br /><br />The Aristocats is a classic, definitely. It might not be a five-star classic, but it is a fun film and makes a good evening's entertainment. It is somewhat a light refreshment from the darker, more serious Disney classics. The Aristocats tries to be a light-hearted musical comedy, and I think it just about succeeds.<br /><br />The storyline doesn't really make much sense and I don't think the plot is particularly strong, but it is certainly not weak. The animation and backgrounds are a bit scratchy in places, typical of Disney's 70s films, but it does have a rustic, old fashioned charm about it.<br /><br />The Aristocats strongest points are the characters, the music and the humour. The music is very memorable - try getting 'Everybody Wants To Be A Cat' out your head in a hurry! The songs are written by the Sherman Brothers, who also did the music for The Jungle Book. There was one song called 'She Never Felt Alone' that was going to be in the film, but sadly didn't make it into the final feature. It is a shame, because I think it would have fit in very well.<br /><br />The characters are unforgettable. Thomas O'Malley is voiced by Phil Harris, and is basically Baloo in a feline form. Eva Gabor gives Duchess this warm and maternal feel and the kitten's voices actually sound like children, and not an actor imitating the voice of a child. The secondary characters are here by the dozen and yet you still end up understanding their personalities. Edgar, the 'villainous' butler plays a similar role to Cruella De Vil, but he's more comical than scary, often ending up in funny situations. Even though he's the bad guy, he's still lovable all the same.<br /><br />The two British geese - Abigail and Amelia really had me cracking up, along with their crazy (and drunk) uncle. I also like the dogs, who tend to argue over who is 'the leader.' I could go on, but I won't spoil it. But I can tell you, The Aristocats is funny and will entertain everyone without having to resort to rudimentary toilet humour.<br /><br />The bottom line - The Aristocats might not be Disney's crowning achievement, or even their strongest film from the 70s (that award is a tie between The Rescuers and The Many Adventures of Whinnie the Pooh). But it is an enjoyable romp and is sure to entertain. If you are looking for a dazzling work of art, you might be better off watching Bambi. But if you want a fun night in, The Aristocats is the way to go. It is a charming and lovable film and it's impossible to dislike. Enjoy! (And besides, it's good to have a film where cats aren't seen as the villains).",positive
"A cheesy ""B"" crime thriller of the early '50, the story is droll, the characters wooden, Allison Hayes and Abbe Lane are the only two sexpots that make it an eye-catcher, but one short shot, only a few frames long, shows an ""el"" train crossing the river on the State Street bridge, of the 6000 series Pullman-built cars painted in their original 1950 paint scheme, as they were delivered when new in 1950. For traction fans like me, that one short take makes the picture worthwhile. I think films like this one, Ulmer's DETOUR, D.O.A. with Edmund O'Brien,THE FUGITIVE with Harrison Ford, and others of the film noir genre, (big city crime dramas) make it interesting if for nothing other than the fact that I know Chicago and San Francisco intimately and recognize most of the street locations. Other wise it's a really droll boring film!",negative
"So we saw this on DVD at our apartment here in Paris. We're all here on an exchange program. We all laughed so hard cuz so much of what was going on in the movie happened to us! I mean yeah sure some of it was pretty clichéd but still true, know what I'm saying.<br /><br />I think I related more to the quiet guy (the Italian) than Xavier because I'm more of the observer in our group. Anyway, I wish I had a hot roommate like Cecile de France. She seems like a cool chick in the movie and for real, after I saw her hosting the Cannes Festival last month.<br /><br />Now I'm thinking I wanna go to Barcelona next summer after seeing this movie. I gotta check out the sequel too which just came out here in France.",positive
"WARNING:I advise anyone who has not seen the film yet to not read this comment.<br /><br />When I first started to watch this movie my expectations were it was a vampire movie, that is going to be awesome considering how Rodriguez and Tarantino both helped make the film. I began about 15 minutes into it and already my hopes for this movie were down the drain, which shocked me. First, the story it was going with was not at all appealing in anyway possible, and just flat out boring and uncompelling to the point where I just wanted to turn it off. I was getting more frustrated with this movie as it dragged on, but I guess I had hopes that it would get better.... then when it finally showed vampires it BLEW MY MIND, in a VERY bad way. I thought,""Okay this movie started with some backwash horrible story about these two criminals, then VERY slowly turned into some vampire movie which I thought it was going to be from the beginning, in like, the last 30 minutes?"" To add on to that, they try to make the main characters all cool and awesome and mean around the end when they're just not; A bunny would've been more intimidating than these characters! This movie is a horrible piece of crap!!! From Dusk Till dawn disgraced me and left a terrible taste in my mouth, disheartening thoughts in my head, and left my body unable to move from the horrible shock that I just wasted 108 minutes of my life away on a horrendous film. I do not understand how George Clooney, Quentin Tarintino, Cheech Marin and Danny Trejo, all being the good and honorable actors that they are, could take part in this useless filth. In my opinion, From Dusk Till Dawn is one of the worst movies ever made that I have suffered my eyes on. Do not see it, you'll be doing yourelf a GREAT favor...",negative
"While I was watching this movie I never thought I'd be defending it. It's honest enough from the begininning about not having much of a plot. There's no real characters to latch onto except the killer. Some of the acting can be better, but most of it is capable.<br /><br />I know, a three out of ten isn't stellar, but there are reviews saying it was shot poorly and completely useless, etc. I think it set out to do what it's supposed to fairly well. The lighting is minimal at times, more natural than most audiences are used to, but it's supposed top look like a camcorder snuff film. In fact, at times the quality is probably still too high to be true to that, but nobody would make it through tne minutes of camera work that's truly that bad.<br /><br />It's not particularly scary, but it is disturbing at times. There are one or two characters who don't come across as believable at all and the soundtrack does get tiring at times, but overall it was put together cleaner than a lot of camcorder movies.",negative
"This show was so exhausting to watch and there's only two numbers Drowned World (Substitute For Love) and Paradise (Not For Me) were you can sit down and just contemplate it all. The opening of this show will go down in history as the most visually thrilling, as Madonna enters the stage via a gigantic Swarovski crystal ball that comes down from the ceiling and the huge screens from behind it show images of horses galloping. Horses play a role in this show due to Madonna falling off one. The infamous scene of Madonna on the crucifix is in this show as a huge screen counts to 12 million, the number of how many African children are orphaned due to Aids. At the end a website address comes up for anyone interested in donating. We then go into the theme of the environment and again images of politics and religion are shown. There's an interlude and then the show starts again to the music of I Love New York and Ray of Light this part of the show is one of my favorites with the dancers doing there funny hand movements. Towards the end there's the Music number with the song Disco Inferno mixed in with the song and the dancers make more of there presence known. The ending again is full of energy as the show wraps up to the tunes of Lucky Star and Hung Up and hundreds of golden balloons fall from the ceiling at the end the message ""Have you confessed?"" comes up. The DVD is worth buying and when it came out the soundtrack for the show was added as a bonus. Jonas Akerlund did a great job with the footage for this show keeping it consistent with the style of the tour.",positive
"<br /><br />This film is a summary of Visconti's obssessions: the decadence of nobility, death, aesthetic search, homosexuality...All mingled with melancholic mastery. Slow-paced just to make you abler to contemplate all its beauty (which is in the music and the images as well as in the story)this is the type of film we are not allowed to enjoy anymore, brave, deeply personal and intelligent. The genuine fruit of a genius like Visconti.",positive
"Though derivative, ""Labyrinth"" still stands as the highlight of the mid-half of the six-year-old show. Finally a story allows Welling to show how he has grown as an actor. It's not easy playing a character that is the embodiment of ""truth, justice, and the American way"" on a weekly basis with very little variation. His performance, permitting him to show how one might react if he/she discovers that all that he knew may be a lie, was quite believable.<br /><br />Welling rose to the occasion marvelously.<br /><br />As always, Michael Rosenbaum, as the ""handicapped"" Lex, delivered, as did Kristen Kreuk as a too-sweet-to-be-believed Lana. Allison Mack, the ever-present Chloe, also scored as a slightly ""off-her-rocker"" version.<br /><br />The use of an annoying hum in the background added to the tone of the installment and made for an engaging drama.",positive
"I really don't understand who this movie is aimed at. From just the absurdity of it, not to mention the ridiculously bad acting, cheesy dialogue, and the fact that the villain is a child, I'd assume this was meant to be a children's movie... but I think there may be more swear words than Pulp Fiction, not to mention constant references to drugs and general mayhem and killing-so which demographic is it trying to please? This movie is too schizophrenic, like trying to combine Country music with Heavy metal, in the end no one is going to like it because it's a bloody paradox. I would recommend this movie because it's so funny (in a bad way) except the actors are so patently unbearable that I wouldn't want to suggest otherwise.<br /><br />I'm completely serious when I say that I could not watch more than 15 minutes of this. Terrrrrrrrrrrrrrrriiiiiiiiiiiible",negative
"I normally am a glutton for poor movies, but this thing stunk.<br /><br />Do not watch this movie.<br /><br />Terrible effects and very little humour, what the hell was the point of making this movie? No gore to speak of and no acting to speak of.<br /><br />I could only manage 45 minutes of this rat dropping of a movie, and that is rare for me.<br /><br />Something positive to say about this drivel? cover art was OK, I am pretty sure the movie has a ending too, even tho I did not make it to it.<br /><br />The rats were unorganized and blew their lines constantly,they lacked intensity and seemed just to be going through the paces for their paycheque. The actors were worse.",negative
"I like end-of-days movies. I like B-movies. I was hoping I would like this movie.<br /><br />I could ignore the poor effects, the often atrocious music, the cringe-inducing lines. I could ignore the unexplained events, and the fact that the movie constantly relies on deus ex machina is excusable, given the subject matter. I could ignore the fact that the people who fight hunger and try to reach world peace are the bad guys. None of these things kill the movie. What kills this movie is that it's just plain and simple boring. Nothing actually happens; almost all scenes in the movie are designed to push the movie creators' morals on the viewers, at the cost of actually having a coherent story, or any kind of suspense.<br /><br />If you're looking for an entertaining B-movie, look elsewhere. This movie is just boring.",negative
"What a mess--and I'm not referring to the ""destruction"" in the title. I could go on about the hackneyed plot, the lousy effects, the (actually notable) cast grimacing as they deliver the worst lines of their careers, etc. I'll just say there weren't any palm trees in Chicago the last time I checked, and leave it at that.<br /><br />Hmmm...need ten lines to get this posted on IMDb.. OK, well, I think a DVD release with outtakes could be interesting. Maybe Dennehy will reveal what favor got called in for him to appear in this thing. Maybe Dianne Weist will show us the bag of money it must have taken to get her involved. Maybe CBS execs will apologize...",negative
"Three horror stories based on members of a transgressive Hindu cult that return home but changed in some way. In the first story our former cult member is now in an insane asylum and is visited by a reported who wants to find out about what went on at the cult. Somewhat slow going as story is told in flashbacks while the two sit on chairs and face each other. Reporter is particularly interested in what lead to the death of the participants. What seemed rather boring suddenly turns very exciting with a surprising twist in the story. Things get quite bloody.<br /><br />Second story has a violent young criminal visiting a psychiatrist for mandatory therapy. The patient seems to have some type of agenda but the psychiatrist is up to the task. Again, things slow down a bit and get weird. Then there's a strange twist in the story that is very well written and surprising.<br /><br />Final story deals with spiritual healer who claims to be able to remove the persons illness from them with his hands. One of the patients is a former cult member, so the successful healing gets more complicated. Again, we are surprised by a twist. Has a pretty gory scene in there.<br /><br />There some nice female full frontal nudity as well as male full frontal nudity for some reason. I found the stories to be very well written and the director succeeds entirely in setting up each story with its surprising twist and the gory aftermath.<br /><br />Note: review of the German DVD.",positive
"Ya know, I have no idea how everybody else's teenage life was, but this does not reflect the folks I knew and hung around with let alone, myself. And just in case if you're wondering..NO..we weren't pristine/clean cut/Pat Boone type teens. (If there was ever such a thing!!!!)<br /><br />Look, I'm NOT saying being a teenager is easy. The better, well actually the BEST teen movie of this time is ""Fast Times at Ridgemont High"". Now those kids I knew and were as realistic as it got back then (and maybe now).<br /><br />This was crap. This was a low rent version of Fast Times and even then it didn't do much for me. It had a few moments, but not enough for me to recommend this, or even claim ""this is how it was for teens back in 1982"". I couldn't relate. The lead girl (girls) did nothing for me and please if they really wanted to keep their virginity, they would have, in which case, this film would not have been made. Pure crap and a bad staple to be left behind as a time-capsule cinema for teens/young adults in the early '80's.",negative
"""A Minute to Pray, A Second to Die"" is a quality spaghetti western with a solid cast and an interesting storyline. It is filmed beautifully, with a relatively high production value for a film in this genre.<br /><br />Alex Cord does a terrific job portraying Clay McCord, an outlaw who is suffering from increasingly debilitating seizures. He is seeking amnesty before his enemies close in on him, but is being too cocky for his own good when he asks for it. Robert Ryan delivers the best performance in the film as the governor of New Mexico. Mario Brega and Arthur Kennedy are also great here.<br /><br />This movie is very good, but it doesn't stand out to me as being one of the best spaghetti westerns out there. It's lacking too much in style to be in the same league as any of the great ones. It does have some cool spaghetti overtones, but overall it's a bit too much like an American western. This is especially evident in the music score, which is OK as movies go in general, but pretty dull by euro-western standards. The soundtrack kind of reminds me of the music from ""The Unforgiven."" Although there is an interesting story here, it is told in a manner which is a bit too conventional for my tastes. If a spaghetti western fan and a Hollywood western fan had to watch a movie together, this one would be the perfect compromise.<br /><br />All of this is not to say that anyone should avoid this film. I did enjoy watching it very much. As I said, it is a very well-done film and I recommend it to anyone who likes westerns, spaghetti or otherwise.",positive
"Oh how awfully this movie is! I don't know if it is a horror film or a drama, cause the story and the both genres are not established very well! The story is not moving, it is slow, boring, and sleepy from the beginning to end. This movie really bores me! But I really liked the camera work, it is authentic, fresh and clear, the acting is great too, the little boy was the great performer in this movie, but it hasn't made me to jump from my seat. But this movie makes me grab a pillow, lay on the bed and sleep until the credits roll...<br /><br />Boring! Not worth watching! I tell you, this movie sucked!<br /><br />1/10",negative
The main reason to check this one out is to watch Laura Gemser in all her glory.<br /><br />That's reason enough for me.<br /><br />She heads to Africa as guests of another rich guy that seems to be all over these films. Huge mansion near the jungle. Hunters staying around for parties when they aren't out hunting zebras. And said parties becoming drunken orgies.<br /><br />All the high society types in the Emanuelle films seem to have out of control fetishes. And Emanuelle beds most of them.<br /><br />Joe D'Amato did NOT direct this one. He just ripped it off and used the same cast(s). And did anyone notice the 'subliminal' sexual images at the gas station? And why did most of the men stay dressed during the sex scenes? <br /><br />Coherence? Hardly any. BUT GODDESS GEMSER IS BEAUTIFUL.,positive
"This should have been a movie about Sam and his wife, the glorious Peter Falk and equally glorious Olympia Dukakis. That would have been a movie worth seeing. Instead it's a Paul Reiser vehicle, with a little Falk thrown in. The wonderful Elizabeth Perkins is also in this movie, but you'd hardly know it. I presume Reiser is under the impression that he's a giant movie star who needs an appropriate vehicle. He's not. Even more galling is that Reiser took the trouble to hire some of the best women character actresses on the screen today and then shoved them all into his background. Dukakis does not show up until the last 15 minutes, but when she does, the screen glows. The story is about Falk and Dukakis really, but we're subjected to a pointless, silly, preposterous road trip in which Reiser gets to show how very cute, precious and oh-so-deep with psychological insight (wrong!) he can be. For instance, In a restaurant scene that I imagine Reiser had hoped was ""Cassavetes-like"" there's a laughably false confrontation between Reiser and Falk that is so patently ridiculous, I was embarrassed for Falk.",negative
"Just got around to seeing Monster Man yesterday. It had been a long wait and after lots of anticipation and build up, I'm glad to say that it came through and met my expectations on every level. True, you really can't expect too much from hearing the plot rundown, but after reading some of the reviews for it, I was ecstatic. I mean, what trash fan wouldn't want to see a gore flick about a deranged inbred hick mowing people down with his make-shift monster truck? I went in expecting a cross between Road Trip and The Hills Have Eyes and got so much more. This was a horror comedy that actually worked. The film makers got it right when it came to making you squirm and making you howl with laughter at the same time. Kudos to Michael Davis for going all out with the gore and pushing the envelope with the sickass humor. Let me list just a few reasons why I love this movie so much: First off is the story. It's been done to death in so many other flicks. A college guy gets wind that his childhood crush is getting married. He, being the 25 year old virgin that he is, hops in his Vista Cruiser and decides to take the road trip to confess his love, hoping that she will fall head over hills and all that good jive. Hidden in the backseat of his station wagon, is good buddy Harley. Harley is the loudmouth, former friend, who laughs and talks just like Jack Black in High Fidelity. You can't help but like the guy, but if he was your friend in real life, you'd have to keep a whiffle ball bat handy(laugh all you want, but have you ever been hit with one?) to keep him in check. So, he's a little on the obnoxious side, to say the least, but you can tell that he's a loyal friend, deep down...Anyway, they're on the road and when they stop in a bar, they aggravate the locals. Now they're being stalked by a leatherface clone in a monster truck. That's it. Yeah, along the way they pick up a gorgeous hitchhiker but I'm too lazy and hungover to go into that right now... so just watch the damn movie.<br /><br />Second thing I love was the humor. This one had some of the sickest laughs of any movie since Cabin Fever. Just how messed up is it? Well, I won't even go into the whole cat scene and as for the ""corpse burrito"" thing, I'll leave that to your virgin eyes as well. The bar full of amputees was somewhat disturbing and that guy who looked like John Turturro bothered me too. Harley, although a totally obnoxious frat-boy type, can really sling off the one liners. Love the clogs, by the way. I need a new pair..<br /><br />The GORE. This one pours it on heavy. While the first hour plays out as a demented road comedy, the last third is all about blood and guts. If the movie hadn't kept such a light tone throughout, it would have been a little disturbing, but seeing how it was all played for laughs, there is no way possible that you will be bothered by it. If you're still in your seat by the time it comes, you'll probably see the humor in it too, but seriously, there were buckets and buckets of the red stuff. There was a big plot turn that I DIDN'T see coming and when the credits rolled, I was completely satisfied. I had gotten exactly what I came for and I'm really glad that I bought it. Much like Cabin Fever, it's going to get a lot of replay.<br /><br />The Look of the movie was outstanding. There was this deliberately cheap look that made the whole thing scream late 80s and I loved the exaggerated colors. It's obvious that Monster Man was done on a relatively low budget, but much like Cabin Fever (sorry I keep comparing the two) it actually works in the movie's favor. Cabin Fever was an ode to the 70s greats, this was the 80s answer to that. So take that for what it's worth. No CGI here. This is what we all needed. I'm not exactly sure why it didn't get a theatrical release because this is everything that Jeepers Creepers SHOULD have been. Thank god for Lions Gate.",positive
"THHE2 is entertaining in that you'll laugh a lot and cringe and probably say ""oh sh*t!"" and ""get your face away from the goddamn hole you dumb**s"" or things along those lines but I don't know if its really worth seeing- I was very annoyed throughout the entirety with the horrible military characters who don't seem to know the first thing about combat.<br /><br />Yes there was more violence, gore, and a higher body count than the first one but I am still am debating whether that cancels out my feeling throughout the whole movie about how ridiculous it is (and not a good ridiculousness like Dead Alive or Feast). My time would have been better spent watching Aja's remake for the 5th time.<br /><br />So go for some laughs, or go for some gore, but don't go hoping to come out of it satisfied.",negative
"Nothing but the director's juvenile fantasy come to life. This 'movie' is nothing more than an excuse for the director/actor to play kissy face with an attractive young woman who would otherwise never give him the time of day.<br /><br />The plot is simple, the direction is nonexistent and the movie drags while the actor/director/writer/narrator narrates. Don't be fooled by the 'X' rating, there is no nudity and minimal gore.",negative
"I don't think a movie like this would be released today. It takes it's time to present the depth of the characters and the plot isn't full of twists and turns to keep you on the edge of your seat.<br /><br />But, what this film does have: an interesting study in how families' deal with grief. How when the language for healing and over-coming tremendous loss leaves us mute, and we rely on raw emotions instead. Grief without reason and patience is anger, even hate. And unfortunately, the lead character (a young boy who accidently shoots and kills his brother while hunting) in the film is given more than his fair share of it. He eventually leaves and moves in with his grandfather (Wilford Brimley) who makes it clear to him that it WAS an accident. I got the impression that this young man knew that in his heart, but needed to hear those words from his parents, and to receive their forgiveness.<br /><br />What I loved about this film: the lack of dialog. There was a tremendous emphasis on physical reaction, facial expressions. And the slower pace of the film allows you to really watch the reactions of the actors. Something we don't get to do alot of with today's films.<br /><br />",positive
"Thanks Jymn Magon, for creating Disney's 2 best cartoons ever. This show has improved very much over the years. As a kid, I didn't like it because I thought it was a rip-off of Ducktales, which was my favorite Disney thing at the time (like Grandmoffromero). Then later on though it was good but not great. But after reading the reviews here, I decided to give it another chance & bought the DVD set & watched the whole pilot the first day I got it, & was very pleasantly surprised. It's still my favorite episode, although the series did live up to it. And by the end of disc 1, I knew this was going to be a top tenner.<br /><br />The characters are so complex & charming. My favorite has got to be Wildcat. He's absolutely hilarious and sweet to boot. My next favorite is Baloo, the best pilot on the show. I can see why 'ol Jymn built the show around him. Then it's Kit Cloudkicker. He & Baloo have the best relationship in the series. After that, Louie. Jim Cummings did a perfect job of impersonating the original voice. After him, Rebecca. She has made me laugh pretty hard, and I do believe she and Baloo eventually marry. And finally(for the heroes), Molly. Although she's my least favorite, I still like her. I think she's a very cute character(much better than Webby from Ducktales). And the villains were very original. Don Karnage & his air pirates always crack me up, Kahn is ice-cold and ruthless, and the Thembrians are always at least amusing.<br /><br />As said before, the stories range from hilarious(Time Waits For No Bear, Romance of Red Chimp) to nothing short of touching(The Old Man & the Seaduck, Paradise Lost), to fun, funny & exciting adventures(In Search of Ancient Blunders & my favorite For Whom the Bell Klangs). These are only a few of my favorite episodes. Anyway, Talespin is Disney's best, aside from Gummi Bears Some reasons for this? GB had a decent amount of my favorite character(Cubbi), while TS didn't have enough of Wildcat. But in the end Talespin remains a classic. BOTTOM LINE- 10/10 6th best cartoon ever.",positive
"It's interesting how the train of research can flow. I started out looking at an article about Cristo's ""The Gates"" in Central Park. The article stated that the Maysles had been Cristo's filmographers for years. Hmmm... Then I got to looking at their body of work. I believe one of them has passed on but the other is still filming Cristo and Jean Claude in their stages of creation. Grey Gardens sounded very interesting. Video Station, in Boulder CO, is the place to look for the obscure or offbeat and of course they had it in stock. DVD and VHS. Edith and Edie are women living in the past, and oh what a glorious past it was. Edith had been well off, born a Bouvier, married well, had several wonderful relationships and became a singer when she was in her forties. Her daughter Edie had been a débutante, a fashion model and had many beaus. She never married and at some point in her thirties had come home to recuperate. She seems to have a nervous disorder of some kind. Worrying too much about things. It is only a shadow of the world they live in though, because Jackie O. came and spruced up the place so her aunt and cousin would not be evicted. It is a 28 room mansion that is worn down and worn out. But, in the film you will notice fresh paint on the walls. If you look carefully at the newspaper clippings you see it was very much a dirty mess. The outfits Edie comes up with a very clever and creative. The viewer gets the impression that Edith likes to go nude, but she doesn't in the movie. Edith was really quite beautiful and you can see the shadow of her beauty still as she sings ""Tea for Two"". Edie too was a beauty in her day and quite attractive at 56. It was a good movie, though not for everyone. When the cat is urinating behind Edith's portait she states, "" at least someone is doing what they want""!",positive
"Now we know where they got the idea of Snakes on a Plane. To put it bluntly, do not pay to see this movie. If you really want to waste 90 minutes of your life, then either catch it on cable, or get it as a free pick from NetFlix or Blockbuster. Do not pay to rent this. If you do pay to rent this, then you are one stupid individual. The acting was awful, the plot was awful, everything was awful except for the snakes. Whether they were real or CGI generated, they did look pretty good. But that being said, still this movie has to be one of the worst movies I have ever seen. Even the nude dancing scene was pretty bad that I actually fast forwarded through that. Don't sat I did not warn you.",negative
"A mix of comedy, romance, music(?!), action and horror. A knockout. This is one of the reasons people rave about Hong Kong cinema. If you're looking for something totally original, look no further. Entertainment at it's peak.",positive
"Diagnosis Murder has been shown on most Weekday afternoons on BBC1 since I used to watch it while ill from School a good 10 years ago - I know I shouldn't really enjoy it, in the same way I shouldn't enjoy 'Murder she Wrote' but I'm totally addicted to both and even have the DVD box-sets....OK I know that's sad!<br /><br />Dick Van Dyke carries the show as he stars as Dr.Mark Sloan a Doctor at Community General Hospital in L.A who is also a Police consultant for the L.A.P.D. - his son Steve (Barry van Dyke - Dick's real life son) is a Police Officer, who needs his father's help on very many Suspicious deaths. <br /><br />Along for the ride is Dr.Amanda Bentley (Victoria Bentley) the resident Pathologist at Community General and for the first couple of seasons you had Scott Baio playing Dr.Jack Stewart, who upped and left the series in 1995 hoping to go on to bigger and better things...he should have stayed where he was, he hasn't done anything of note since....and his only theatrical appearance for many years was in Baby Geniuses 2:Superbabies....Oh Dear!!!<br /><br />anyhow Dr.Jack Stewart was replaced by the younger Dr.Jesse Travis played by Charlie Schlatter who stepped into Baio's shoes pretty comfortably.<br /><br />The series is highly implausible but what Whodunit series isn't? (Murder she wrote - everywhere Jessica goes, someone ends up dead, or The underrated Father Dowling Mysteries about a Murder solving Priest with nun sidekick)<br /><br />The series was much lighter up until 1997 this is because it had a supporting cast that included the bumbling Hospital Manager Norman Briggs played by Michael Tucci along with Nurse & Mark's secretary Dolores played by Delores Hall, After 1997 both these characters were no longer included and the series became a grittier affair with a bigger looking budget, some episodes included far more action, one episode the entire Hospital is blown up.<br /><br />This was a family show For the Van Dyke's because as well as Dick's Son Barry, you also had Dick's Daughter And all his Grandchildren making an appearance in various episodes. <br /><br />As the series went on it got a bit silly, one episode I remember Dick van Dike plays his entire family, which was a bit out of the ordinary, but on the Whole 'Diagnosis Murder' was a really good TV show which had numerous good Guest Stars.<br /><br />Since this show finished in 2001, Dick & Barry have appeared together again in the 'MURDER 101' series of TV Movies made by The Hallmark Channel, pretty much following the same path, and still enjoyable. Dick who's now in his mid 80's doesn't seem to change a great deal, and looks as if he'll be working till the bitter end.<br /><br />TV SHOW **** OUT OF *****",positive
"Once I watched The Tenant and interpreted it as a horror movie. It uses many of the tropes of the genre: the sinister apartment, suspicious neighbors, apparitions, mysteries, hallucinations. The life of the hero, Trelkovsky, seemed surrounded by evil, secret forces trying to drive him mad.<br /><br />Last time I watched it I challenged this initial interpretation. If this movie is a horror movie, it's only horror in the sense that a Kafka novel is horror. In fact this movie can be understood on a literal level as a lonely man slowly becoming crazy without any external influence.<br /><br />Polanski made in his career three movies dealing with madness: Repulsion, which I don't particularly like because the development of madness in the heroine never convinced me; Rosemary's Baby, in which the heroine is driven mad by evil forces; and The Tenant, which might be the best study of paranoia ever made in cinema.<br /><br />Trelkovsky is a young man who rents an apartment in which a woman killed herself. He becomes obsessed with her and slowly starts becoming her: he wears her clothes, puts on makeup, talks like her. But is he being possessed by a spirit, or is he just letting his wild imagination get the best of him? It's this hesitation between what is real and imaginary, and which Polanski never resolves, that makes this such a fascinating movie. Many events in the movie can be attributed to the supernatural as easily as they can be to normal causes, and it's up to the viewer to decide what to believe in.<br /><br />Although this is not my favorite Polanski movie, it is nevertheless a good example of his ability to create suspense and portray madness in very convincing terms. And technically speaking, it's a marvel too. Suffice to say he collaborates with film composer Philippe Sarde and legendary director of photography Sven Nykvist (Bergman's DP) in the making of this movie. A slow pacing and sometimes uninteresting segments may make this movie difficult to enjoy, but it's an experience nevertheless.",positive
"First, what is really great about this movie: <br /><br />- Ryan Reynolds, great acting! There are very few actors I really like and for now he is one of them. He has an amazing skill to impersonate characters. <br /><br />- The soundtrack! Very good music played at the right time. <br /><br />- The idea of a nine lost in his own world, incapable of leaving. <br /><br />Still, I give it only a 3 out of 10 for certain flaws: <br /><br />- Horrible second part. It seems that the director was very eager to make something new, but despite of the efforts it was really boring <br /><br />- Very annoying character Melissa. I couldn't stand the scenes with her - i.e. it was constantly annoying. She represents everything that is wrong with American woman. <br /><br />- Terrible explanation of the numbers. The director was so busy with character development, that he completely missed the point of a good story.. excuse me koalas? brr... terrible!<br /><br />This movie had great potential. The filming is nicely done, the music is really good, but nothing more.<br /><br />See it only if you are a fan of Ryan Reynolds, or have a lot of time to spare.",negative
"The novel is easily superior and the best parts of the film are direct translations from what Greene wrote; for instance the quiet but grim humour that breaks into the scenes with Boyer and Lorre, or the murdered-child obsession that takes over some of the plot. Where the film deviates from the novel, it tends to the ludicrous.<br /><br />However I don't want to suggest that the film is bad in any way. It always looks the part and the story stays in the mind like a good 'un. Some of the minor characters were stock actors who could turn their hand to anything.<br /><br />It's a dreadful shame that the film's not available on DVD.",positive
"i love bad shark movies. i really do. i laugh hysterically at them. and the scifi channel was having a marathon of them, culminating in the premier of their new original picture, hammerhead: shark frenzy. based on the previews, it looked like it was going to be HIGHLY amusing. essentially a remake of benchley's creature, really. it was prefaced by a showing of shark attack 3: megalodon, which is shark movie hilarity at its best. i was in the mood; i was ready to go. bring it on, hammerhead-mad-scientist-man! oh, god, was that movie wrong.<br /><br />wrong, wrong, wrong.<br /><br />sick. twisted. MESSED UP.<br /><br />this is theoretical reproduction at its very worst, my friends. when a drugged-out girl is brought out of suspended animation and strapped to a table screaming her head off because the shark-human hybrid fetus the absolutely insane ""scientist"" deliberately implanted in her womb wants OUT... Jesus monkeys. that's what i call disturbing.<br /><br />that's really how the plot works: hmmm, thought the mad scientist. my son died of cancer, but i brought him back to life by combining his dna with that of a hammerhead shark, because sharks don't succumb to cancer and further hammerheads reproduce via placenta. oh, look! a perfect amphibious being! i've created the next evolution of the human race! I KNOW! let's make him reproduce! but darned if all those shark genes have't made my son bloodthirsty; instead of raping the hot babes i keep sending into his little jungle paradise, he keeps eating him. but check this out! among the random people who have, by way of some unimportant plot twist, ended up on my research island, is the woman to whom my son was engaged before he died! i bet he'll do HER! all this leads up to an extremely touching and heartfelt reunion: woman: you're going to impregnate me? mad scientist: no. he is. (indicates thrashing shark-person in tank) how sweet.<br /><br />DO NOT WATCH THIS MOVIE. ever.",negative
"It's nice to see Julie Andrews trying a straight dramatic role here--something she hadn't done in awhile--but her character of Judith(wise they didn't try to pass her off as a 'Judy')has the old refined manners and tomboyish hairstyle of yore, and Andrews enacts 'grown-up' as any other actress would interpret frigid. It's a surprisingly bland drama set in Barbados involving Omar Sharif(not the liveliest leading man around--not even in 1974!)hoping to make Andrews a spy while also slowly leading her into the proverbial bedroom. Unmemorable outing does have some camp value: the James Bond-like credits at the beginning are a cheesy hoot. As for Julie: she's quiet and contemplative, but that doesn't do much for the audience, or for the film. Blake Edwards paces the freakin' thing like a funeral. * from ****",negative
"This 1974 Naschy outing is directed by Leon Klimovsky, and a cursory glance at the publicity photos and packaging might lead you to believe that this medieval romp lies somewhere between ""Inquisition"" and ""Sadomania"". Sadly not.<br /><br />This is a strictly PG affair with tame torture sequences, no nudity and little edge at all. Naschy (of whom I am a fan) struts his stuff as Gilles de Lancre, ""antiguo Mariscal de la nacion"". Sadly he is more pantomime villain than anything else. One gets the feeling with this film that we have seen him (and it) done all before. Strictly therefore for Naschy completest only.",negative
"I basically skimmed through the movie but just enough to catch watch the plot was about. To tell you the truth it was kind of boring to me and at some spots it didn't make sense. The only reason I watched this movie in the first place was to see CHACE CRAWFORD!!! He is so hot, but in this movie his hair was kind of weird. But still hot.<br /><br />However, despite how hot CHACE is, it really did not make up for the film. I guess the plot isn't that bad but what really threw me over was the fact that they cuss in like every sentence. Is it that hard to express your anger without saying the F word every time?The cussing was annoying and the whole flashy, camera shaking thing gave me a headache.<br /><br />All in all, although the plot was OK, I found the film to be a bore and over dramatic. That's why I only cut to scenes with CHACE in it. LOL Anyways, not worth renting unless your a die-hard fan of a specific cast member like I was. Oh yeah the cast was Hot. The girls were HOT!!! But CHACE IS THE BEST!!",negative
"........and an extremely bad one at that!!! How long did this train-wreck last?? 14 episodes or something?? I can see why now.<br /><br />I bought the ""Serenity"" episode from Amazon Unboxed. It was my first purchase, so was free. That is the ONLY good thing about the experience (incident??)<br /><br />I won't comment really on the acting, since these were, I guess, fairly new people who hadn't really gotten the job down just right yet. At least I've never seen them before in any type of major show, theater or TV. If I did, then I have easily forgotten them.<br /><br />But the special effects were absolutely horrendous. True, this isn't exactly a multi-million $$ project, but the original Star Trek did better than this & that was THIRTY-FIVE YEARS ago. I especially got a laugh out of the bad guys (reapers or something like that) ship as it chased the hilarious looking Firefly, with smoke coming out of the engines looking something like a gigantic model rocket. I fully expected to eventually see the Wiley Coyote riding on top, while chasing after the Roadrunner. MODERN jet/rocket engines don't even do it that bad.<br /><br />And that wasn't even the worst of it. The wild-west type shoot-outs had me wondering if I was actually watching a sci-fi film or a Gene Autry one.<br /><br />Regardless of the hype, don't waste your time...I did...all 80-something minutes of the disaster called ""Firefly"".",negative
"The `plot' of this film contains a few holes you could drive a massive truck through, but I reckon that isn't always top priority in horror. Two elderly sisters in rural England keep their brother in the cellar since more than 30 years. Now, he escaped and started a killing spree, focusing on militaries that are homed nearby. `We only did we thought was best for him' they keep on repeating and  strangely  all the army officers love these women and don't doubt their sincerity, even though 5 of their men died. I don't know whether to find the revelation near the end suspenseful  or tedious! In a way, this film reminded me about `Arsenic and Old Lace'. In that black-comedy classic, two half-insane siblings mother their goofy younger brother as well, yet they do the killing there. The old ladies in `The Beast in the Cellar' are by no means less crazy, though. The `horror' in this early 70's film is very amateurish and cheap, but there are a few neat attempts to build up the tension. Too many `old-ladies' talk about the good ol' days, though and that rarely is something you seek in a horror film with such an appealing title. Flora Robson, who may be recognized by classic film buffs, plays one of the sisters. She gave image to the Queen of England is the legendary Errol Flynn swashbuckler film, the Sea Hawk.",negative
"Went to see this as Me and my Lady had little else to do on a sunday afternoon I like films that deal with sleazy,loser characters and this is full of em. After a slow start we get some good turns from the cast but it is the actual 'Bellini' that both makes and lets the film down. The 'Bellini' is one of the funniest scenes I have seen in a film for a long while but is too short and could have made this a masterpiece overall 71/2 out of 10",positive
"The Salena Incident is set in Arizona where six death row inmates are being transfered from the state prison for reasons never explained, while driving along the heavily armed prison bus gets a flat & the driver is forced to pull off the road. Then two blonde birds turn up & after seducing the incompetent prison guards manage to get the better of them, the six prisoners are released but in a shoot-out their getaway car is damaged leaving them all stranded in the middle of the Arizona desert. They decide to head to the nearest town, Salena several miles away & take the cops with them as hostage. Once they reach Salena they find it odd that the place is completely deserted with not one single other person in sight. They soon discover that the entire town has been killed by flesh eating aliens & they are firmly placed on the menu...<br /><br />Also known as Alien Invasion Arizona in the US on DVD & apparently having the working title Terror Town this rubbishy low budget sci-fi horror flick was co-written, co-produced & directed by Dustin Rikert & has no real redeeming features at all, to be frank The Salena Incident is the sort of film which gives films a bad name. The film could roughly be divided into two parts, the opening forty or fifty odd minutes focuses on the prisoners in a thriller feeling opening, the guards & the escape although it's pretty poorly written & staged stuff. The dialogue between the two blonde birds & the prison guards is so bad it's unintentionally funny as the two fit birds chat up the two not so fit prison guards. Funny stuff actually, unfortunately The Salena Incident is supposed to be a sci-fi horror film not a comedy. Then once the escaped cons & their prison guard hostages arrive at Salena it goes into sci-fi horror mode as the aliens turn up & start killing our clichéd character's off which is good because they are annoying. Look, the whole film sucks as it's badly written, thought out & made. I can't really be bothered to go into why but trust me The Salena Incident is awful on every level.<br /><br />As well as being just a bad, boring & stupid film The Salena Incident is also poorly made. The action set-piece scenes are awful, the aliens looks terrible & are never shown on screen at the same time as the human character's & as such it's sometimes difficult to tell what's happening. The special effects are poor too, the aliens look rubbish & the CGI computer effects are absolutely terrible as well. The editing is poor, the cinematography is poor, the sets are cheap & the whole thing is just an eyesore really. There's a bit of gore, there's some gunshot wounds, someone is ripped in half & a severed hand is seen.<br /><br />Obviously shot on a low budget The Salena Incident has low production values & looks cheap from start to finish. Filmed in Superior in Arizona. The acting is terrible from no-one I have ever heard of although the actress who plays the female doctor is pretty good looking.<br /><br />The Salena Incident is a rubbish sci-fi horror film that is terrible in just about every way, not worth 90 minutes of yours, mine or anyone else's time.",negative
"For me, North and South (Books I&II) is the ultimate TV series of the 80's. Just spotting all those cameo appearances was highly entertaining.Gene Kelly, James Stewart, Elisabeth Taylor, Olivia De Havilland, Robert Mitchum, even Johny Cash¡ No series has come close to this achievement.Have you ever seen anyone looking like Lincoln? Dick Smith's prosthetics made Hal Holbrock's powerful performance even more so. The crafted costumes, the jaw dropping locations, everything. It's clear that nowadays there are excellent and bright TV series (Desperate Housewives, Lost,24) but North & South was, and still is, one of its kind. Don't miss it. Only David Carradine's portrayal of the ultimate villain (you may call him just violent husband) worths the viewing. Maybe some characters and situations are too stereotyped, I admit it but the positive sides clearly cast a shadow over them. I'm so glad that finally is available on DVD in Spain.",positive
"this became a cult movie in chinese college students, though i havnt watched it until it is broadcasted in channel4, UK.<br /><br />full of arty giddy pretentions, the plot is mediocre and unreal; the 'spirit' it wants to convey is how independent artists 'resist the commercisliation of music industry' and maintain their' purity of an artistic soul' and wouldnt 'sell themselves for dirty money'. that is really giddy and superficial; the diologue are mainly pathetic. acting is poor. sceenplay is full of art pretention. it is a fantasy movie for kids and that;s all<br /><br />",negative
"I rarely make these comments but I felt compelled to spare others the pain I endured in watching this movie. It's so stupid and implausible both in the overall story and in the details that you simply can't suspend disbelief. The problem starts early, when you see a government researcher tooling around in a new Porsche and dining with his team in a restaraunt that looks like a castle, overlooking the Capitol Building in Washington, D.C. That kind of life on a government salary? Hah! It only gets worse. Toward the end, when the bad guy starts killing off the good guys, the latter group act so stupidly that you want them to die, in order to cleanse the gene pool. The special effects are pretty good - any producer's money can buy that - and the lead actors have been great in other films, but the screenplay and direction here are moronic. Many people have wondered whether there was some deliberate intelligence behind Paul Verhoeven's previous, facially stupid movies (Showgirls, Starship Troopers), but this movie should stop the wondering. He's just plain bad.",negative
"Terry Gilliam's and David Peoples' teamed up to create one of the most intelligent and creative science fiction movies of the '90's. People's proved a screenplay with bizarre twists and fantastic ideas about the nature of time  I especially love the idea one can't change the past; it's a nice counterpoint to so many time-travelling movies which say otherwise  biological holocausts and the thin line between sanity and madness. Gilliam visualized his ideas with unique quirkiness, perfection and originality.<br /><br />The story itself is engaging: one man, James Cole (played by Bruce Willis in a heart-warming performance) travels several decades to the past to retrieve information about a virus that's wiped out mankind and left only a few survivors alive living underground: with the information he'll collect, scientists hope to find a cure so everyone in the future can return to the surface. But because their time-travelling technology isn't perfect, he ends up being sent towards different other pasts and complicating things. And from that a brilliant science fiction thriller with shades of film noir ensues as the multiple pieces of a huge jigsaw start fitting together to form a bizarre narrative involving animal right activists, end of the millennium paranoia, biological weapons, the perception of reality, and the definition of sanity. With such a complex movie, it was easy for Gilliam and Peoples to create a mess, but instead Twelve Monkeys is a thought-provoking narrative which will please those who like to be challenged and have patience to appreciate some crazy ideas.<br /><br />I watched this movie once around 10 years ago. It marked me a lot: I remember still thinking about many days after-wards; for my young mind this seemed quite mind-blowing and it was one of the first movies to make me appreciate cinema as something serious and important. I've re-watched this movie a few days ago on DVD and it's better than I remembered it. Brad Pitt still steals all the scenes he's in, playing Jeffrey Goines  almost a prelude to his Tyler Durden character in Fight Club  a rich kid with some anarchist/non-conformist ideas who's also crazy and, according to Cole, perhaps responsible for the virus. The scenes between Jeffrey and Cole in the madhouse are the best in the movie, Pitt's eyes, voice and quirky mannerisms convince you he's really a crazy guy locked in a warped logic only he understands. Pitt's Oscar nomination was well deserved! Surprising was also Bruce Willis' performance: his I didn't remember very well, but it's beautiful and full of sensibility; he plays a man who spent almost all his life underground, and when he comes to the past you'll share his childish fascination with something as simple as breathing the fresh air of the morning or watching the sun go up. Cole is a rather ambiguous character, Peoples' tried to imbue some darkness in him, and he does other disturbing things to other people and to himself: the scene where he removes his own teeth reveals how far his dementia has gone unchecked. Ironically Cole didn't start as a crazy character, but when he starts warning everyone about the end of the world, he's considered mad and convinced it's all in his mind, until he arrives at a point when he can't distinguish past from future, reality from fiction. Willis spends a lot of time looking confused and insecure, and it works perfectly. One of the fun twists in the narrative is when Cole's shrink, Dr. Kathryn Railly, finds undeniable proof he's really from the future and now has to convince him again of his mission to save the world. The screenplay is full with weird twists like this and it keeps the movie in a fast pace. Their relationship is also well-handed, although perhaps a bit compressed for time's sake. But I enjoyed watching Cole and Railly falling in love and trying to escape the authority of the future to live a peaceful life in the past. But then things end in a tragic/bittersweet climax at an airport, wrapping all the pieces together, which will blow many minds away.<br /><br />There are two great endings in this movie, a twist in the sense of Se7en or Fight Club, and a more intimate ending where Railly is crouching next to Cole who's just been shot and looking around for a younger James Cole who's witnessing his future self die; the two share a brief look, and she smiles at him. The twist is brilliant, but I prefer this ending for emotional impact. Madeleine Stowe is very good playing Dr. Railly, she drew many different emotions from me in her performance. The movie is filled with a sense of fatalism with the idea the past can't be changed: this movie shows that in a terrifying way. It reminds me of Chinatown in that sense, the way Jake Gittes messes everything up the more he tries to help. Railly's character shares that fatalism, the more she tries to help Cole  first dealing with his 'madness' then helping him in his mission  the more they're sucked into tragedy.<br /><br />The twist ends with a hopeful note, though, with the feeling Cole's mission hasn't been in vain. Twelve Monkeys is a great movie to watch if one wants to be entertained; it's not supposed to be art, although it's more artists than many artistic movies. It's an unpretentious movie where all elements, from music to editing to costume design, etc., came together beautifully to produce a modern cinema masterpiece.",positive
"Humphrey Bogart clearly did not want to be in this film, and be forced to play a part-Mexican or he would have been suspended. Believe me , he made the wrong choice! Presumably, after the success of ""Dodge City"", Warners tried a follow-up with Errol Flynn and his usual list of buddies, like Alan Hale, Guinn (Big Boy) Williams, Frank Mc Hugh and the ever-present John Litel, but they made the huge mistake of trying to present Miriam Hopkins as a love interest for Flynn v. Randolph Scott, and as a singer to really make things bad, because she proved one thing, and that is she cannot sing. The story was not too bad, but with Bogie clearly miscast also, it turned out to be a poor Western that was overlong, and on a low budget, but in fairness, color would not have helped.",negative
"""Ice Age"" is one of the cartoon movies ever produced by Blue Sky Studios and released in 2002 as the company's first. We are introduced to the main characters: a squirrel named Scrat (voiced by Chris Wedge, AND PLEASE NOTE: the sound of Scrat's screams is the sound of Tom's screams from the ""Tom and Jerry"" cartoons), a woolly mammoth named Manny (voiced by Ray Romano of ""Everybody Loves Raymond""), a sloth named Sid (voiced by John Leguizamo of ""Titan A. E.""), and a saber toothed tiger named Diego (voiced by Denis Leary of Pixar's ""A Bug's Life"").<br /><br />The movie opens with Scrat trying to bury an acorn and right after that, he caused an avalanche. We then see a herd going south for the coming Ice Age (except for Manny, who is going the other way looking for other mammoths that looked like him). Sid comes out of his cave yawning, and saw that his family abandoned him. He then pays toll with some aardvarks. Unfortunately, he gets pursued by Sylvia (voiced by Kirsten Johnston of ""3rd Rock from the Sun""), a female orange sloth, who wants Sid to go migrating with her. Sid eventually teams up with Manny, and they became friends.<br /><br />Meanwhile, nearby a human tribe, Soto (voiced by Goran Visnjic), an evil saber toothed tiger, wants revenge against the tribe's leader for wiping out half of his pack just by stealing his infant son, Roshan, away from him. In the morning, he, Diego, and Soto's henchmen, Lenny (voiced by Alan Tudyk), Oscar (voiced by Diedrich Bader), and Zeke (voiced by Jack Black) attacked the tribe, but the leader's wife escaped with Roshan and gave him to Manny and Sid to look after. Eventually, Diego joins them, and went on a journey to return Roshan back to his tribe, who are also looking for him as well. Relax and watch the rest of the movie and find out, okay? Besides Manny, Sid, Diego, Scrat, Sylvia, and Roshan, the supporting characters in there including a pack of wolves that Roshan's tribe are using, and not to mention a fat female purple sloth named Jennifer (voiced by Jane Krakowski), and a skinny female yellow sloth named Rachel (voiced by Lorri Bagley), to whom Sid shows them Roshan as they relax in a tar pit. Incidentally, the two rhinos, Carl (voiced by Cedric The Entertainer of PDI's ""Madagascar""), and Frank (voiced by Stephen Root of Pixar's ""Finding Nemo""), who go after Sid for ruining their meal and confront Manny on a cliff, are simple minor characters. Same went for the dodos, who are using melons as their food supply.<br /><br />The gags in this movie are very funny. For instance, Manny talks through his trunk saying, ""I'M NOT GOING!"" When Jennifer and Rachel are out of the tar pit, Sid asks Jennifer ""What do you say if we jump into the gene pool and see what happens?"" Jennifer then responds to him, ""What do you say if you go jump into the TAR PIT!?"" Rachel also then kicks Sid in the waist. Sylvia sees Diego holding Sid by the neck with his teeth, then she asks Sid if he's holding his breath, tells Diego to eat him, and promptly walks off.<br /><br />Since ""Ice Age"" is not only a success, but it has 2 sequels: the first one was ""Ice Age: The Meltdown"", which was released in 2006, and the other was ""Ice Age: Dawn of the Dinosaurs"", which is going to be releasing next year. I can hardly die waiting to see what ""Ice Age: Dawn of the Dinosaurs"" will be like.",positive
"the film itself is absolutely brilliant, its that buzz, that rush that makes you just want to go out, blow your wages and loose yourself. It's what the weekend is all about, its our sanitation where we can come together as one and be ourselves without a care in the world. The film is layered in depth and the dialogue in places is just spot on, especially with Jip. The characters themselves are instantly likable, one in particular is obviously dyers character and his views on what ""Star Wars"" is really about, genius.<br /><br />If ever you've got an hour to kill before going out, stick on this, you'll immediately feel yourself growing in confidence, definitely recommend it.",positive
"I'll be honest with yall, I was a junior in high school when this sitcom first aired on ABC I didn't think I would like it at all. But with John Ritter in it i felt that it had a little potential in it, plus their was something else with it I liked. The acting was great, not a lot of horrible 2nd rated comedy lines, John Ritter always brings his A game when it comes to comedy . This was a great show to watch, and I'll tell you why it was a great show. My father who never watches sitcoms at all, he just watches movies, sports, and law & order, he actually sat down with my 3 brothers and 2 sisters, my mother, and myself, and watched the show I think because John Ritter was in it. I honestly think this show would still be running if John Ritter God rest his soul i wish he hadn't passed away.",positive
"Yes, this movie was just hilarious and the acting was top notch from the whole cast. Except Shelley Winters German accent wasn't that great but then that doesn't matter as she is hardly in the film. So if you're a fan of hers beware! The two main stars of this film are Laurence Harvey and Julie Harris. Now before this film, I'd only see Miss Harris in East of Eden with James Dean and I own an audio tape of The Glass Menagerie that she did on stage with Monty Clift and Jessica Tandy, so I wasn't sure how she'd be in this role and BOY, did she impress me. How hammy was she? I love ham! ;-) Mr. Harvey, he tickled my fancy! I am now a full time Laurence Harvey fan! That hair!!! *cackles* OMG! It's almost like Burt Lancasters, that crazy messy look, it doesn't get better than that. He is young and so innocent in this film. SEE IT NOW! It's definitely in my top ten! :) I am SO glad I found a copy that is all mine! Unfortunately this movie is out of print and very hard to find on video. :(<br /><br />Btw, watch out for the hospital hotel room scene!!!!! It's one of the best parts! Or when Mr. Harvey has convinced himself he's ill and he's trying to get his knee to kick, you know how Doctors do with that little rubber hammer ;-) Well he does it himself and his leg kicks and it kicks the table *squeals* Check out the look on his face, so innocent!!!! I can't describe it but to all those people who say he couldn't act very well and other cockamamie comments, see this film and you will see what a GREAT actor he really was. You'll be bowled over! If you aren't, then I'm afraid there is nothing I can do for you, you're hopeless. ;-)",positive
"This is one of the worst movies I've seen in a long time. The story was boring, the dialogue was atrocious and the acting hammy. I'm not sure if this movie was the result of a film school homework project, but it certainly played like one. It is not even particularly successful in its central conceit of trying to appear as a single continuous take. The whooshing horizontal camera pans are a cheap and unoriginal way of hiding cuts.",negative
"I voted this a 10 out of 10 simply because it is the best animated story I have been able to see in quite some time. The animation is stunning. The artwork behind each and every landscape was beautiful. From the colors to the lighting to the not standard fare of artistry. I was amazed. Moving beyond the beauty on the screen, you are immersed in a storyline that is at once timeless and at the same turn fresh. Character development is brief yet these touchstone moments are exactly what is needed to clue the viewer in to what and why and how the character has come to where they stand. I'm impressed with the entire affair and think this is a must see for the entire family.",positive
"This is one of the funniest movies I have ever seen. If you know the Real World and the people from those shows, this movie will be top notch, if you have never seen the real world you will still think it is an extremely funny movie but you won't get some of the inside jokes about the actors and the tv show.",positive
"1st watched 5/17/2002 - 3 out of 10(Dir-Ewald Andre Dupont): Fairly lame account of the Titanic disaster is the first filmed version of this much-heralded event. The replication of the disaster is not bad, but the drama around it is at some times silly, badly acted and way-too soap opera-like. The story is very much the same as the most recent Oscar-winning one except that we are shown how the crew tried to hide the actual disaster that was occurring until almost too late. Good for nostalgia purposes only and to get a feel for what James Cameron was competing against(barely) in his recreation.",negative
"Before Stan Laurel became the smaller half of the all-time greatest comedy team, he laboured under contract to Broncho Billy Anderson in a series of cheapies, many of which were parodies of major Hollywood features. Most of Laurel's 'parody' films are only mildly funny, and even less funny for modern audiences who haven't seen the original movie which Laurel is parodying. Fortunately, 'Mud and Sand' lampoons a movie which is still well known: 'Blood and Sand', starring Rudolph Valentino. 'Blood and Sand' was released only nine weeks before this parody, giving you some idea of how quickly Broncho Billy's movies were ground out, edited and distributed.<br /><br />Various sources (including IMDb) state that Stan Laurel's character in this film is named Rhubarb Vaselino, with a final 'o'. I've screened a print of 'Mud and Sand' with the original titles (in Hobo type font), so I report that Laurel's role is actually cried Rhubarb Vaseline, with an 'e'. But I agree that 'Vaselino' is funnier. Laurel copies the elaborate sideburns which Valentino wore in 'Blood and Sand' (he should've made them longer!), and there's a parody of Valentino's dressing scene from that movie, which made female movie-goers swoon in 1922. A señorita named Carmen in the original film is parodied here as Caramel (a girl I'd like to sink my teeth into).<br /><br />This movie (like the original) apparently takes place in Spain, yet there's a Prohibition gag. Laurel uses a distinctive hat-tipping gesture here which could have become a trademark for him (like Hardy's distinctive necktie twiddle), but I've never spotted it in any other Laurel film. There's some amusing dialogue: Rhubarb Vaseline tells the other matadors to 'Save a bull for me.' When Vaseline becomes a successful toreador, a lackey tells him 'The bull is without, sir' ... which is funny, but I was disappointed that Laurel didn't reply 'Without WHAT?'.<br /><br />There's one funny moment here which almost certainly wasn't planned, when Vaseline shows up for the bullfighter auditions. Laurel swaggers into the bullring, and -- before you can say 'corrida querida' -- he tosses a bull over the fence, where it lands with a thump near the other auditioners. The bull is obviously a fake, but the gag is funny anyway ... and, aye, there's a title card with a joke about 'throwing the bull'. The serendipitous moment occurs when Laurel repeats the gag, and Vaseline slings a second bull over the fence. This one lands on its butt, and balances upright for just an instant before toppling. VERY funny! If somebody planned that gag in this quickie comedy, I salute the unknown gagsmith ... and the tech man who rigged the bull to land in that position. More likely it happened by luck, and the director and editor were smart enough to keep it in.<br /><br />During the silent era, whenever Hollywood made a big-budget feature film which was set anyplace where the people don't speak English, it was a common cinematic device to show a piece of text or an inscription in the local lingo, then dissolve to a shot of the same text in English. I was surprised that this low-budget comedy spent the money to copy that device here: we see a notice-board outside the corrida with a message in Spanish, then it dissolves to the same text in English. Unfortunately, the photography in this cheapo movie is so dark that the effect is wasted.<br /><br />The actresses in this movie are attractive ... including Broncho Billy's wife Leona Anderson and Stan Laurel's common-law wife Mae Dahlberg; the latter briefly does a pretty dance. (Mae had danced in Stan's vaudeville act.) I was surprised to spot Charlie Chaplin's half-brother Wheeler Dryden in a brief role, since Chaplin had nothing to do with this movie. In 'Mud and Sand', Laurel gives a funny performance that's quite unlike his later familiar Stanley character ... but this film is much less funny than his brilliant work with Oliver Hardy. My rating: just 3 out of 10. TRIVIA NOTE: Twenty-three years later, in Stan Laurel's very last American film -- 'The Bullfighters' (1945) -- he again played a Spanish bullfighter (with his Spanish voice post-dubbed). Coincidentally, that film used stock footage from 'Blood and Sand': not Valentino's movie, but the Tyrone Power remake. 'Mud and Sand' is funnier than 'The Bullfighters', but not much.",negative
"This movie have 4 parts and every is around 170 minutes long. Its based on true story of life of Joe Bonanno and it is telling all how he did see. So in some events we can notice that we heard different about it. Movie make you tied up for chair till the end, i think it is possible to watch all 4 in a row, and not notice i watched 2 in a row and 2 next day in a row. Acting in movie is OK in some scenes awesome but in general could be bather, but this movie is not about acting or special effects and glamor, this one show real thing and story is key to this movie. So the one who look for same spectacular Rambo/matrix/titanic movie you can skip this one. Good thing in movie is that follow the main story so you will not have long and boring love scenes or any different interrupt with something not important to crime business of Bonanno.",positive
"I first saw this movie when I was very little. I was born in 1985, so it was around the age when 80s cartoons were big. My mother taped it one day thinking I might like it. I had never even heard of the Rainbow Bright TV show before I was introduced to the movie. When I saw it (on one of those old BETA tapes...) I loved it. I became addicted to it. There are people who say it's badly written and all that, but it's a kid's movie, and things like that don't matter much to children. I loved the story, and especially liked the songs and all the female characters. Of course I pretended to be them, and in the scene where Rainbow first met Krys and they were repulsed they had to work with the opposite sex, I could totally relate. The story was the basic good vs. evil that children enjoy, and there were enough happy moments to balance out the scary ones. The world is a fantastic place that would stimulate the imagination of any young child. I am very glad I had an opportunity to see this movie when I was little. It made a big impact, and watching it now brings back happy memories of childhood. I would recommend to any parent with young children to rent this movie. It will trigger their imagination and provide plenty of entertainment. You're only a child once, so don't let them miss out on this one!",positive
"I rented this film on Netflix after it won all the Oscars, to see if it was really that good.<br /><br />The Hurt Locker is a very realistic portrayal (for the most part) of a group of soldier's rotation in Iraq. The film centers around Will James, a reckless soldier who gets his adrenaline fix from taking risks, and defusing bombs.<br /><br />Where this film seems to lack in my opinion is the Plot and Direction of the movie. This film has no clear plot unlike other films such as Black Hawk Down. What this film tries to do is focus more on the characters, and their different attitudes about the war. Bigelow does an okay job of focusing on the characters, but there are many points in the film where the dialogue seems to drag. Hurt Locker is 131 minutes long, yet it feels like a 3 hour movie.<br /><br />One scene in the movie that was particularly awful, and ruined the films perfect credibility, was the sniping scene halfway through the movie. It was both unrealistic, and very long.<br /><br />Overall, I thought this film was OKAY, but the reason I gave it a 6 instead of a 7, was because it was a major letdown for winning Best Picture at the Oscars. I felt like this film could have been so much better considering Saving Private Ryan lost Best Picture, but was much better than this film. Another notable mention is Black Hawk Down which only won 2 Oscars. I honestly do not know how this won best picture.<br /><br />If you are looking for an action packed war flick, rent Black Hawk Down. This film will be forgotten in a year or two.",negative
"If the screenwriter and director intended to open hearts with the movie as the musician wanted to do with his music, they succeeded with me. Commonplace human situations became original, personal and immediate so that I personally felt touched by each situation. I believe I would credit the power of music combined with the point of view of the person writing the movie. Without spoiling, I can say that I was very moved by the movie's approach to living. Haven't actually cried out of-what- joy? empathy? just deep emotion? in a very long time. I would love to find a way to show it to others. Saw it at Seattle International Film Festival.",positive
"This movie was one of the worst I have ever seen (not including anything by or with Pauly Shore). I couldn't believe that a film could actually be THIS bad!<br /><br />Coolio has to be the single worst actor (again, not including Pauly Shore) to ever ""star"" in a movie. The temptation to hit the STOP button during this movie was huge (in fact, if there was a THROW IN THE TRASH button on my VCR, I would have been inclined to press that).<br /><br />Do yourself a favor, and do something more interesting than watch this movie, like watching the grass grow, or watching golf on TV.",negative
"Growing up with the Beast Wars transformers, I wasn't very familiar with the original Transformers, and now that I have seen the awesome movie, and now that I have seen the older cartoon on which it's based, I have to say I like the original cartoon and the live action movie more than Beast Wars.<br /><br />Not that I don't like the BW characters, I just think that characters like Optimus Prime are better than Optimus Primal.<br /><br />I mean, ""AUTOBOTS TRANSFORM AND ROLL OUT!"" sounds a lot better than ""MAXIMALS MAXIMIZE!"" The voice of the original Optimus Prime still makes me a strong believer that he's a real commander, more so than Optimus Primal.<br /><br />Besides, Powermaster Optimus Prime is a lot more powerful than Optimal Optimus. Just look on the web! <br /><br />Megatron in the BW character seemed more like a humorous version of the more evil version of him in the original series.<br /><br />Besides what's cooler, robots changing into animals or robots changing into vehicles and spaceships? Gimme the original Transformers any day over Beast Wars!",negative
"I can't add much to what has been said already, except I'm going to have to because of the 10 lines minimum policy.<br /><br />I've actually got this on a VHS-to-DVD copy, but the quality is quite poor and I desperately need for it to be officially released.<br /><br />I can just imagine what extras I would like to see (Tim Healy's character swearing his way through one of those 'Football Bloopers' type programmes would be great!). You can imagine it now, can't you? But of course, it looks like most people will have to carry on dreaming about a DVD release.<br /><br />Surely to God there must be someone in the DVD releases department at ITV who also knows something about British culture, is web savvy and has enough about them to look at IMDb now and again? Oh, well.",positive
"A labor of love. Each frame is picture perfect and grabs you. Then the sheer emotion and story-telling take you through a dream that stays with you long after the movie. The director gets your heart and leads it through 100 minutes of visual poetry. You are a part of the emotional ride of the characters. I have seen this movie at 2 festivals and it got with standing ovations at every showing. The remarkable story-telling transcends nationality and language and I felt I was a part of the drama unfolding before me. The casting is as perfect as one can get. Vijay Raaz, Camille and Benoit each hold their own. <br /><br />I strongly recommend this film to everyone who appreciates good cinema. I can't wait for the commercial release of this movie.",positive
"This movie was by far the worst movie I've ever had to endure. I couldn't believe that they tried to pass it off as a serious movie, it was so bad I couldn't even laugh at it's pathetic attempt to entertain me. If you want cheesy horror that you can laugh at, rent Dr. Giggles instead.",negative
"and shot in Vancouver with the 'mountains' of the low country of South Carolina visible in the background. For heaven's sake, they should have reset the location. There are no coastal mountains in South Carolina. Period.<br /><br />Lame visuals. They should have been beautiful. And the story limped along.<br /><br />I really don't understand why it was such a hit as a book, although I have to admit it's one I haven't read as yet. Usually I read the book and give the film a miss. There was nothing in this movie that made me want to buy the book, or even borrow it from the library.<br /><br />Verdict: The Mermaid Chair seemed pretty shallow to moi.",negative
"""Most of us at least inhabit two worlds , the real world where we are at the mercy of circumstances and the world within ,the unconscious ,a safe place where we can escape ..."" With those words ,Mr .Gone introduces inside the world of ""The Maxx"" a fascinating world where the fantasy and the reality are combined . Inspired in the comic books of Sam Kieth, ""The Maxx "" is very faithful to the material in what it was inspired , not only in the story but also in the graphic style ,that look like the pages of the comic ,giving this show a surreal and unique appearance . But also ,the story it's interesting and entertaining .At moments it could turn too weird ,but when you got inside it ,it's hard to get out of it . The story and the characters are wonderfully developed . The music goes perfectly with the style of the show and give it the proper atmosphere . Unfortunately , like many good animated shows ,this one was short -lived . ""The Maxx"" is a must see . It 's one of my all -time favorites .",positive
"This romantic comedy isn't too bad. There are some funny things happening here and there, and there are some rather memorable characters in it.<br /><br />The acting, however, is amateurish (with the exception of the banker). While some scenes are great fun, others are simply embarrassing. In particular, I found the ""romantic"" part of the story poor. <br /><br />All in all, I guess it's worth seeing if you like football and romantic comedies. It's not really a bad movie, and the ending did feel quite good. Just don't expect anything out of the ordinary. Fair enough if you have an hour and a quarter to kill.",negative
"This is possibly the best short crime drama I've ever seen. The acting is superb especially Amanda Burton who's character goes from scary to sweet to disturbing to sad and then some...She does an amazing job balancing Rachels/Carlas feelings and acting out the pain of someone who's lost a child, its so believable that it feels more like a real life story then a drama. The other actors are of course great too which they usually are in British TV/Film. The ending,which I'm not going to give away,is fantastic mainly because you don't really get one... (you'll get what I mean after you've seen it) This is well worth buying and seeing over and over again and if you're not touched by this you're one cold hearted person.",positive
"Yowsa! If you REALLY want some ACTION, check out the babes and bombs on this non-stop thriller! Veteran star MARTIN SHEEN leads a trio of supermodels on a mission to stop nuclear terrorism... but director Dean Hamilton doesn't let this heavy plotline get in the way of massive doses of TEENSY-SWIMSUIT scenes, jiggly beach jogs, hubba-hubba hot tubs and the like! Want action? You'll get more of it here than in PEARL HARBOR. Want babes? You'll get an eyeful every two minutes. Want more? Go out and BUY THIS VIDEO! Yowsa, Yowsa, Yowsa! That's some mighty spicy meatballs!!!",positive
"The numbers don't lie, 109 people have voted for this film. That says a great deal about the standing of one of the most intuitively insightful comedians of the late 20th century. And for those of you who know the work of Bill Hicks, if he were alive today, imagine what he would have to say about the boy president from his home state? That his short career remains unrecognized is a sad situation and this film, or rather these two films explain why. First, you see how his talent was obvious from the start, again and again, those who knew Bill Hicks always say he was not only funny, he was also unique. The film also shows how the quality of his material was too challenging for many in the entertainment industry. His drinking also contributed to his career problems, but that is less evident in this film. And then the second film is a complete performance. If you have never seen or heard Bill Hicks, this is a wonderful introduction to the person and his dark but intelligent humor. Especially due to the fact that the topics are now almost 14 years old, yet remain ironically up to date is underlined by the fact that many of the events took place under the first President Bush.<br /><br />Watching them together - first the biography and then the performance - makes you aware of how greatly talented this young man was, how quickly his life passed and how the American media can sometimes act as the great big homogenizer. Let's make sure nothing is too provocative, nothing will be too interesting And the result? Well, as the man himself said, go to sleep America, your government is in control........... In his lifetime, at least in Great Britian this artist was recognized for his talent and was successful there. 11 years after his death, 109 people at IMDb can say something about the film. After you've seen them both, I hope you understand why more people should be listening to Bill Hicks.",positive
"Although many audio recordings of great musicians like Jascha Heifetz survive, the cinematic or televised record is limited indeed. This is why musical offerings like ""They Shall Have Music"" are such rare gems. While, with modern eyes and ears, one can quibble about the plot, the perceptive viewer should put this film's unique delights in their proper perspective. The plot was designed to appeal to both young and old audiences of the era, but it remains enjoyable to this day. A important aspect of the experience of watching classic films is to see them through the eyes of the moviegoer of that era.<br /><br />I must take issue with reviewer who complains about a film that is in black and white, or who feel obliged to report that their students express such reservations. These are juvenile complaints which reflect a limited historical perspective. For the teacher, this should offer up an educational opportunity to explain the unique qualities of black and white photography and its place in cinematic history. Color can, in fact, get in the way of a good storyline, or the music. For example, the black and white photography of John Ford's ""Stagecoach,"" is, like the still photographs of Ansel Adams, an artistic masterpiece.<br /><br />As for Heifetz being wooden, I could not disagree more. If you want blatant emotional posturing, go to a rock concert. The role of a classical musician like Heifetz is to move the audience, not him or herself. Heifetz's emotion is conveyed through his playing, not through his body language. He had a rare ability to extract every emotional nuance out of the music and transfer it to his listeners. It is the listener who should be moved, not the artist.<br /><br />Incidentally, one reviewer asked about seeing Heifetz on YouTube playing the 1st movement of the Tchaikovsky Violin Concerto, with Frank McHugh in the audience. This is from the 1947 film ""Carnegie Hall,"" not ""They Shall Have Music"" ""Carnegie Hall"" is an even greater treasure of many great classical artists in their prime. We are blessed that there were film producers who, at least in these limited instances, chose to showcase these artists. In was still an era not totally overwhelmed by the lowest common denominator tripe we get today.",positive
"Just as Tom Berenger put you into the soul of Sgt. Barnes, he has done it again with Thomas Beckett. If I thought his world was folding in on him in the first scenes, it was nothing compared to how much more I felt during the last scenes. Great movie, even for a girl.",positive
"I can't believe that anyone would green light this let alone voluntarily star in it. I will never be able to get that 90 mins of my life back.<br /><br />This has to be one of the worst films I have ever seen. Some films are so bad they're good. This has gone so far round again that's somehow it's so bad it's terrible. I was not exactly expecting much, it being a low budget, bandwagon jumping, rehash of a B Movie, but it still came in way under my expectation levels. Even TV movies have higher production values.<br /><br />There were (very) poor special effects, shocking dialogue, terrible acting and a completely unexplained plot. Who cursed her and why, why did the 6 inch snakes turn into 15 foot snakes, has anyone ever heard of highly venomous garter snakes or pythons? 100 passengers? 3,000 snakes? So many promises, none delivered. <br /><br />Some comments would have you believe that this film is worth watching for the last five minutes. It's not even worth a rental. Stay in and watch a low budget TV movie, you'll enjoy it a lot more. <br /><br />Why was this made? Oh yes, to shamelessly cash in on the internet phenomenon that is SOAP. Shame on you Mallachi Brothers, shame on you",negative
"This is the Columbo that got directed by Steven Spielberg at an early point in his career. It's nothing sensational but some small hint of great things to come for Spielberg can be seen in this movie. The movie is basically in the same style as most of Spierlberg's '70's movies and TV works. So that means that some characters tend to show some quirkiness's and no I'm not just talking about the Columbo character alone. The kind of character quirkiness which perhaps can be best seen in the 1975 Spielberg movie ""Jaws"". But other than some small hints of typical early Spielberg elements, you can't call this movie the work of- and fine example of a rising director star. Not that its bad, of course it isn't but as I said earlier, it also isn't anything too sensational.<br /><br />This movie began really well and very promising but after it's fine opening, in which as always the murder occurred, the movie became sort of more slow and also dull to watch. Dull because it's mostly a Columbo movie by the book that doesn't have real memorable moments in it, not dull because it's a boring movie to watch.<br /><br />The murder itself was quite ingenious and the concept of having a crime story writer murdering his writing partner showed some great and interesting potential. The story however didn't really explored all of its possibilities. At least that's the feeling this movie left me with.<br /><br />The movie was still a good one to watch nevertheless thanks to the character of Jack Cassidy, who thinks he's smarter then Columbo, due to his mystery/crime writing experience and tries to give him all kinds of possible hints, leading away from himself. But of course Columbo knows better and he is his number one suspect from the first moment on but he as usual plays the game along.<br /><br />The movie does have a good overall style and uses some fine camera position and editing. Funny to see that also most of this was all mostly consistent with Spielberg's later work, especially some of the camera-angles.<br /><br />A fine and perfectly watchable Columbo movie but don't let the name of Spielberg attached to it rise your expectations for it too highly.<br /><br />7/10",positive
"This was indeed an amazing adaption. I missed the first episode so I unfortunately missed out on the bonding between the characters and the smooth flow of the storyline. But as soon I watched the second and then the third instalment I was just blown away. I ordered the DVD less than a week later and unable to wait for it to come I went straight out and brought the book. From the moment I opened it I was hooked, I just couldn't put it down. I decided to finish the whole book before I dare watch the DVD at all. I preferred the book because it got inside the characters minds, you could understand totally where they were coming from and what there role was within the story. They missed a lot out of the adaption which was disappointing as the book is a master piece and I think they could have done it superbly if they had been able to stretch it over a longer period of time. But considering only being able to be fitted into a 3 hour slot I think it was done excellent. It followed the main twisted storyline brilliantly. And the actors which were enrolled as the main characters where amazing! The love making scene was pure beautiful. It was so tender and loving and just showed how natural homosexual love can be. I was totally blown away with both the book and the TV adaption! I loved both of Sarah Waters previous novels and also found the Tipping the Velvet adaption quite enjoyable. But when I read and watched Fingersmith I knew none of her previous novels/adaption could beat it. Sarah Waters has indeed exceeded herself this time! I recommend that you watch this adaption! If Tipping the Velvet wasn't your thing, then don't let it put you off this one. Fingersmith is a whole new ball game. It is a beautiful yet dark twisted story about love, greed and betrayal...<br /><br />A MUST SEE!",positive
Another good Stooge short!Christine McIntyre is so lovely and evil and the same time in this one!She is such a great actress!The Stooges are very good and especially Shemp and Larry!This to is a good one to watch around Autumn time!,positive
"I want very much to believe that the above quote (specifically, the English subtitle translation), which was actually written, not spoken, in a rejection letter a publisher sends to the protagonist, was meant to be self-referential in a tongue-in-cheek manner. But if so, director Leos Carax apparently neglected to inform the actors of the true nature of the film. They are all so dreadfully earnest in their portrayals that I have to conclude Carax actually takes himself seriously here, or else has so much disdain for everyone, especially the viewing audience, that he can't be bothered letting anyone in on the joke.<br /><br />Some auteurs are able to get away with making oblique, bizarre films because they do so with élan and unique personal style (e.g., David Lynch and Alejandro Jodorowsky). Others use a subtler approach while still weaving surreal elements into the fabric of the story (e.g., Krzysztof Kieslowski, and David Cronenberg's later, less bizarre works). In Pola X, Carax throws a disjointed mess at the viewer and then dares him to find fault with it. Well, here it is: the pacing is erratic and choppy, in particular continuity is often dispensed with; superfluous characters abound (e.g., the Gypsy mother and child); most of the performances are overwrought; the lighting is often poor, particularly in the oft-discussed sex scene; unconnected scenes are thrust into the film for no discernible reason; and the list goes on.<br /><br />Not to be completely negative, it should be noted that there were some uplifting exceptions. I liked the musical score, even the cacophonous industrial-techno music being played in the sprawling, abandoned complex to which the main characters retreat in the second half of the film (perhaps a reference to Andy Warhol's 'Factory' of the '60s?). Much of the photography of the countryside was beautiful, an obvious attempt at contrast with the grimy city settings. And, even well into middle-age, Cathering Deneuve shows that she still has 'it'. Her performance was also the only one among the major characters that didn't sink into bathos.<br /><br />There was an earlier time when I would regard such films as ""Pola X"" more charitably. Experimentation is admirable, even when the experiment doesn't work. But Carax tries nothing new here; the film is a pastiche of elements borrowed from countless earlier films, and after several decades of movie-viewing and literally thousands of films later, I simply no longer have the patience for this kind of unoriginal, poorly crafted tripe. At this early moment in the 21st century, one is left asking: With the exception of Jean-Pierre Jeunet, are there *any* directors in France who know how to make a watchable movie anymore? Rating: 3/10.",negative
"Some teen agers go to an old deserted farm house left to one of them by their dead grandfather, unaware that there had been several murders there decades earlier because their grandfather had made a pact with the devil for a good harvest- couldn't the guy have thought of something better to sell his soul for? The man's grandson and his friends are set up to be the next sacrifice, for reasons which are never explained. The stereotypical teenage son and his girlfriend, the black guy with a white girlfriend, and the two lesbians have to do battle with three killer scarecrows- but, don't be tricked like I was, this isn't nearly as fun as it sounds. It's mostly just a lot of chit chat about ball kicking, dope smoking, and the lead actor complaining about never knowing his parents. The camera work is atrocious and shaky, maybe done on a hand held camcorder in some scenes, which maybe a good thing since the scarecrows look like they just came from some kid's birthday party, and apparently they could only hire two people to play the three scarecrows! Some of the best movies I've seen have been these low budget, independent horror movies, but this one is just pathetic. The cast and crew seems to have just been made up of a bunch of people who knew each other, had never acted before and had no intention of acting again, and had a few thousand dollars (I can't believe this movie cost $130.000 to make) and a weekend of free time on their hands- even the lesbian skinny dipping scene is lame.<br /><br />I think it's amusing also, that as of this writing, there is a sequel to this film which no one has even bothered adding to IMDb.<br /><br />* out of ****, and I only rate it that highly only because of the skinny dipping scene, no matter how lame it may be.",negative
"Can I just start by saying I'm a fan of bad movies. And this is a really bad movie. It states on the front 100 passengers, 3000 snakes, but I think it's more accurate to say 12 passengers and about 20 snakes.<br /><br />The snakes don't do anything particularly interesting, the whole movie in fact just blunders on with little happening. Although there is occasionally a great gore shot of pulsating arms and green goo puke (bad movies have to have green goo don't they?).<br /><br />But then the ending comes along and will quite literally smack you off you seat in hysteria. and for that, this movie gets a boost up to a 2* rating.<br /><br />There are certain movies about in the world that you will want to show to your friends, just so you can watch there reaction when a certain event happens in them.<br /><br />For example The arrival of 'Big Man' in R Kelly's 'trapped in the closet' 'The LINE' in 'Shark Attack 3' (you'll know it when you hear it) The arrival of the mama shark in 'Shark Attack 3' Almost every scene of 'troll 2' The ending of 'Dracula 3000' (just for utter disbelief and confusion) and the end of this movie proudly sits in this category. It's worth sitting through just for that. So get drunk, stoned, whatever your poison is and watch this movie with some mates.<br /><br />Quite simply, if you like bad movies, get this, but don't get it confused with 'Snakes on a plane' ... there's no relation.<br /><br />And don't pay more than a fiver for it either ....",negative
"A swedish splatter movie? Has the world gone insane?<br /><br />Probably not, but it's still not a common sight in these days with swedish gore-flicks, the b-movie business in Sweden seems to have troubles these days, long gone are the golden days of ""Rymdinvasion i lappland"". And this movie seems to have some troubles on its own: it's just too much talk in it, it still manages to be somewhat amusing mainly for the good FX, which are great for a b-movie. The script and most of the acting is still pretty bad though, but that actually don't matter that much, it's supposed to be a gore flick and nothing more, that's where it goes a bit wrong for some reason. There's is simply not enough blood to fill the void. <br /><br />Every person who know about Gert Fylking will have a good laugh over his role as a sgt. though. I nearly laughed my ass off. It's really that hilariously bad. <br /><br />Besides the good parts I've listed there's really nothing else to recommend here unless you're starved for swedish B-movies.<br /><br />4/10",negative
"I have been an avid Jane Austen fan for many years. I had never seen this adaptation, so when I had heard of it, I came here and read all the excellent reviews. On that basis I eagerly ordered it from Netflix. What a cruel disappointment! They have taken one of the most subtle and bright comic novels and made it dull. Each character seems to have been dealt a single facial expression, a single tone upon which to base their flat characters. Although this adaptation seems to have used every word that Jane Austen wrote, they appear to have been passed around to characters in a random fashion. Even though it was done as a miniseries, this adaptation manages to confuse and feel as rushed as if it had been done as a movie of the week.<br /><br />Mr. Bennett too harsh, Mrs. Bennet just a chattering chipmunk, Mr. Darcy as lifeless as a nutcracker, the Bennett girls almost indistinguishable and Mr. Wickham a man who no one would look twice at - hardly the appealing cad! I'm quite put out!",negative
"Jamie Foxx was the epitome of Ray Charles. After a few moments you stop seeing a film and see a biography played by the great man himself. Ray Charles was truly a genius of music and the movie excellently depicted that. No one has ever or will ever write, play, or record music like this musical giant. When he passed the flesh, the world lost one of it's greatest American heroes. As far as the movie, the fact that Jamie Foxx received a classical music scholarship to college and could play like Ray was an asset to the director. What could be better than that? You don't have to have a ""double"" play piano and then try to split the screen from someone else's hands to Jamie's face. It worked beautifully. I loved the fact that it also picked up how difficult Ray was. He wasn't always a nice man. You didn't also root for him. He was a drug addict, a womanizer, and sometimes just plain hard-headed. But I guess that's what made him genius so I can't fault him for that. I pick Jamie for Best Actor!",positive
"There are plenty of comments already posted saying exactly how I felt about this film so Ill keep it short.<br /><br />""The Grinch"" I thought was marvellous - Jim Carrey is a truly talented, physical comedian as well as being a versatile clever actor (in my opinion). Mike Myers on the other hand gets his laughs by being annoying. I used to like him very much in his ""Waynes World"" and ""So I Married an Axe Murderer"" days - but Ive never been fond of Austin Powers and ""the Cat In The Hat"" has just finished me off. <br /><br />This film was horrible - the gags were horrible! inappropriate for children not only in adult content but in the fact that some of them were so dated they havent amused anyone for 50 years! The plot was messy, messy, messy! Its a shame really because the children were very likeable as was ""Mom"". They probably could have picked a better villain than Alec Baldwin - but he could have pulled it off if it weren't for Myers ugly, revolting over-acted portrayal of the Cat.<br /><br />I mean - did Myers even glance at a script? Was one written? The other actors seemed to have one - but the Cat just seemed to be winging it!<br /><br />On the other hand I would like to mention that the sets and props were marvellous!!! But unfortunately they cant save this film.<br /><br />Poor Dr Seuss - the man was a genius! Dont ruin his reputation by adapting his work in a such a lazy, messy way!!!<br /><br />1/10",negative
"Went looking for this movie after i read Tom Clancy's ""Red Storm Rising"" novel. Timeless masterpiece about 13th century Russians being invaded by the Germans. Movie was made in 1938, under orders from Joseph Stalin to warn Soviets about Hitler and Germany. Battle scenes are wonderfully done, showing that you don't need computer animation to make a great fight scene. Probably Sergei Eisenstein's greatest work. Also see 'Battleship Potemkin'. Any history buff or poli-sci major should watch this movie. 10 out of 10.",positive
"I first flicked onto the LoG accidentally one night while waching television: since then, I have never missed an episode.<br /><br />It's humour is very weird, like a cross between Brass Eye's social commentary, the Fast Show's excellent one-liners, and an amazing plot that seems to develop each week without ever going anywhere. The best example of this was Hillary Briss's special stuff - what was that all about?<br /><br />The humour will not appeal to all. Some will say it's just too sick, and it's easy to see where they're coming from. Nonetheless, give it a try. If you don't like it, don't watch it, but if you do like it you'll be very glad you took my advice.",positive
"Dad (78) and I (46) both had a good time watching the flick today. For a guy primarily known for serious roles, De Niro is a heckuva comic actor. Of course, it helps to have his past film images to play against. Consider that one of those roles, 15 MINUTES, was a cop having to deal with the interference of the mass media, and you have an interesting set of compare/contrast performances.<br /><br />Murphy plays another of his Axel Foley sort of characters. Shatner plays a burlesque of himself, a parallel world self who was best known for TJ HOOKER and not STAR TREK.<br /><br />It's interesting to watch how the film comments on the contrasts between the reality of police work and its fictional counterparts in TV and film. Shatner lectures on the proper means of sliding across a car hood; De Niro points out holsters scratch the hood finish. Ironically, as the film progresses, De Niro's character begins to incorporate the illusions of TV-cop reality into the real world case he's working.<br /><br />The film draws its inspiration from a gamut of sources, so one could make the comment it is derivative. Well, so what? Satire needs to derive its humor in order to exist. And besides, the film does have quirky moments of originality. For example, I'm reasonably sure the method of the villain's death has never been done before. <br /><br />One quibble about the reality of the weapons involved-- shouldn't those guns have had some kind of recoil? In order to penetrate steel, those bullets had to have enough inertia to penetrate. And any bullet's highest level of inertia is at the moment of firing. So.... firing a volley of these tank-killer bullets should have driven the shooters back onto their butts. Oh, what the heck... it's a satire. Maybe the guns' lack of recoil is itself a satire on the B-F-Guns used so casually in thrillers. <br /><br />",positive
"Largely dense road movie with some comic relief provided by the excellent John Cleese (although he is really sending up his performance in Fawlty Towers). Seems to flip from over the top slapstick to slushy sentimentality at the drop of a hat, and the worst part of the film is that Martin and Hawn have to ""find themselves"", who they are, etc. See it at your peril.",negative
"""I haven't laughed this hard since granny got caught in the wringer,"" says one of the potheads in this hilarious quasi-spoof of all those Val Lewton and George A. Romero walking-dead movies we have come to love (or loath, depending on your personal taste) through the years. <br /><br />In this story, a young actor pair play a ghoulish prank on the rest of their troupe after, one spooky night, they visit a cemetery island. Their artistic director, Alan, pretends to bring the dead back to life by conducting a highly stylized ritual.<br /><br />Way too much screen time is misspent; the amateur dialog includes lame witticisms, melodrama and other kinds of unnecessary filler commentaries (And can't Alan stop that irritating laughter... way too much!). Once the action kicks in (which comes close to the end of this film), it's worth the wait. <br /><br />I saw this one on a late-night, local station television program that ran films very much like this one... only this one scared me at the age of 13... but then again, you might laugh your way through it, until the bitter end... ...which is probably the reason, nowadays, why very few people still wear striped hip-huggers.",negative
"This was a highly original decent movie, and a brave move for all those involved. I don't care if it's not the most well put-together movie of all time, the fact that it has Eddie Murphy doing something non-formulaic, and that I don't know what will happen next, makes it a favorite of mine. I wish more movies were as imaginative as this one, rather than the same old formula for entertainment.",positive
"Some people have stated that as of the 11th season, South Park has started a trend of leaving behind their politically biting satire for shallow spoofs; but this could not be further from the truth.<br /><br />While this episode does spoof the Living Dead series, there is more. It is a satire of how people treat the homeless. Characters say things like ""They're pretending to be just like us"" or ""They want to be human."" This episode attacks a culture of people who ignore the lower class who are often just down on their luck.<br /><br />So yes, it is still a satire, and also a wonderful spoof. What more could you want?",positive
"I think you would have to be from the USA to get a lot of the jokes. But if you liked Princess Bride and Forest Gump, You would like this movie. You can't compare the quality of the filming to those of course, but having the cameraman trip was obviously done on purpose. Killer Tomatoes is a hundred times better than Nepolean Dynamite. Just my opinion. I'm sure that people from France would not appreciate the caricatures of the French. So this film isn't for a world audience. And while I am not a trained film critic, I know what I like. I couldn't stop laughing through the whole movie. My sides and my jaws were hurting at the end of the movie.",positive
"An excellent documentry. I personally remember this growing up in NYC in the early 80's. This movie is for anyone that wasn't around during that time period.This shows the one thing the African American Gay Underclass felt was solely theirs and the love and camadrie you see is real. The people are real and sadly few are still alive as this is being written. The balls are still held but not to the extent that they were in the the nineteen eighties. That time is gone forever. This is a good pre ""homo thug"" movie. When Queens were really proud to be extroverts. Goodbye to Storyville this is another era gone but greatly documented all hail film!",positive
"It was all over with the slashers around 88 so it was time for the cheesy rip offs of those older movies. The Brain is well done, the script reminded me of Videodrome but then in a more cheesy way as said before. The acting can go through with it. But it's the effects that makes you laugh, the so called Brain is really a turkey and the blood is never shown. The opening sequence is what makes this movie worth watching, the hallucinations are really nicely done and reminded me of Nightmare on Elm Street, remember the telephone coming alive.... Some how you keep watching this flick, waiting what is happening next. It's viewable for all freaks out there cause there isn't any gore in it and as said the blood isn't there neither but there is nudity for the perverts. I have seen worser movies than this one, only wished they had made it bloodier...",negative
"This is an excellent anime movie. It is well animated, has a good intricate plot and very good music. I understand that some may think of it as a little long, but I think that it is a good length and the animation is good traditional anime.<br /><br />THREE CHARACTERS:<br /><br />The way they use Tenkai is masterly. For example the body double showing up at all these locations adds to the ominous tone of the movie. The design of Tenkai is good too, the way he looks as a monk and in the end scene the armour he is wearing.<br /><br />The old man Andou is down to earth and a very likable character. When Jiro meets him it's a turning point in the movie.<br /><br />Sanpei, the Satsuma Shinobi who infiltrated Tenkais clan saves Jiros life twice. He stays in the background most of the movie though, but he is really one of the heroes of the movie.<br /><br />THE PLOT: The plot is good. It is traditional without being unoriginal. The historical time it is acted out in is interesting, The meiji restoration. The treasure is sought after by Tenkai to restore the shogunate while when Jiro finds it he uses it to help the anti-shogunate forces overthrow the shogunate.<br /><br />The way Tenkai tricks Jiro is interesting and has sort of a ""Hamlet"" feel to it. There is also a sweet irony to the fact that if Tenkai had not gotten Jiro to become a shinobi I don't think that he had been able to kill him in the end(Maybe by firearm, but not hand to hand combat weapons).<br /><br />The plot with all the death makes it mostly very dark, but there's some light moments when we see some of Jiros childhood memories. All in all it's a good, dark, intricate plot.<br /><br />THE MUSIC: The opening theme for example is very good with the electric guitar and drums. They occasionally in that piece use what I believe to be taiko drums, but i'm not sure.<br /><br />There is a lot of good music. Like the one played while they are traveling to the Iga shinobi. I believe the piece is called ""Numatou"" and has an incredible flute in it. The flute might be a pan flute, but more probably a shakuhachi.<br /><br />The end theme ""Kamui no komoriuta"" is calm and delicate. The vocals are beautiful and so is the song in general.<br /><br />THE ANIMATION:<br /><br />The animation, while good, is not perfect and the blood that runs down the characters do sometimes appear to be orange. The transitions are interesting and I think some transitions are very nice. One example of a nice transition is when Jiro and the Iga shinobi are running, there is the sunset in the background and the music is playing. The transition is simple, but effective and has a nice feeling too it.<br /><br />MY FINAL WORDS: I think that the plot, the animation, the music and the characters make this into one of the best anime movies I have ever seen.",positive
"Footlight Parade is among the best of the 1930's musical comedy extravaganzas. A snappy script and an all-star cast including Jimmy Cagney, the lovely Joan Blondell, Dick Powell, and Ruby Keeler make this film a cut above the rest. Directed and choreographed by the creative genius Busby Berkeley, this film will have you grinning from ear-to-ear from start to finish.<br /><br />Busby, of course, is the undisputed master of the Hollywood musical with ""Gold Diggers of 1933"" and ""42nd Street"" to his credit (as Dance Director). Footlight Parade is graced by hundreds of scantily-clad chorus girls, a Berkeley trademark. The elaborate dance numbers were shot with only one camera and Busby was the first director to film close-ups of the dancers. His obsession with shapely legs and ""rear-view"" shots is amply demonstrated here. The overall effect is highly erotic and mesmerizing.<br /><br />Our boy Jimmy Cagney plays Chester Kent, a producer of ""prologues"" or short musical stage productions that were performed in movie theaters to entertain the audience before the talkies were shown. He's surrounded by crooked partners, a corporate spy, and a gold-digging girlfriend. Although Cagney had a solid background in vaudeville, this was the first film in which he showed his dancing talents. Joan Blondell is memorable as Cagney's wise-cracking, lovestruck secretary. And Ruby Keeler is adorable, as always.<br /><br />The film climaxes with three outstanding production numbers, ""Honeymoon Hotel"", ""The Waterfall"", and ""Shanghai Lil"", each one a masterpiece and not likely to be duplicated in today's Hollywood where so-called ""special effects"" have replaced creative cinematography.<br /><br />Claudia's Bottom Line: Clever and erotic, with some of the best musical production numbers ever put on celluloid. A thoroughly enjoyable Depression era romp.",positive
"It is easy for a movie that tries to be suspenseful to wind up being merely uninteresting. It happens quite often. Not only is Dark Harbor uninteresting, but it is very poorly done. Scene after scene is tacked on to an otherwise overdone premise. A troubled couple picks up a troubled stranger only to find more trouble.<br /><br />Some movies build tension by building the story. Dark Harbor keeps adding on to its story but never building upon it. I was hoping that like other movies, the suspense would finally explode. It never does. Also, the characters have no continuity from scene to scene. They may act one way in one scene, but then act a completely different way in another scene. At first, you think that they are merely out of character, but by the end you realize that they are not really characters at all. They are just props for the final twist. The final ten minutes try to be shocking. Instead, it's rather lame and uninteresting. The only thing that was shocking to me was that the movie finally ended. At less than ninety minutes the movie still feels way too long.<br /><br />This isn't one of those low-budget gems. It's more like a counterfeit watch that breaks as soon as you take it home.",negative
"Don't listen to most of these people. ill give you a better review of this movie which me and my friend love! Its about Jill Johnson, played by Camilla Belle, who babysits at the Mendrakis' house and someone breaks in. if you're wondering how he got in the house, he went through the garage most likely. so anyway, don't listen to, ""the worst acting"". it has amazing acting. with a great story. I think that there are 2 benefits that Jill has. 1. shes a fast runner and is on the track team. 2.she got out alive! lol.<br /><br />it is a cool movie and quite scary. check it out, you will be happy with this masterpiece. don't listen to the other people on the site. its very good. trust me, i am good at reviewing movies. I'm a future movie critic. i totally want to buy this movie. and you will too when you see it. it is amazingly awesome.",positive
"Within the first 5 minutes of this movie I knew I was in for one of those ""pick at the faults"" kinda movie. The acting was terrible, the script was even worse. Who ever let these people write write such crap for a movie need to be feed the Komodo's themselves. With Russian Mig jets posing as U.S. Air Force jets, and pistols that can miraculously shoot 50 - 60 rounds rapid fire without reloading is poor detail to any story. In one scene komodo are killing special forces troops at night, while in another they are explaining how the komodos and cobras are cold blooded and don't come out night!!!! Also with fantastic special effects available in today's movie industry, they were only average even for this low budget movie.<br /><br />All that being said, I did watch it to the end curious as to what other wonders bad film making could produce. Shame Shame Shame, for producing such rot!!!<br /><br />This movie should have been left on the cutting room floor!!!",negative
"This is an exquisite film about the search for some bliss in everyday life. The pacing, the camera work, the emotion, the haunting musical score and the pure charm of this picture make it a must see. It isn't easily appreciated by the immature or emotionally stunted. The only flaw I can see about this film is that it wasn't captured in a more technically perfect film format. It deserved Todd-AO, Technicolor and the very finest sound format available.(An intimate film can be made in seventy millimeter.) The gorgeous Italian villas effect on its inhabitants would have rendered even more lushly and the small lovely moments would be even more beautifully seen and heard. As it is, it still demands attention as a sweet moving small film. I can't stop myself from watching it every time it comes on satelite. The transformations of the characters from contained, tight and mistrustful is always a joy to watch and I really should recommend it more often.<br /><br />The casting is perfect, the mood is perfect, the acting is above reproach. It is a film about middle age and the choices people make.It is deep and thoughtful without beating the viewer up with heavy handedness. Watch it in one sitting and let it have its effect on you. If you don't get it, perhaps you haven't lived enough, or something else is wrong with you.",positive
"This is a gently amusing coming-of-age comedy that comes from the later, more mature period of Neil Simon's writing. Although there are plenty of wisecracks to go around, this is not one of those Neil Simon pieces where every character spouts out one-liner jokes for 2 hours like they're guest stars on a Bob Hope special. There are also dramatic elements (some work, some are overkill) that lend some weight to the story.<br /><br />The performances are good across the board, especially Blythe Danner as the mother (although she and Judith Ivey were oddly WASP-ish choices to play Jewish women). I've never been a fan of Jonathan Silverman, but I will say that he hits the right notes as the obnoxious, gawky, and totally horned-up teen-age narrator/protagonist of the story.<br /><br />The movie is very similar in tone to Woody Allen's ""Radio Days,"" but the latter is far more imaginative and funny than this one.",positive
"I have to say that there is one redeeming speck in regards to this ""film"". It firmly establishes the bottom of the barrel. Now filmmakers know what to aim above when making a movie. Other than that I regret watching this debacle. What shameless abandon the making of this ""film"" was. What a waste of $100,000 (that's right folks, ONE HUNDRED THOUSAND dollars). This ""film"" reminds me of that ""Adult Video Awards"" show in which of group of ""industrial prostitutes"" stand up a praise themselves, believing that they are real actors, actresses and filmmakers. Ironic then how I've watched blue movies with better acting, directing and writing. I also found it funny that the Executive Producer, Justin Ament, just had to be in the ""movie"". He plays Deputy Jake Barker. I'm sure his ""acting"" career has taken off... Ted Pfiffer, the writer, has a part. He no doubt was wallowing in the clichéd glory he created. It should be noted that Carrie Finklea has a lead role in the movie. You might remember her from Gus Van Sant's 'Elephant'. Though I'm not too sure that she'll want to write this film on her resume. And I'm not sure which is a more depressing point; money was spent to make this film or people are going to watch it. Along with 'Torque', 'Godsend' and 'Sky Captain and the World of Tomorrow', one of the worst films, IF NOT THE WORST FILM, of 2004.",negative
"As someone who likes chase scenes and was really intrigued by this fascinating true-life tale, I was optimistic heading into this film but too many obstacles got into the way of the good story it should have been.<br /><br />THE BAD - I'm a fan of Robert Duvall and many of the characters he has played, but his role here is a dull one as an insurance investigator.<br /><br />The dialog is insipid and the pretty Kathryn Harrold is real garbage-mouth. From what I read, there were several directors replacing each other on this film, and that's too bad. You can tell things aren't right with the story. I couldn't get ""involved"" with Treat Williams' portrayal of Cooper, either. He should have been fascinating, but he wasn't in this movie. It's also kind of a sad comment that a guy committing a crime is some sort of ""folk hero,"" but I admit I wound up rooting for the guy, too.<br /><br />Not everything was disappointing. I can't complain about the scenery, from the lush, green forests of Oregon to the desert in Arizona.<br /><br />I'd like to see this movie re-made and done better, because it is a one-of-a-kind story.",negative
I wasn't planning on watching wasted when I saw the MTV preview but since I had nothing better to do or watch on a Sunday night I watched it.<br /><br />Wasted was no Requiem for a Dream but it was a very good movie considering it was made by MTV. One thing that drew me to watching it was Summer Pheonix the sister of the late and wonderful River Pheonix stared. I suppose talent runs in the Pheonix family because she was good and so is Jaquien though niether are River. Nick Stahl also gives a great preformance as a junky jock. There isn't much else to say about wasted. It was a dark depressing and insightful look into the lives of three small town junkies. I recomend it to those who like the subject. 8/10,positive
"""Landscape after a battle"" opens with escaping prisoners over a snowy field full of fences - in rather funny movements accompanied by Vivaldis Four Seasons. A touching opening. But we soon enough learn to know these prisoners as a mob, and when they (also treated humouristic) burry a man alive, the protagonist stops for a moment, but is soon more engaged in finding books from the turndowned camp than caring about his neighbour.<br /><br />The rest of the film is set in an American camp from where the prisoners are not released, in some kind of semi freedom, semi camp. A perfect set for a study of war criminality, American camps, Polish nationalism, Catholisism, grief and human misery in general.<br /><br />Film makes an important turn. In comes women, and with them film changes light, colour and temper. At the same time it turns out that these prisoners were slaves in Holocaust. I think a main underlying political theme of the film must mankind's treatments of Jews under and after the world war, and not only the Nazi exterminations, but mankind letting it happen - and even forcing them out of Europe after the war. On an emotional level the film is about grief and the problem with letting grief come, how environment makes grief difficult, and how difficult it can be to share grief for people with different experiences. <br /><br />But the film is a carpet of underlying contradictions,humour, irony and sudden beauty. A couple of times during the film a gypsy prisoner plays on an harp, an emotional tune brutally rejected (filmatically speaking) by the protagonist. That example picks up an important essence of the film's style and theme. When it comes to humour its very comic how the protagonist constantly looses and finds back his glasses, in crowds, in hay stacks etc.<br /><br />Its not hard to understand Spielberg's respect of Wajda when you see this film. The great treatment of light can be compared with Spielberg on his best. The Grunwald intermezzo speaks for itself. Narrativly it only brings the film out of the camp, but filmatically it brings the film to dream and eternity with profound beauty. Anyhow, there is also another scene I can't let go without comment. Its the Christian Supper. Undoubtly ironical, but simultaneously deeply religious we see the transsubstantiation moment, everybody falling on their knees, while the protagonist is saved from isolation by the priest to serve as a comic altar boy. His bells are mocking the scene, but also gives it emotion and love. When Nina gets her bread, sun light falls upon her and bells ring spheric, its the peak moment of the film.<br /><br />Main actors are excellent in their roles. Olbrychski as the perfect Wajda protagonist - the doubting reflecting mind, unable to put all the aspects of his mind and emotion into life. Beautiful Celinska is with great body acting debuting in a character unable to express all her inner in her proud movements.<br /><br />Those who try to describe everything, often are unable to take nothing in consideration. This is what Wajda manages. His films are either very moving, deep or beautifully shot, but pays attention to life's and society's particularity. A moment of joy for one, is the moment of irony for a second, the moment of grief for the third, a moment of nothing for the fourth.<br /><br />There is at least two reasons to pay attention to Wajdas films of this period. First is the remarkable free expression of deep political impact. This country was the first to overthrow communism twenty years later. Second is the development of a filmatic and narrative language that Kusturica has rose to grandeur.",positive
"My mother forced me to watch this movie with her. She apparently will watch anything with a vampire counsel in it. I was bored throughout.<br /><br />At different points, Underworld: Rise Of The Lycans is reminiscent of Spartacus, Battle For The Planet Of The Apes, The Passion Of The Christ, and Mandingo! What it reminds me most of are those Italian sword and sandal pictures of the nineteen-sixties (not the good ones) that spend an inordinate amount of time showing Greek or Roman despots in robes talking and plotting incessantly while you wait impatiently for the muscle man hero and his lover, usually the despots daughter, to do something.<br /><br />This film was in desperate need of some color and suspense. The characters were pretty two-dimensional.<br /><br />The sets looked as if they were constructed entirely of pewter! I wonder how many Civil War Chess Sets were melted down to make this movie.<br /><br />All those wearing fishnet stockings on your arms and black lipstick, feel free to click NO.",negative
I am almost tempted to demand my money back from the video store. This movie plumbs the depths of inanity and is almost completely unwatchable. I NEVER bail out of a film early but this was painful to view. A thorough waste of celluloid. My vote 1/10 (it would have been zero).,negative
"I'm a large scarred heterosexual male ex-bouncer, ex-rugby player, and ex-boxer, and I love this movie.<br /><br />It's no ""Mystic River."" It's a piece of fluff. But there is room in life for fluff, and when that fluff is engagingly shot, well-acted by attractive, likable people, cleverly plotted and full of good dialogue, there's even more room for it.<br /><br />I'm not the biggest Tom Selleck fan. But he's good in this. So are Julianne Nicholson (love her bald head and freckles), Ellen Degeneres, Kate Capshaw and even Tom Everett Scott (That Thing You Do!).<br /><br />The scenery is nice, the mood is upbeat, there's heartache and wistfulness and farce and even a little redemption.<br /><br />Any (male) reviewer who disses this movie is, shall we say, not perfectly confident in his masculinity. In the meantime I'll continue to catch bits and pieces of it without apology whenever it shows up on cable.",positive
"It's now 2005 and 15+ years since this cartoon first aired. I haven't actually watched it seriously or closely in about 10 years. Now that I'm an adult in my 30s I can look back with a serious eye as I watch the episodes again.<br /><br />In concept, the cartoon is partly an homage to the classic Looney Tunes but also its own original show. There are a few episodes that are structured like the old cartoons. For example, there is a singer that attacks Buster and so he exacts revenge on this singer's concert -exactly like the old Bugs Bunny cartoon. The ensuing cartoon is similar to Looney Tunes, just in a different era. If you look at the old Looney Tunes, they did an awful lot of stuff exactly like Tiny Toons did. The old Looney Tunes made a lot of social commentary and parody. There were celebrity impersonations. There were a lot of corny period jokes, slang, and dialog. The comedy was surreal and wacky. You can say this exactly for Tiny Toons as well. The comedy styling is 'spiritually' the same. Most definitely a throwback to the classics which hadn't been done well (if at all) in cartoons in the decades prior to this show. We recognize the cultural references in Tiny Toons and we can roll our eyes when something we don't like comes up. But the reason we don't think Looney Tunes are corny is because we weren't alive back in the 40s. Also, Looney Tunes was original back in those days but today cartoons are rehashed over and over. So it's easy to perceive Tiny Toons in an unfair light due to our exposure to current events and our overexposure to cartoons in general.<br /><br />There certainly are differences in many respects - the timing, the delivery, and obviously the duration of the shows. They are two different styles from two different periods, being done under two very different circumstances - Looney Tunes being made for adults in theaters and Tiny Toons being made for kids watching TV. Even so, they did a good job making an original show with original gags AND still paying homage to and patterning after the comedy stylings of the old Looney Tunes.<br /><br />Since Tiny Toons had a lot more time to play with, they had some genuine moments of great animated inspiration. You only have to look at episodes like 1 minute to 3, the baby Plucky toilet episode.. there are so many more. For example, one of the best comedy dialog exchanges ever animated is in ThirteenSomething when Babs and Buster are on the phone in a split screen, hoping each misses the other. The miscommunication is spectacular. Notably, the character development in this episode and in several others (usually the ones penned by Deanna Oliver or Sherri Stoner) is rather good. The female characters were taken seriously as personalities and developed, unusual considering the opposite is usually true for cartoons of that period.<br /><br />This was the first modern cartoon that had lots of both pop culture-referential and self-referential humor. This was way ahead of its time. Tiny Toons really opened up a door for writers to take comic liberties that are so common in the cartoons today, instead of doing the boring old crap we endured as 80s kids. Yes, I loved Transformers and Thundercats, but Tiny Toons totally jumped away from all that. It was a breath of fresh air. Bakshi's New Adventures of Mighty Mouse may have been a precursor, but Tiny Toons made this surreal style of comedy cartoon writing a real success.<br /><br />As a kid I totally overlooked some jokes. For example, one episode is an homage to the Marx Brothers that I completely ignored as a teen. Now I have a newfound respect for it. There are so many inspired gags that I never noticed that are genuinely brilliant. It's that kind of comedy that makes me think of Looney Tunes and Family Guy. I NEVER noticed that kind of comedy as a kid. I've been thinking this for most episodes I watched recently.<br /><br />You'd notice these kinds of things if you actually WATCHED the show. Unlike some other reviewers here who I know are unfairly judging it, I've seen all the episodes and have thought about them thoroughly, exposed both as a kid and as an adult.<br /><br />You can tell there was an awful lot of care taken with the voice acting too. I'm not talking about just the main characters, but the side characters were done really well and creatively too. But back to the main characters, some of the main characters were brilliant. Tress MacNeille had, in my opinion, her best performances in this cartoon. She hasn't been the same since. Rob Paulsen also did some incredible stuff here, too.<br /><br />This is all not to say the show didn't have some bad episodes. It had plenty. It had a lot of mediocre ones, too. But by far it certainly had a lot of genuinely funny episodes. Especially back when it first aired it was actually funny to watch.<br /><br />Out of 10 I give the show an 8.5 - and kudos for pushing the envelope and breaking down the doors leading to a new era of cartoons.",positive
"Why did I have to go out and buy (yes buy!) JACK FROST 2: REVENGE OF THE MUTANT KILLER SNOWMAN??? Maybe it was a burst of temporary mental derangement? But I'm guessing it's because I kind of enjoyed the first JACK FROST. It was a silly but funny horror-comedy which had some okay effects by Screaming Mad George. That and the fact that on the back-cover of the sequel there was this nice picture of this guy impaled by this giant icicle (coming out of his mouth with a lot of blood and all). So I thought: if it's as idiotic as the first and has some nice splatter/gore in it, it should be fun, right? Well, I was so dead wrong! <br /><br />Let me first say that the movie deserves some credit for having an immensely insane and retarded plot. I mean, a mutant killer snowman on a tropical island that spawns mutant killer baby snowballs which can only be killed or harmed by bananas??? As much as I love the premise, I really hated the movie. First of all: while the first JACK FROST looked like an actual movie (seemingly being shot on real film and all), this sequel has the look and feel of a third-rate soap-opera. It has this way too slick shot-on-video look. The lighting is just plain awful (bright white spots for the day look, and stupid colors like blue and green at night). The acting... well don't even go there. The dialogues range from stiff to extremely senile (that Jamaican man was just moronic, saying ""man"" after every sentence). And when it comes to the voice of the killer snowman, all I could think of was a seventh-rate Chucky from CHILD'S PLAY spewing dumb and supposedly witty one-liners before he kills someone.<br /><br />The best joke was were one guy asks ""Why are you talking to your watch?"". And the best scene was undoubtedly the one with that beautiful Asian chick popping up out of nowhere and taking a swim in the pool totally naked (thank god for that!). Oh, yeah, and that little scene over the end-credits with those two Japanese dudes on a miniature ship being badly dubbed had me laughing too. But the worst thing about this movie was: Where was the gore and splatter action everyone is talking about? There were plenty of occasions to show some decent gory killings. A lot of people were killed off in original ways here, but all off-screen. Like I've read in many other comments, there were indeed nice set-ups to a head explosion, a crushed body, eyes being poked out, tongue ripped out,... but on the crucial moments the editor cuts away to some blood splatters on the floor or nothing at all. That frontal shot of that British guy being impaled (from the back-cover of the DVD) wasn't even in the movie. I only saw that particular killing filmed from the back (meaning I didn't see sh!t!). I was waiting throughout the whole movie for that to happen, and then I get to see nothing?!?! What a let-down! Could it be that I saw a cut version of the movie? That would be a shame, 'cause only a decent amount of splatter-fun could have saved this movie if you ask me. Seeing a lot of killer snowballs reduced to bloody pulp just didn't cut it for me. Speaking of those snowballs: they were done very poorly. They made MUNCHIES look like state-of-the-art 'animatronics'. But I guess that was the whole point of it. At some point, the special effects crew even turned to some laughably bad CGI. Boy, you really have to see it to believe it. Best is to not see it, actually, 'cause this flick is just too bad (okay, I did laugh with it, for it kept getting worse and worse). Just stick with the first JACK FROST (1996) and you'll be okay (just bare in mind that it's a pretty silly horror-comedy but fun in it's own right).<br /><br />It's funny, but writer/director Michael Cooney somehow must have realized that he was a pretty bad director after JACK FROST 2, and then focused on writing. Turns out he then wrote two pretty good thriller screenplays for THE I INSIDE (starring Ryan Phillippe) and IDENTITY (starring John Cusack). So the man seems to have some talent after all.<br /><br />Now it would be far too easy to give JACK FROST 2 the lowest rating possible. So I say one point for that naked Asian babe doing the skinny dipping and one point for those completely retarded snowball babies. Way to go Mr. Cooney!",negative
"Blackwater Valley Exorcism is set on a small town ranch where teenager Isabelle (Kristin Erickson) is found wandering around covered in dog's blood. Her parents Ely (Randy Colton) & Blanche (Leslie Fleming-Mitchell) own the ranch & are deeply worried about their daughter, recently she has not been herself & is considered a danger to herself & other's. Ranch hand & ex-priest Miguel (Del Zamora) recognises Isabelle's symptoms as a possible case of possession & when she starts to speak ancient Latin in a strange voice he becomes convinced of it. Blanche calls priest Jacob (Cameron Daddo) who is her other daughter Claire's (Madison Taylor) ex husband to see Isabelle, he confirms Miguel's suspicions & accepts the job of performing the exorcism that will hopefully banish the demon inside Isabelle & an innocent girl free...<br /><br />Directed by Ethan Wiley I was sat there in my house in front of my telly watching Blackwater Valley Exorcism & I kept asking the same question over & over again, why do I do it. Why do I keep sitting through all these awful low budget horror films that look like they were shot on a camcorder? Right lets honest about this, Blackwater Valley Exorcism is a complete total & utter unashamed rip-off of The Exorcist (1973) & you literally tick off the major plot points that the two share. There's the possessed teenage girl who starts to get very horny & suggest inappropriate things, the demon that uses past misdemeanour's against other's, the worried parents, the way that the possessed girl is shunned by doctor's, the priest with a troubled past & the possessed girl is tied to her bed amongst other things. I suppose where Blackwater Valley Exorcism is different (other than it's total crap) is that it tries to give all the character's some screen time & tries to get across how the situation is affecting them but it's so badly written & acted it just ends up being boring. The film starts with Isabelle already possessed so we never knew what she was like as a normal person so we never really care about her or what is happening to her either, the rest of the character's are poorly written & fleshed out. At times I wondered whether Blackwater Valley exorcism was a spoof, there's a silly scene in which a vet tries to sedate the possessed Isabelle with horse tranquilisers & after he states that she needs a 'little prick' he enters her room with a huge needle hidden behind his back! There are a few scenes in which people are punched accompanied by a silly comedy sound effect. The film has an uneven tone as a result as it goes between silly spoof & serious horror drama, or it did in my opinion at least.<br /><br />According to some text before the opening credits Blackwater Valley Exorcism was based on 'Actual Events', yeah right actual events from 1973 that happened in a film called The Exorcist... This piece of text also states that the exorcism scenes were supervised by a real priest. There isn't even any decent gore or exploitation to liven things up, there's a scene of a cut arm, there's a dead dog, someone is stabbed with a crucifix & that's about it. There's surprisingly no bad language in it either despite the demon trying to be offencive. I would imagine the only reason Blackwater Valley Exorcism has an adult rating is because of one very brief scene in which a pair of breast's are seen. One pair of naked female breast's is not worth the time watching this or the money you might spend on it. There is zero scares, no atmosphere & a really amateurish feel to the whole film too.<br /><br />With a supposed budget of about $1,000,000 I must say that I am wondering where all the money went, the film looks ugly & cheap throughout. There are no special effects to speak of & the production values are rock bottom. The acting is very poor from all involved, genre favourite Jeffrey Combs gets near top billing during the opening credits but has nothing more than a cameo in what amounts to about five minutes of screen time. Even he must have feared how bad this was going to be has he hides behind a moustache & a terrible accent, he is better than this.<br /><br />Blackwater Valley Exorcism is a complete rip-off of The Exorcist without anything that made that film such a classic & the makers are thirty five years too late anyway. A total turkey from start to finish.",negative
"With all this stuff going down at the moment with MJ i've started listening to his music, watching the odd documentary here and there, watched The Wiz and watched Moonwalker again. Maybe i just want to get a certain insight into this guy who i thought was really cool in the eighties just to maybe make up my mind whether he is guilty or innocent. Moonwalker is part biography, part feature film which i remember going to see at the cinema when it was originally released. Some of it has subtle messages about MJ's feeling towards the press and also the obvious message of drugs are bad m'kay.<br /><br />Visually impressive but of course this is all about Michael Jackson so unless you remotely like MJ in anyway then you are going to hate this and find it boring. Some may call MJ an egotist for consenting to the making of this movie BUT MJ and most of his fans would say that he made it for the fans which if true is really nice of him.<br /><br />The actual feature film bit when it finally starts is only on for 20 minutes or so excluding the Smooth Criminal sequence and Joe Pesci is convincing as a psychopathic all powerful drug lord. Why he wants MJ dead so bad is beyond me. Because MJ overheard his plans? Nah, Joe Pesci's character ranted that he wanted people to know it is he who is supplying drugs etc so i dunno, maybe he just hates MJ's music.<br /><br />Lots of cool things in this like MJ turning into a car and a robot and the whole Speed Demon sequence. Also, the director must have had the patience of a saint when it came to filming the kiddy Bad sequence as usually directors hate working with one kid let alone a whole bunch of them performing a complex dance scene.<br /><br />Bottom line, this movie is for people who like MJ on one level or another (which i think is most people). If not, then stay away. It does try and give off a wholesome message and ironically MJ's bestest buddy in this movie is a girl! Michael Jackson is truly one of the most talented people ever to grace this planet but is he guilty? Well, with all the attention i've gave this subject....hmmm well i don't know because people can be different behind closed doors, i know this for a fact. He is either an extremely nice but stupid guy or one of the most sickest liars. I hope he is not the latter.",positive
"One of the funniest, most romantic, and most musical movies ever; definitely worth renting/buying especially if you have a taste for older style of cinematography.<br /><br /> The animals and the songs alone will make you smile while watching the movie. A definite must for Madonna fans. :o)",positive
"THE ATTIC starts off well. The somewhat dreary story is helped greatly by the two main actors and there's a semblance of a character study going on here but the film goes downhill fast when Carrie Snodgress' character buys a monkey. Not one of those cute little monkeys. She buys a real big chimpanzee!!!<br /><br />This sudden plot device basically kills the movie. It's just not conceivable for a woman like the one Snodgress plays, who has a hard time doing anything because of her domineering father, for her to, out of the blue, buy a chimpanzee. I mean, come on! Forget about it!",negative
"This show is so full of action, and everything needed to make an awsome show.. but best of all... it actually has a plot (unlike some of those new reality shows...). It is about a transgenic girl who escapes from her military holding base.. I totally suggest bying the DVDs, i've already preordered them... i suggest you do to...",positive
"Just bought the VHS on this film for two bucks, Did I waste my money! Hey, I dig Adam ""Batman"" West and Tina ""Giligan's Island"" Louise, but hello! This third rate production is a rehash of a dozen other biker films; crazed bunch of bikers psychos ride into a hick town, beat up everybody and everything, and then are defeated in the man by a dashing hero. Adam West looks the part as a hero, but he's missing cape, and his Batman uniform. Sorry, just isn't the same. Tina L. looks really nervous and frightened the whole show, but at least we know what happened to ""Ginger"" once she was rescued from the island...LOL! The bikers are a motley group, and known of them ever acted again or at least shouldn't have. Hell Riders is Hell to Watch!",negative
"Clearly my rating for this is not to suggest it compares with the classy horrors of the likes of Argento but with other 70s low budget, drive in fare and in that department it truly is a classic. The lack of money shows, (Does anyone care too much?) the acting is adequate rather than professional, (Does that make it more realistic?) but unlike so many other movies, and not just low budget ones, this does not drag for a moment. Crap it may be but non stop crap, in your face crap and although inevitably a bit campy at times, this is a must see for anyone who has any idea what I'm talking about. At times quite delirious, this crazy little film filled out with crazy characters is clearly made for fun and fun indeed it is to watch.",positive
"This is one of the best and moodiest Vampire Tales ever! I love this movie really. The character are great, even the locations and the story. Indeed the Picture isn't a big budget production, but it is absolutely worth seeing.<br /><br />OK there are some faults (especially the Names of the Castle and the Locations) in this movie, but such mistakes are typically and are almost in every Horror Movie.<br /><br />The scenery fits perfect to the story and is close to reality,I can say that honest, because I visit them once when I was in Romania in my Vacations.<br /><br />In my opinion this is the Best Part of the Subspecies Series.",positive
"I first saw this in the theater in 1969 when I was 9 and immediately fell in love with it. I'm sad that Sony has not seen fit to release this on DVD (""but one day, one day...""). I recently obtained a VHS copy of this on eBay and sat down to watch it 39 years later. I'm happy to report it still stands the test of time. The acting is spot-on, John Williams' orchestrations are lush and Leslie Bricusse's songs memorable (""When I Am Older,"" ""You and I,"" ""Fill the World With Love,"" ""London Is London"" are just a few of the standouts. And not enough can be said about Peter O' Toole, Petula Clarke, Michael Redgrave and Michael Bryant's acting. Terence Rattigan deserves an A+ for his update of the James Hilton story. There really is nothing not to like about this film. It's a good cheer-me-up selection. Glad they have released the original soundtrack as a three-CD set with lots of extras. Wish Sony would hurry up and do the same with the film.",positive
"I am a fan of the paranormal and I love Ghost Hunters so when this show first came out I decided to give it a try. I could barely sit through one episode. The show is so obviously staged. I mean come on, every single episode involves someone being possessed or involves a demonic force trying to kill the family. Another huge flaw is that these guys never debunk anything. When I watch Ghost Hunters they find evidence and try to disprove it and if they can't then it is evidence. On this show they find a voice or a piece of video evidence and they are very quick to call it a ghost. This completely ruins their credibility unlike TAPS and Ghost Hunters who actually know what they're doing. Honestly if you're interested in the paranormal and want to watch a show about it watch Ghost Hunters.",negative
"This movie is George C. Scott at his very best, Bernard Hughes at his very best and Diana Rigg at her most pithy, and of course Paddy Chaevsky writing at ""masterpiece"" warp! There are also very brief snippets of future biggies like Susan Sarandon, Stockard Channing etc., who have one scene lines that you don't necessarily spot until your fifth or sixth time watching. Nancy Marchand as a young to middle age nurse supervisor is also superb, as well as practically every ""face"" in Hollywood of 1970.<br /><br />It is one of the few movies that gets better the more times you see it. Watch for the ""surprise"" scene ala ""Wait until Dark""! This is one of the few movies I have ever bought on DVD. It is that superb.",positive
"There are exactly 2 good things to be said about ""Fantasies"" (both mentioned by a previous reviewer as well): <br /><br />a) Bo Derek's extraordinary, poetry-inspiring beauty. She has shots in this movie where she gives even Catherine Zeta-Jones a run for her money, and that's a high compliment indeed. Her nudity is brief and discreet, but just looking at her face is enough.<br /><br />b) The Greek island setting, with its sun and crystal-clear blue waters.<br /><br />Other than that, there is no story, the dialogue is abysmal and at times unintentionally funny (""He touched you where you're a woman!""), and Peter Hooten's character is a slimy jerk. Bo overplays the naivete of her character, but then again when you have to work with dialogue this bad it's unfair to blame the actors (the fact that she kept saying the name ""Damir"" in almost every sentence is a major irritation). Oh, and although the film is set on a Greek island, there is hardly a Greek word to be heard - apparently everyone there, from kids to old people, speaks English the whole time. (*)",negative
"I don't go for that many ""heist"" comedies, and I might not care for this one if it weren't for the actors, when it was made, and when I FIRST SAW it (just a few years later). It's almost too similar to ""The Happening"" (even though it's obviously a much less serious comedy than that one) - Mafia figure takes over his own kidnapping, or rather, turns it in a different direction altogether. Of course, Raquel Welch didn't play the kind of sharp character Faye Dunaway did in The Happening, but that doesn't make it a sexist film either - she was practically playing a stock character, almost HER version of a ""moll""! But, I'm completely biased - it's among the first films I ever saw with her, and at the time I saw it, you couldn't turn around without seeing a poster of her (luckily). I think Robert Wagner was really just right as the neither thoroughly likable nor dis-likable leader of the group, as were Edward G. Robinson (naturally) and Vittoria De Sica. And Godfrey Cambridge, an actor who always managed to be funny.",positive
"I can't remember the worst film I have watched.Total waste of actors and audience time.If you prefer sitting by your TV and think when will be this film over,then this is the right film for you.Maybe this film is recorded to make people believe that Moscow has some mystique past. But I must say I have not expect anything else from Rade Serbedzija,but I have expected more from Vincent Gallo.The film lacks a plot, character,development,denouement.Entire movie is about underground tunnels and how they are mystique.I must be fair there is some camera effect but even that is too poor.Over and over are the same pictures.Total waste of time.",negative
"Well, I was hoping I'd heard wrong about this film as I'm a big fan of Ruggero Deodato and really didn't want to see him slip up; but unfortunately, this Giallo-styled supernatural load of nonsense is just as bad as I'd been lead to believe it would be - and that's pretty terrible! The plot doesn't work at all, as the film attempts to blend murders and a supernatural theme through a telephone and it all feels very forced and silly. Furthermore, the plot doesn't make much sense at all, and you have to ask yourself ""what's the point"" numerous times throughout the movie. The plot focuses on a young woman living in an apartment block and being terrorised by a telephone. The best thing about the movie is undoubtedly the presence of the beautiful English actress Charlotte Lewis, and unfortunately the good points pretty much stop there. There are a handful of deaths scenes, some of which are gory; but all of which are incredibly stupid, the one that sees someone get killed by coins sticks out especially in that respect. Overall, I really can't recommend this to anyone; non-Deodato fans are unlikely to impressed, and Deodato fans are likely to find the film depressing. Avoid!",negative
"THE FEELING of the need to have someone play the role of Arbiter of Public Taste and Political Correctness always manages to get under our skin. It does seem that these self-appointed, self-superior, pseudo-intellectual types do appear everywhere; be it in one's family, church or bowling league.<br /><br />THESE are the guys who would have society completely disregard and ignore all that went before us; unless, of course, whatever 'it' is does not fly in the face of today's ""acceptable"" language, mores and general ""standards"" of ""proper"" behavior.<br /><br />SO it is that these latter day, high tech book burners have targeted a great deal of what was Hollywood's greatest achievement; namely their participation in our own Allied Propaganda via their unselfishly crafted message and theme films.<br /><br />COLDLY brutal in its generation, the Banned Code and List of Now Unacceptable extends into the Wartime Cartoons that don't meet with the new touchy, feely socially engineered 'official' attitudes; which these ""Thought Police"" have foisted down upon us.<br /><br />WE were truly surprised to see that there seem to be volumes of such animated short subjects. The majority we are aware of are from Warner Brothers' LOONEY TUNES and MERRIE MELODIES; featuring Bugs, Daffy, Elmer & Porky, all in conflict with Hitler, Goerring, 'Il Duce', Tojo and the like. Surprisingly though, we found an ample supply of cartoons from MGM, Walt Disney, Lantz, Paramount-Famous Studios and the Brothers Fleischer.<br /><br />YOU'RE A SAP MR. JAP (Famous Studios/Paramount Pictures, 1942) is a prime example of just what we're talking about.<br /><br />BEING virtually indiscernible from the cartoons that were the output of the Studios of Max and Dave Fleischer before the 1941 business coup-de-tat that moved them out, bringing the new name of ""Famous"" Studios, YOU'RE A SAP MR. JAP bore none of the bland plot elements that would reduce the latter day Popeye Cartoons down to the level of the ultimate formula short movie.<br /><br />WE all remember how we'd have Popeye and Olive Oyl together. Enter Bluto, usually the exponent of wolf whistle and an on acceptable on-screen version of a Male reaction to feminine pulchritude. Olive falls for Bluto's less than honorable attentions; until he gets a little too physical and invariably blurts out, ""Hey Babe, how 'bout a kiss?"" At this point we hear ""Help! Help, Popeye and the diminutive sailor shows up to save the day; replete with the obligatory can of Spinach! DO we exaggerate, Schultz? ONCE again this JAP SAP cartoon is nothing like any of that. Oh sure, it follows the storyline of now having Popeye in the U.S. Navy. The Brothers Fleischer put the little guy in the service in 1941 to conform to the mood in the country and as an open gesture of support for the men now being conscripted in the first Peacetime Draft in United States History. Max and Dave even put Popeye in service aboard the mythical Battleship, the U.S.S. Pensyltucky.<br /><br />OUR point is just this. YOU'RE A SAP MR. JAP and others like SPINACH FER Britain aren't cartoon vehicles for comic relief in the Theatre's program at all in the true sense. Rather they are a sort of grouping of Editorial Cartoons much like those from any ""Great Metropolitan Newspaper"". These animated shorts, much like those still one panel illustrations, have characters that are highly symbolic and representative of Nations, Ideas and Ideals, such as a just and lasting Peace. In most cases, the hero (Popeye, Bugs Bunny or whoever) is alone with the symbol of the Enemy. Both are highly exaggerated visual metaphors for abstract concept and thought; even if they are cloaked in humorous trappings for wider palatability.<br /><br />OUR liberal stupidgencia (the antithesis of intelligencia) may not see themselves this way; but for this sort of behavior, they are no more than Neo Nazi Book burners.<br /><br />PLEASE, allow the future generations to view and appreciate a view of past happenings that is both Historical and Humorous.<br /><br />POODLE SCHNITZ!!",positive
"As a South African, living in South Africa again after a 32 year stay in the UK, I am sorry to say that this movie is a huge disappointment. The three main problems I had with the movie was a) why Swank and Ejiofor - an American and a Nigerian - to play the leads. This country is bursting with talent and has no need of imports... b) Gillian Slovo has been trading off her Struggle credentials for years now. She's a very mediocre writer and even her novel doesn't stand up the flaccid direction of Mr Hooper... and c) Hilary Swank again, such a great actor, as proved in Million Dollar Baby (but that's Eastwood too), here dressed in the contemporary New York style whilst roaming freely around the poverty of the Karoo. Where was the consideration and sensitivity needed by the costumer and director? Yes, the film is ultimately moving - how could it not be? - but the overall mood at the conclusion is one of tremendous letdown. Heart's in the right place but needs a pace maker.",negative
"not a Larry Mcmurty masterpiece but it stands on its own as a good western, any of the lonesome doves do. who ever takes on the role of Woodrow call, does a great portrayal in their own style. It's also easy to see that they were looking to use this as a stepping stone to the t.V series (both version of it) and that the writers knew how to keep the flavor alive William Peterson was awesome in this, the geeky C.S.I guy is not the character he plays in this - this guy can do it all it seems<br /><br />it's deserve to be enjoyed by those who enjoy westerns<br /><br />4out5 stars",positive
"Arnold fans will holler in joy, fans of brainless action will holler in astonishment, and Catholics will just holler.<br /><br />Illogically written by Andrew W. Marlowe and ham-handedly directed by Peter Hyams, *End of Days* gets The Terminator out of his open-backed hospital gown (Arnold Schwarzenegger's return to the big screen after his heart operation), whilst blowing things up in Mysterious Ways and blaspheming Biblical verse to give Catholics something more to whine about.<br /><br />It is 1999 and doom-sayers the world over live in trepidation of their computers going fritz and losing their downloaded porn. Even as the technological stank of Y2K muttons the New York streets, ex-cop turned alcoholic security guard, Jericho Cane (Schwarzenegger, with the perfunctory ""dead-wife-and-kid"" back-story for Loose Cannon effect), must brave theological waters to save 20-year-old virgin Christine (Robin Tunney) from being conscripted as  wait for it  The Bride of Satan. Dun dah daaaarrrh! Stupidity ensues.<br /><br />For every anti-hero, there is his anti-Christ. Gabriel Byrne is the devil here  and he's out to party like it's 1999, on a mission to impregnate Christine with the Anti-Christ between 11 pm and 12 midnight, December 31, 1999  ironically, in the hour that all porn will be lost  thereby bringing about the End of Days. Being able to read minds, conjure hallucinations and employ limitless magic, it doesn't occur to Satan to expedite the impregnation process by appearing months in advance and courting Christine as a teen model and then closing the panty raid easily at the appointed time; instead, he appears on December 28th like a Keyser Soze Terminator and wonders why she doesn't welcome him with open thighs (See above comment re: stupidity.) Here is a movie where nothing makes sense the moment it is uttered, let alone after contemplating its veracity or mythology. A priest (Rod Steiger) tells Jericho that '666' is really '999' upside down with a '1' in front of it. So wait - *Prince* is the Anti-Christ?<br /><br />Satan Soze pursues Jericho and Christine (J and C  get it?) around town, at no point doing anything which would actually precipitate their capture. In one scene, Satan recreates Jericho's wife and child to tempt him into revealing where he hid Christine. But if he can see so deeply into Jericho's mind in recreating his family with enough nuance to inspire nostalgia, why can't he see where Jericho hid Christine not ten minutes ago? <br /><br />Satan can make an assassin talk without a tongue, yet he can't make that assassin unjam a semi-automatic weapon. And when Jericho shoots Satan at point blank range, Satan is courteous enough to open his shirt to reveal the wounds closing, so Jericho won't worry unduly about Satan's health - not sanitary to go about with open bullet wounds Matter of fact, instead of simply possessing Jericho himself to get close to Christine and rape her, Satan expends so much unnecessary energy on side-projects (crucifying the tongue-less guy, blowing up Jericho's partner (Kevin Pollak) and then saving him, and then blowing him up again, ridiculously battling Jericho when he could snuff him out with the effort of thought) that we wonder whether a more efficient assassin/lover shouldn't be put on the case  say, Antonio Banderas.<br /><br />What I find most precious about *End of Days* is Arnold's valiant attempts at The Method: ""sad"" means scrunching up his eyes and not blurting out anything in a foreign accent; ""depressed"" means raising a bottle to his lips and not blurting out anything in a foreign accent; ""deathly scared"" means widening his eyes and not blurting out anything in a foreign accent. There's definitely a pattern here, if we could only decipher it.<br /><br />In the end, the devil is dispatched not by the holy men whom Catholics pray to for deliverance from apocalypses such as these, but from the atheist Jericho. While the timid men of an impotent god exhort ""faith"" and quiver in their cells doing nothing about Satan actually walking amongst them, the Prince of Darkness is thwarted by a nullifidian with a big gun and a foreign accent. Which clearly says something that Catholics blindly refuse to hear: that even if the Devil were to exist, those who have been indoctrinated to unconditionally and irrationally fear him would be unable to conjure a belief in his downfall, let alone act towards it. Further, they might not truly WANT him defeated, for only through his contrary polarity does their god's existence become tenable.<br /><br />For it is written in the Book of Revelations: ""And the Prince of Darkness shall descendeth upon the Earth without any solid game plan, and impregnate a virgin on a date which won't have any significance until the Gregorian Calendar of the 1500s adopts the day numbering which will put it in sync with the equinoxes and the Anno Domine syntax which will annoy sensible people for millennia, by which time, Christians will have forgotten Christ's actual birth date and appropriated the pagan Saturnalia festival in its stead. And the Prince shall effect a Revolution through tight purple pants and ambiguously-lesbian band members"" I can believe the people being drained of blood and crucified, and the alcoholic built like a Mr. Universe; I can believe that a giant, supernatural monster can't kill a guy armed only with a foreign accent; I can even believe that the devil needs to perform some hokey thirteenth century Celtic Druid ritual as foreplay - but what I cannot believe is the 20-year-old virgin in New York City in 1999.<br /><br />Especially around Prince...",negative
"I am a big fan of Fred MacMurray and Carole Lombard. And, in addition to them, Charles Butterworth (a very enjoyable supporting actor) was in this film,...so why didn't I particularly enjoy it?! Well, despite a good cast, this is one of the poorest written and most clichéd ""A pictures"" I have ever seen. Given the talent and money spent to make this film, it is shocking how slip-shod the writing was. I knew the film would be tedious when time after time early in the film I found myself predicting EXACTLY what would happen next--and I was always right! And this isn't because I am some sort of ""movie savant"", but was because almost no imagination or effort went into it. In fact, it seemed almost as if the film was just a long string of clichés all strung together! Also, I found it a bit irritating that Fred mistreated Carole so bad throughout the film and yet, true to convention, she came running to him in the end. Uggh! There is MORE suspense in a Lassie film (""will he bring people to rescue Timmy or will the rope he is dangling from break?"").<br /><br />Despite the very, very tired and clichéd script, there were a few positives about the film. It was pretty cool seeing Fred look like a broken lush at the end of the film--it was pretty believable and he looked like he hadn't eaten, shaved or slept in days. Also, Charles Butterworth's ""prattle"" did provide a few mildly humorous moments. But all this just wasn't enough to make this film look any different than a ""B movie"". It's a shame,...it could have been so much better.",negative
"No more corned beef and cabbage for her!<br /><br />This little romantic comedy clips along from scene to scene with a few exotic twists (some imaginary scenes and a costume party). All of this is centered around the wife of the husband(s) who is looking to break out of the doldrums, played by Gloria Swanson (she is twenty here!). Both the leading men have a natural air that is convincing and of course Swanson is perfect in all kinds of moods, from frivolous to worried to hopeful. <br /><br />Behind all the games and apparent lightheartedness is that old serious problem of staying in love and not straying in love. There's a little corniness, but director DeMille is on top of keeping it snappy and believable in all. As with many films from this period, the subtitles do not just tell what they are saying (or thinking) but often give a kind of philosophical insight, as if to justify the tragedy (or raciness). And there is that higher purpose here, probably better without the instructional text, but it's part of the narrative style, and it's kind of quaint. <br /><br />If you are looking for visual or formal amazement, you won't find it here. But as a story, well acted, and filmed with precision and economy, it's really a great example. The events might not come as a total surprise, but it's such a modern love story, set almost a hundred years ago, it's a gas. And did I saw Swanson was perfect?",positive
"This is what we can do to each other. This is the sort that everbody should see at least once.<br /><br />It does not glorify world. It shows that it is the everyday person who is killed, mained and debased by war. The person on the ""other side"" eats sleeps, laughs and cry just as we do.",positive
"Much like the comedy duo of its title, ""The Sunshine Boys"" has become a forgotten classic 30-odd years later. It's hardly mentioned alongside other great film comedies of the 1970s. This makes no sense given the singular specialness of this film, perhaps the best Neil Simon ever wrote.<br /><br />Walter Matthau plays Willy Clark, once half of a legendary vaudeville comedy known as Lewis and Clark, now a bitter 73-year-old solo act who can't get a job in a potato chip commercial. His nephew and agent Ben (Richard Benjamin) is sure he can get work if Willy will only agree to reunite with his estranged partner Al Lewis (George Burns) for an ABC-TV celebration of show business nostalgia.<br /><br />Nostalgia is what ""Sunshine Boys"" has going for it in spades, right from the start when a series of 1920s film clips showcasing various entertainers from long ago flickers before us to the accompaniment of Cole Porter's ""Be A Clown"". Then there's the film's present-day setting in Manhattan, where flared trousers and wide polyester ties abound. The periods collide in Willy's glorious mess of a Manhattan apartment, where framed photos and cartoons of long-dead celebrities stare out from the walls at lurid tabloid headlines and empty Zabar grocery bags. If you were alive in the 1970s like me, you might even feel like you were in that apartment.<br /><br />Willy clearly has been living there too long. He's sleeping in front of the television when the kettle in the other room boils. Willy wakes up and picks up the phone.<br /><br />""Hello, who is this?"" A pause. ""Never mind, it's the tea.""<br /><br />Old men living alone can be sad material in almost anyone else's hands, but Simon's deft wit and unerring feeling for character turns this adaptation of his 1972 stage hit into comedy gold. The amazing thing about ""The Sunshine Boys"" is how much it rubs your noses in Willy's almost existential condition without turning you off at all. ""89 years old and just like that, he dies of nothing'"" Willy says of one old songwriting friend, before deciding the man probably died from writing a song that rhymed ""lady"" with ""baby"".<br /><br />Burns won an Oscar for his understated performance as the gentle but steely Lewis, but it's Matthau who brings this one home, his make-up and proud but ragged bearing really selling you on the idea he was already 73 when he made this. Willy is obnoxious in the extreme, fully deserving Ben's description ""crazy freakin' old man"", but you root for him throughout, enjoying his small victories even when they come at the cost of others' patience. His lines kill you, too, especially when he's trying to kill Lewis, for whom the TV reunion turns out to be a bad idea.<br /><br />""You're out of touch!"" Willy tells Lewis at one point. ""I'm still in demand. I'm still hot!""<br /><br />""If this room was on fire you wouldn't be hot,"" Lewis replies.<br /><br />Director Herbert Ross shoots everything in a very casual and understated way, with low lighting and mid-range shots even in emotional moments so as to leave room for the comedy and the film's overall zen message of grace through quiet acceptance. You never get the feeling you are watching a movie, one of ""The Sunshine Boys"" many charms, and Ross's direction, like the acting of the three principals, goes a long way toward achieving that end.<br /><br />Comedy is hard, especially when the subjects are people watching life pass them by, but ""The Sunshine Boys"" makes it all seem a pleasure, because, for us watching, it is.",positive
"This movie had it all,action,comedy,heroics,and best of all some of the finest actors.Gunga Din will remain a classic to be enjoyed by all who like good movies.Excellent picture,i have it in my collection.",positive
"If I had never seen the first Road House, then I guess this movie might get one more star, but even then that makes it a 3 star movie. For that matter I was really surprised as to the relatively high rating it currently has.<br /><br />In reality, I was not able to finish this movie, as it was painful. Where it went wrong (at least the most obvious way) is that it pretty much parallels the original exactly even though the original plot is still referenced. This doesn't really make sense and doesn't work. Also, the acting is weak...I never felt like I was into the movie yet I felt like I was watching people act. Even good actors like Busey don't work out, probably due to the screenplay or maybe the awkward editing. The strangest thing is that the movie feels like a mid 90's B movie, yet is made in 06. I am not sure as to why, but then again, this often seems to happen with sequels for some reason. The music, the look, and the whole overall feel reminds me of movies you saw 10 years ago on Cinemax late at night. The strangest thing of all is that I am also expecting Ja Rule to come in at some point...often it reminds me of more current movies with rappers as actors.<br /><br />The most irritating thing is love interest girl who's character seems like a total rip off of the Lois Lane character on Smallville which is also quite annoying. And lets not forget the fakest sounding ""southern accents"" I have heard since Walk the Line. I realize this is common place in movies, but no accent at all would work better than attempting to sound like you are from that universal hick place on TV where anyone from any southern state (or KY and WV) sound exactly the same. Sure, people in desert towns in AZ sound just like people in Southeastern states 2000+ miles away. That was wearing thin 10 years ago in the B movies where technique came from. Why do writers / directors make such decisions? <br /><br />Bottom line: I would truly not recommend this if you are a fan of Road House or if you like good movies. Also, if you have not seen it yet, don't spoil it by seeing this version first. The original Road House was one of those accidental classics that people love and watch over and over. It was an unexpected success like American Graffiti, Dazed and Confused, and more recently Office Space, Fast and Furious (only the first one!), and Napolean Dynamite. Why did they spoil it!!!???<br /><br />They should have never made a sequel to Road House other than a high budget version with the right actors / director. Sure, you can never top the original (ex: Bad News Bears, The Longest Yard, etc.), but at least if you can do it right it will be presentable as is the case with the examples I mentioned. But to make a low budget, off-network, self production of Road House is criminal.",negative
"It was very refreshing to watch this beautiful movie. The director maintained focus on the main subject without venturing into side plots (the doctor's family or stories of the other hospital patients), that are so typical of Bollywood assembly-line products. He kept the narrative simple to comprehend and made sure all the actors are true to the characters that they are supposed to portray. The rustic ways of the grandfather in the clinic, the cold and unemotional behavior of the surgeon, the zeal of the social worker gave the movie a feel of genuineness. I am also glad that the director did not fall for the temptation of adding songs or special effects and reduce it to the level of Anand or Safar. A couple of scenes toward the end of the movie, such as the boy visiting other blind children and a blind worker's workplace and also the final scene where the boy claps at the sound of splashing and birds chirping are sure make your eyes misty.<br /><br />Many Bollywood players do not realize that Oscar committee members value simplicity of the subject and genuineness and brevity of the movie more than the glitz and glamor. Shwaas is certainly a better nomination than Lagaan, which dealt with a subject that has already been beaten to death. No MPAA member is willingly going to suffer through 4 hours of jingoistic drama and a lot of song and dance.<br /><br />I look forward to more movies from director Sandeep Sawant in the future.",positive
"An Insomniac's Nightmare is the story of a man's plunge into insanity. Having chronic Insomnia, Jack is plagued by hallucinations; causing him to try and determine what is real and what isn't.<br /><br />We find out interesting things about Jack near the end, and think that by the time the movie is over we will have a ""happily ever after"" Hollywood ending. Wrong. This is New York City, the place where nobody sleeps.<br /><br />Tess Nanavati (Writer and Director) has herself a good film in 'An Insomniac's Nightmare'. A talented filmmaker and writer (she made this film right after her High School Graduation), she has real potential and will be one to watch in the upcoming future.<br /><br />As I watched this short film I was constantly uncomfortable; between the music, bleak scenery, and realistic portrayal of an insomniac by Dominic Monaghan (as Jack), I desperately wanted to turn this off at times just to escape from it.",positive
"It is a tricky thing to play a queen. On the one hand, the actress has to be majestic and imperious, and on the other, she has to show vulnerability in a tough situation as well as the gathering of the courage and resolution to overcome the odds, since almost all movies about queens have that basic plot line. <br /><br />Emily Blunt is quite radiant as Victoria, but it's not as full a performance as I'd like, no blame to her. I can't help but feel like this is a Mills & Boon novel adaptation compared to a darker, more dramatic movie about another young queen, Elizabeth. Hence Blunt doesn't get to run the gamut of queenly emotions, at least not to the full extent, since she's, y'know, the young Victoria. To see the old Victoria, check out Mrs Brown.<br /><br />Jean-Marc Vallee is an interesting choice of director for the movie. He last did C.R.A.Z.Y., which was excellent and propelled him to fame. It was quite a different movie but I remember it looking gorgeous and that's probably the main similarity between the two movies. But while Vallee wrote C.R.A.Z.Y., this one was by Julian Fellowes, and though I really enjoyed his Gosford Park, the story for this movie was much less interesting. I soon got lost with all the governmental politics. Maybe it was less engaging because there was no potential beheading of the monarchy. I'm just saying.",positive
"Okay, I grew up on Who, but haven't loved a Doctor since Tom Baker. Christopher Eccleston made me love Who again and I'll be furious with him forever for leaving. <br /><br />The writing is grand, the acting superb, the directing (which was dreadful in the old days) is just fantastic. I was very skeptical about this programme, and watched it merely out of being forced, but am now a huge fan and love it (I have a ringtone of a Dalek screaming ""Exterminate"" then). <br /><br />A few of the things I love about the new programme -- 1) people actually notice when Rose (Billie Piper) disappears off the planet. Some of the old shows an assistant would drop off for a while, and then come home like nothing has happened, no one noticed. 2) Chris Eccleston's doc loves Rose -- romantic or not will be debated, but there is no doubt that 9 loves and cares about his companion. He'd destroy the world if he had to to save her, which the old show was lacking -- often a doctor wouldn't care if he never saw his assistants again. 3) They talk and think like real people -- when Rose is shown something outlandish or new (such as aliens) she acts like a real person would -- gobsmacked. I never liked it when an assistant from the old show, who never saw anything alien, would just fit right in and adapt instantly. I want to see the surprise on Rose's face when she sees a plastic dummy come to life. She gives that to me. <br /><br />The few things I don't like about this series: 1)nearly everything happens on earth (London or Cardiff) and I was sort of hoping for a more off-world sort of show. 2) That Eccleston left so quickly, he really made the show brilliant. <br /><br />But I can let those few things go -- I far more enjoy the series than I ever expected to, so I don't mind if they have stuff set on earth. <br /><br />Just don't take this show seriously -- it's fun, it's smart, it's entertaining, but it's not a super-serious heavy duty show. It's pure fun, and pure British, and I can't get enough. Watch it with an open mind, and just put your brain into neutral and enjoy!<br /><br />ps -- don't watch series 2 or later. series 1 was brilliant, the first few episodes of series 2 were good, but don't watch it once it gets to Love and Monsters. Utter rubbish, completely destroys the show.",positive
"With a catchy title like the Butcher of Plainfield this Ed Gein variation and Kane Hodder playing him will no doubt fly off the shelves for a couple of weeks.Most viewers will be bored silly with this latest take on the life of Ed Gien.<br /><br />The movie focuses on Ed's rampage and gives us a(few)glimpses into his Psycosis and dwelling in Plainfeild.Its these scenes that give the movie a much needed jolt.<br /><br />What ruins this is the constant focus on other characters lives and focuses less on Eds.Big mistake here.<br /><br />Kane Hodder is a strange choice to play Gein,but He does pull it off quite well,and deserves more acting credits than he gets these days.Prascilla Barnes and Micahel Barryman also show up.<br /><br />3/10",negative
Definitely one of the most witty and twisted who-dunnit I ever seen. Christopher Reeve and Micheal Caine were brilliant and kept me going through the whole affair. <br /><br />Very classy set pieces and the props really lend a sense of atmosphere to the proceedings. The minimalist feel works for the whole picture.<br /><br />My only complain isn't with the film itself but the lack of a decent widescreen edition of the movie on DVD. I own the fullscreen version (which proves I love the film enough to endure fullscreen presentation) but a awesome Deluxe or 'special' edition would most surely get my cash.,positive
This is a good example a film that in spite of the low rating is more than worth watching. The story is engaging and it doesn't take long before the chemistry between Nicole Kidman and Ben Chaplin grabs your attention. The acting is first class and the characters are represented well. Sometimes it feels like the director couldn't decide himself between drama and romantic comedy. Ben Chiller's portrayal of the law abiding and shy Englishman with porn S.M. magazines hidden in the bedroom creates plenty of moments for laughs! As does the look in Nicole Kidman's eyes when she is offering John his first taste of intimacy in a long time... Other times the actors and especially Nicole Kidman give this comedy quite expertly a dramatic slant.,positive
"Routine suspense yarn about a sociopath (Dillon) who gives his sperm to a clinic of human reproduction and starts to harrass the lives of the woman (Antony) and his husband (Mancuso). Extremely predictable, far-fetched and with undecided tone all the way. Don't lose your time with this one...make a baby instead!",negative
"The main reason to see this film is Warren William, who is in top form as the shyster campaign manager. He is electric, constantly finding ways to fool the public and defeat the opposing party in the midst of the biggest disasters. William is a great actor -- I feel he never got his due. Bette Davis as his girlfriend also shines in an under-written role. Personally, I found Guy Kibbee not quite right as the lame-brained candidate that William and the others are trying to foist on the public. He seemed more like an empty canvas than a person. I would have preferred to see a real character emerge rather than a non-character. The story itself is implausible, silly and clichéd. But Warren William and Bette Davis are well worth watching.",positive
"Okay, so I'm not a big video game buff, but was the game House of the Dead really famous enough to make a movie from? Sure, they went as far as to actually put in quick video game clips throughout the movie, as though justifying any particular scene of violence, but there are dozens and dozens of games that look exactly the same, with the hand in the bottom on the screen, supposedly your own, holding whatever weapon and goo-ing all kinds of aliens or walking dead or snipers or whatever the case may be.<br /><br />It's an interesting premise in House of the Dead, with a lot of college kids (LOADED college kids, as it were, kids who are able to pay some fisherman something like $1,500 just for a ride after they miss their boat) trying to get out to this island for what is supposed to be the rave of the year. The first thing that comes to mind about House of the Dead after watching it is that it has become increasingly clear that modern horror movies have become nothing more than an exercise in coming up with creative ways to get a lot of scantily clad teenagers into exactly the same situations. At least in this case, the fact that they were on their way to a rave excuses the way the girls are dressed. They look badly out of place running around the woods in cute little halter-tops, but at least they THOUGHT they were dressed for the occasion.<br /><br />Clint Howard, tellingly the most interesting character in the film by far, delivers an absolutely awful performance, the greatness of which overshadows every other actor in the movie. I can't stand it when well-known actors change their accents in movies, it is so rarely effective, and Howard here shows that it is equally flat to have an well-known actor pretend that he's this hardened fisherman with a raspy voice from years of breathing salty air. He didn't even rasp well. It sounded like he was eating a cinnamon roll before shooting and accidentally inhaled some powdered sugar or something. Real tough there, Clint! I expected more from him, but then again, he did agree to a part in this mess.<br /><br />Once we get to the island, the movie temporarily turns into any one of the Friday the 13th movies that took place at Camp Crystal Lake. Lots of teenagers played by actors who were way too old for their parts getting naked and then killed. The nudity was impressive, I guess, but let's consider something for a minute. These kids pay almost two grand to get out to this island to go to the Rave Of The Year, find NO ONE, and say, well, who wants a beer! Even the guy who pulled that stack of hundreds out of his wallet to get them all over there didn't think anything of it that they found a full bar and not a single solitary person in sight. Here you have the input from director Uwe Boll - There's alcohol! They won't notice that the party they came for consists of no one but themselves!<br /><br />So not only do they start drinking, not minding the fact that the whole party seems to have vacated the island, but when one of the girls goes off into the dark woods to find out where everyone is (dragging one other girl and one of the guys reluctantly along), the guy and the girl who stay behind to get smashed decide that it would be a great idea to strip down for a quickie now that they're alone. It's like they expected to find the island empty, and now that they rest of the people that they came over with were gone for a little while, they would have some privacy since there's no one else around. Brilliant!<br /><br />Now for the things that everyone hated, judging by the reviews that I've read about the movie. Yes, intersplicing shots from the video game into the movie, mostly in order to show that, yes, the movie was being faithful to/directly copying the video game. Sure, it was a stupid idea. I can't imagine who thought up that little nugget, but worse than that is the Matrix-style bullet time scenes that were thrown in over and over and over and over. After the first time (at which point I found it pretentious and cheesy for a movie like this to have a shot like that as though it was something original) it is noticeable more for the technique of the shot itself rather than any dramatic meaning or creation of any kind of tension for the film.<br /><br />One of the things that makes a zombie film scary and gets you on the edge of your seat is to have them slowly but relentlessly coming after the living humans, who are much faster but getting tired, running out of places to run, and with a terrifying shortage of things with which to fight the zombies off with. The first two are done right in the movie, the kids are terrified and don't have a lot of places to run since they're on an island, but since they caught a ride over with a smuggler, they find themselves heavily armed. And I mean that very strongly. I mean, these people have everything from machine guns to hand grenades, which removes most of the tension of the impending walking dead.<br /><br />Then you have what I call the techno-slasher scene. Since the rave never happened, and I guess since Uwe Boll thought people were going to be disappointed at not hearing any techno music in the movie, there's one scene right in the middle where all the humans are fighting off the living dead, and amazingly enough it turns into something of a music video. There's techno music blasting as the shots are edited together faster and faster until it's nothing but a blur of gory shot, mostly only about 5 frames long (which is about 1/6 of a second) flashing across the screen in time with the speed techno music. Clever, I guess, but it has no place in a horror movie because it completely removes any sense of scariness or tension of even the gross-out effect because you can't see any one thing for long enough to react to it. You're just watching these shots fly across the screen and wondering what the hell the director was thinking when he decided that it would be a good idea to put something like this in the movie.<br /><br />I've seen a lot of people compare this movie to Resident Evil, mostly claiming that it copies the premise of it, and they're exactly right. I appreciate that at least here, as was not the case in Resident Evil, it wasn't some man-made virus that turned people into walking dead that were able to infect other people, changing them the way vampires turn others into vampires. 28 Days Later was also clearly an inspiration for this movie, it's just too bad that House of the Dead didn't do a single original thing, except for the somewhat moronic idea of putting in quick shots of the video game on which it is based, just in case you forget. I really think that this should have been a much better movie. While obviously I can't say that I know much about the game it's based on, just the title and the movie poster deserve a much better movie, but unfortunately I think that's more often the case than not with horror movies. It's really kind of sad when a movie comes out that is so obviously advertised as a no-holds-barred horror film, and the scariest thing in the entire movie is the closing shot, which suggests the possibility of a sequel.",negative
"It is a shame that a movie with such a good cinematography as this one had no plot to be supported by the work of Sarah Cawley (cinematography) and Adam Lichtenstein (Film Editing), and above all, no sense of what goes on in Mexico City. The movie tries to be a very realistic depiction of life in city, but it is unable to do it. It is a shame, a lot of film wasted. An American woman tries to find her brother who has been kidnaped. The first account of the story is powerful and interesting, very realistic, but it seems that there was no effort to come with a better narrative of the ordeal, especially when it comes to the issue of the attitudes of the US embassy personnel in Mexico City, when dealing with an issue like this one. Compare, as an example, with Frantic(1988), which deals with a similar issue. Something similar can be said of the role of local authorities. Compare, as an example, with Todo el Poder (1999). The movie is worth watching if you want to get a sense of the looks of the City itself, paying little or no attention to the rather weak ""plot"" and the many twists that require a rather extensive suspension of disbelief. Who is going to believe that a Mexican patrol from Mexico City is going to go all the way to catch the main characters to the Mexico-US border? And that this policeman is going to be able to use its radio from the border to Mexico City! Only the producers of this movie. It is worth mentioning that unlike Frida and other movies about Mexico at least in these one Mexicans talk Spanish.",negative
"This is like a school video project and a propaganda film that puts the whole class as well as the teacher to sleep.<br /><br />Utterly boring long silent(yes, silent) strings of unrelated video clips.<br /><br />Instead of this movie watch the paint dry or the grass grow- it will be more interesting unless you enjoy seeing Arabs being malicious to everyone around them.<br /><br />Sulieman (the Director) should be embarrassed of this lame waste of film.<br /><br />It deserves a one for the movie quality, a zero for the ridiculous propaganda message and a negative number for the script (or lack thereof.)",negative
"The Shining, you know what's weird about this movie? This is the movie that everyone, for people who claim to not like horror films, will always say that The Shining is a terrific film. This is Stanley Kubrick's classic vision of Stephen King's horror tale of madness and blood. This is just an incredible film and wither you have seen it or not, you have heard of it, know a few lines from it, and know some of the classic images. Who could forget Jack's ""Here's Johnny!""? Who could forget ""All Work and No Play Make Jack a Dull Boy""? Who could forget that chilling ending? This is the film that is unforgettable and honestly in my opinion is Kubrick's best work. I know there is a lot of argument in that department, a lot of people say it's 2001: A Space Odyssey or Clockwork Orange or even Dr. Strangelove, but if those film pioneered film making, then The Shining perfected it. This is the tale of isolation, madness, terrifying images, and the ultimate ghost story that will crawl underneath your skin. <br /><br />Jack Torrance, Jack's son Danny, and Jack's wife, Wendy arrive at the Overlook Hotel on closing day. The elderly African-American chef, Dick Hallorann, surprises Danny by speaking to him telepathically and offering him some ice cream. He explains to Danny that he and his grandmother shared the gift; they called the communication ""shining."" Danny asks if there is anything to be afraid of in the hotel, particularly Room 237. Dick tells Danny that the hotel has a certain ""shine"" to it and many memories, not all of them good, and advises him to stay out of room 237 under all circumstances. Danny's curiosity about Room 237 finally gets the better of him when he sees the room has been opened. Danny shows up injured and visibly traumatized after Jack tells Wendy that he loves his family. Seeing this, Wendy thinks Jack has been abusing Danny. Jack wanders into the hotel's Gold Room where he meets a ghostly bartender named Lloyd. Danny starts calling out the word ""redrum"" frantically, and scribbling it on walls. He goes into a trance, and withdraws; he now says that he is Tony, his own ""imaginary friend."" Jack sabotages the hotel radio, cutting off communication from the outside world, but Hallorann has received Danny's telepathic cry for help and is on his way. Wendy discovers that Jack has been typing endless pages of manuscript repeating ""All work and no play makes Jack a dull boy"" formatted in various ways. Horrified, Jack threatens her and she knocks him unconscious with a baseball bat, locking him in a storage locker in the kitchen. Jack converses with Grady through the door of the locker, which then unlocks releasing him. Danny has written ""REDRUM"" in lipstick on the door of Wendy's bedroom. When she looks in the mirror, she sees that it is ""Murder"" spelled backwards. Jack picks up an axe and begins to chop through the door leading to his family's living quarters. ""Here's Johnny!"", and Jack's legendary image is born.<br /><br />The Shining is one of those films that you seriously have to make time to see, this is an incredible film and still gives me nightmares. Jack Nicholson's performance is timeless and unforgettable. But one I also feel is extremely overlooked is Shelley Duvall, her scene of finding Jack's rant All Work is incredible, that's a look of horror and you can see that fear in her face after realizing her husband is mad. Also another incredible scene is when Jack sees a ghost woman in the bathtub, it's honestly one of the most terrifying scenes in horror cinema. The reason this film is so well known is because it's a film of perfection, it's been on The Simpsons, it's been shown in other films and it's a film that will forever stay with you when you see it, trust me.<br /><br />10/10",positive
"One more of those brilliant young men who went all out and dared to make a teen romance film( can i actually call it that?- it would invoke the devil out of its fans)on a micro budget but packed with such taste, sensitiveness and maturity. Peter Sollett- you deserve more admiration and respect.Thanks once again for demonstrating to the powers that be in the ""industry"" that stereotypes can be flushed down the toilet. One location,a handful of rich characters, low budget,good acting(and that too amateurs),decent lighting - worshippers of true indie cinema should watch more of this and STOP watching...well...you know what.",positive
"Another brilliant portrayal by Kiefer Sutherland who plays Mickey Hayden, a cop dealing with psychic visions of murdered victims. I absolutely love movies dealing with the psychic realm, and I wasn't disappointed with ""Eye of the Killer"" (AKA After Alice). I only wish the movie had been released theatrical first.",positive
"Even if it were remotely funny, this mouldy waxwork of a film would still be soberingly disrespectful. Stopping just short of digging up the boys' corpses and re-enacting 'Weekend At Bernie's'  but only just  producer Larry Harmon and the director of the frickin' 'Ernest' films use holding the copyright as an excuse to crap all over Stan and Ollie's legacy. Gailard Sartain does a fair Ollie impersonation but Bronson Pinchot wouldn't reach tenth place in a Stan lookalike contest; even if they were both spot on the film would be no less detestable. The less said about the surrounding catastrophe the better. Makes 'Utopia' look like a dignified swan song.",negative
"I may be a sentimentalist. But i found this movie truly moving. It was the first movie that reduced me to tears. And it did it more than once!! I recommend it to anyone both gay and str8. Religious or not! Supporting co-star Jackie Bisset stole the show, especially with her one liners. The nude scenes were superbly crafted as well, and all in were good taste. Most shocking was the portrayal of the orientation reversal deprogramming instituted by the Mormon church to the lead character. It shocked me that this still goes on in the world. Nevertheless I enjoyed this movie tremendously. This is definitely the best gay film since Torch Song Trilogy. And much better than the other gay movie offering that year - The Fluffer.",positive
"Now I had the pleasure of first viewing Contaminated Man when it premiered on TV back in December of 2000.<br /><br />An infectious disease expert (William Hurt) looses his family when an unknown disease enters his home and kills them. Now some years later he is now in Russia or someplace. I'm not sure where exactly, all I know is it takes place somewhere in that area. Anyway, because of budget cutbacks at an infectious disease laboratory, they are forced to lay off most of their workers. One of them, a disgruntled security guard named Joseph Muller (played Peter Weller, best known for his role as the indestructible Robocop) goes in there and demands that they give him his job back. He needs this job because he is divorced and he needs it to pay child support. So he goes in there, a fight breaks out, and some things get knocked over, dangerous things. It's soon discovered that Muller has been infected with a deadly pathogen. In fact it's so deadly, one drop of his blood will kill a person in matter of seconds. Soon word gets out and the disease expert (Hurt) is called in to investigate and he later teamed up with an American reporter. Now Muller is determined to get home to see his wife and son and will stop at nothing even if he has to infect the entire Russian population.<br /><br />Now as I said before this film is a lot like Falling Down. We have a disturbed person (Weller here, Michael Douglas in Falling Down) who will stop at nothing to accomplish there goal even if they have to kill a few people in the process. Next we have a hero-type person (Hurt here, Robert Duvall in Falling Down) who is both sympathetic and determined to stop the antagonist.<br /><br />Contaminated Man is in fact a very good film with a good story line and some very good performances.<br /><br />8/10",positive
"What starts off fairly well (and quite disturbing) quickly sinks into an annoying mess.<br /><br />Dee Snider (of Twisted Sister infamy) apparently penned the screenplay from his own idea, and while the idea of a cyber-stalking pierce freak has potential, they really blow it here on uneven pacing, bad dialogue, and one of the greatest non-endings you'll ever see. Despite some lifeless performances, the director manages a genuinely creepy first reel. This really looks like it's going to be a good low-budget effort.<br /><br />No such luck. The plot goes all over the map, and Snider's character relentlessly spits out tiresome psychotic fortune cookie lines that are supposed to pass for meaningful dialogue. Worse, the supporting cast barely registers, and the only halfway believable dialogue comes from a young girl who helps a detective navigate the internet.<br /><br />What a waste of a great idea. Oh, and there is a new twisted Sister song, if you care.",negative
"This was a fantastic movie about two people, one a young teenage girl, and the other, a middle aged man, who are each looking for someone to help them fulfill a certain emptiness left by former loved ones.<br /><br />Both actors give brilliant performances that various audiences can relate to. The script, although written by Gorman Bechard, seems as though it was written from a woman's point of view. And at the same time, men can relate to the male characters because of how well they were developed and described in the movie.<br /><br />The end of the movie has an unusual but powerful and unexpected twist that leaves you speechless. I would recommend this film to anyone who has ever felt lonely or abandoned by a loved one. It is clear in this film that you are not alone.",positive
"I am not one of those people that will walk out of a movie that was based on source material and automatically say, ""The book was better."" I know better than to demote the value of a movie just because it wasn't a faithful adaptation. There is a lengthy process and lots of decisions that go into making a movie that are sometimes out of the director's/editor's/cinematographer's/producer's control and certainly out of the original author's control. Therefore, it is unreasonable to expect a movie to be exactly the same, word for word, as a book or play or video game or Disneyland Ride, or whatever! A movie should be judged on its own standard and how it fits in society. Moreover, a successful movie should be made because the material is relevant to the society which it belongs and, if it is based on source material, its relevance needs to be reexamined and enhanced by the filmmakers. <br /><br />Films like There Will Be Blood follow this paradigm because while it was based on a novel written at the turn of the century, Oil!, it feels relevant because of things like the Iraq war and energy concerns that the film's country of origin, the US, was and is experiencing. Even King Kong, based on the original film, benefits from using new technology and concerns of animal rights that people have.<br /><br />With that said, I just don't understand why they even bothered to make this movie? Besides the great performances, guaranteed Oscar nods and Shanley's director/writers fee and royalties he will get, this movie seems to come from nowhere. It should have simply stayed as a play. The movie (which is essentially the same as the play) says nothing new about the reprehensible sexual atrocities committed and in many cases covered up by the Catholic church here and abroad. It says nothing new or different than the original play. I can't help but compare this movie to another movie that came out at around the same time: Frost/Nixon, which was also based on a play. Frost/Nixon, while about Nixon's regrets, seems relevant because it seems to have come at a time when President Bush was about to leave office. The regrets that Nixon had, as depicted in the play/movie, about the war and his presidency could just as easily reflected on Bush and his presidency. In that respect Frost/Nixon seemed more relevant and actually benefited from a wider distribution via film because it got people talking and reflecting about the political status quo in the country at the time. In contrast, Doubt felt like it was yesterday's news and didn't seem to offer anything that the play didn't offer.<br /><br />Of course the movie is ""good,"" the performances are outstanding, and the screenplay adaptation is apt, but so what? Why didn't it just stay as a play? Why, besides marketing and financial reasons, make it into a movie? It gave audiences nothing new to discus about the awful subject.",negative
"Wow! An amazing, lost piece of Australiana AND a lost 70s glam-rock film rolled into one. This film warrants viewing simply to see what can be done with next to no budget but a lot of enthusiasm. As a retelling of the Oz story, the film borders on becoming too obvious but it is saved by it's eccentricities. The chance for a glimpse at how glam rock manifested in Australia will delight fans of the genre. This film used to be double featured with the Rocky Horror Picture Show, an indicator of the type of film that Oz is. While not as frivolous or well constructed as RHPS it's hard not to have fun with Oz.<br /><br />Surprisingly, Oz has aged well- perhaps a by-product of how determinedly set in the real Australia of 1976 it is. The passage of history shows that many of the ideas being explored would eventually enter the mainstream. The willingness of the film to give prominence to gay characters is notable, especially as it dates to the 'revolution' period for the Australian gay rights push.<br /><br />The performances range from flinchingly amateur to finely nuanced brilliance. The direction is lacking in subtlety and much of the dialogue may have benefited from an extra draft or two. Somehow, these flaws add to the appeal of the film which is mercifully unpretentious. Much like Australia in the 1970s this film has a certain naive charm.<br /><br />There are several connections to the original Australian stagings of the Rocky Horror Show which will keep obsessives on their toes.<br /><br />Oz is most certainly a minor classic and a potential cult favourite worthy of review. Laugh at the atrocious 70s fashion, swing along with the AusRock soundtrack, leave ANY expectations at the door and Oz is likely to delight.",positive
"This is definitely one of the weaker of the series of Carry On films. It lacks the usual fun and sparkle and even the cast seem embarrassed by the poor dialogue. By the time this came out, the series was in terminal decline and boy does it show! If you're coming fresh to this series, avoid this one till near the end.",negative
"In the opinion of several of my friends and family members, including myself, this is the finest of the entire gamut of Tarzan movies. Johnny Weissmuller never played the part as well in the following issues in the series. It definitely rates a ""10"" in my collection of films.",positive
"Well made documentary focusing on two Sudanese refugees who get resettled in the United States. It's your basic fish out of water story with a non-fiction twist. I found it fascinating to see how Peter and Santino lived prior to coming to America and how they adapted once they arrived here (in Houston, Texas.) They expected a sort of heaven but found out that it's a lot harder than it looks to cope well in the states. They go from hopeful idealists to somewhat more realistic skeptics. Everywhere they go they meet bureaucrats with paper trails that most citizens may take for granted. They fret that they are blacker than the African-Americans here and don't feel accepted because of that. One of the ""Lost Boys"" manages to leave Houston to go to Olathe, Kansas, where he finds conditions slightly better but still less than ideal. There are people that try to help them as well as try to hurt them in this film. Not shown, but talked about, are those who put a gun to their heads and robbed them, leading one Lost Boy to comment negatively that ""all black people in America are no good."" I found it interesting, too, that they arrived in Houston in August 2001, a month before the World Trade Center was attacked by terrorists. I had hoped to see their reaction to this tragedy but it's not mentioned at all. Still, all in all, a really well done documentary with no narration. None is needed really. The ""Lost Boys"" do a fine job expounding on the events going on around them without any help at all, thank you very much.",positive
"Footprints is a very interesting movie that is somewhat difficult to categorize. ""Psychological thriller"" is the most appropriate description I can think of. The female protagonist, Alice Cespi, discovers that she doesn't remember anything of the last three days. The only clue she has is a torn photo of a hotel. She is also haunted by a recurring, very vivid, dream about a science fiction movie that she believes she saw many years ago. In her pursuit of the truth behind her amnesia she doesn't trust anyone, but little by little it becomes obvious that she has visited the town where the hotel is located before. This is an exciting flick whose main virtue is that it is virtually impossible to predict how the events will unfold, and particularly, how it will end. The unusual loneliness of the main character and the unreliability of everyone else ensure that the good old paranoid feeling is present throughout the film, whereas beautiful colors and some spectacularly filmed sequences make this a visually attractive movie as well. The important part of the one and only Nicoletta Elmi, everyone's all time favorite redheaded obnoxious child star of Italian horror, is an extra bonus.",positive
"What on earth has become of our dear Ramu? Is this the same man who made Sarkar, Satya, and Comapny? I refuse to believe so. If AAG was Ramu's most ambitious project, he has clearly jumped off the high cliff he has ascended by giving the industry some of the greatest works of all times. This movie is made to fall like a brick. I was cringing to leave the theater, but I was forced to sit because I wouldn't have been able to take my car out of the parking lot before others also left. Else, nothing would have made me sit beyond interval.<br /><br />This movie is nowhere close to Sholay. It doesn't even come near it within a mile. I believe Ramu surely loves The Godfather more than Sholay, since Sarkar was a classic piece of work. I read Ramu's interview a couple of days back, in which the interviewer said that Ramu doesn't sleep for more than 4 hours a day, that too not at a stretch. I completely agree with this now, as his lack of sleep has probably taken its toll on the movie.<br /><br />There is no power in the performance. Amitabh Bachchan doesn't even look scary. He looked more terrifying in the few posters and wallpapers I saw earlier. Ramu's favorite Nisha Kothari did a fantastic job in Sarkar because she didn't have many dialogs (in fact none if I remember clearly). She opened her mouth in this movie, and has found a place in history. The new guy playing Jai's role seems to have that brash look, but didn't manage Jai's role at all. I cant go on... Im sorry... my pain is too big for me to manage right now.<br /><br />I promised myself throughout the movie that I will watch the original Sholay once more just to see that it is still there.<br /><br />Bottom Line: Horrible movie. The media and critics are going to cook Ramu's goose. And just to remind all readers once more, I am one of the biggest Ramu fans, and even I cant spare him for this act.",negative
"The name (Frau) of the main character is the German word for ""Woman"". I don't know if that was intentional or not, but if sure got some giggles from the German audience at the Fantasy Film Festival last year, when it was shown.<br /><br />But those were the only giggles the movie got. Not that it was aiming for giggles, it's a horrible movie for heaven's sake! A horrible movie in more than one meaning. It's a shame that a premise like that was wasted with horrible even unbearable moments for the viewer (definetely not for the faint of Heart!!)! And it wasn't even necessary to show all the things that are shown. I'm not even going into a moral obligation (because movies don't really have that kind of task or function) discussion of what is shown here, but this is a new low on the whole ""torture movement"" that has grown in the last few years!",negative
"I spent 5 hours drenched in this film. Nothing I have ever seen comes close to the delicious funk this film left me in. Never mind females advanced aging dilemma's, human fear vaults off the screen for your viewing. Personally engaging to the ninth degree, the film invests one with an undeniable shared feeling for our lives'. I enjoyed this dalliance with raw wounded gall deep from within. It empowers a mutually shared vestment in the history of human encounters reaching far deeper into the pain, isolation and skewed views of self and others. The result forgives our tepid forming of a bridge away from the muddy sludge of dead we must encounter. The birth in finding real people is a happy pursuit. The effort for realism intersects with the dark ground of our bankrupt culture.",positive
"My God, what an incredible movie it is! Reminded me so much of the similar scene in Mel Gibson's movie ""We were Soldiers"" when ""the Company is not lost, they're just cut off"" And the other scene in Pearl Harbour when the British officer says to Ben Affleck ""If all Americans are like you, then God help the nation that goes to war with America!<br /><br />Put all 3 movies together and you would have enough BULLSHIT to fertilise the entire Sahara Desert.<br /><br />The story of the cut-off Battalion may be real enough but the movie could have done without all that American preachy jingoistic propaganda attached to it. There were audible groans in the cinema during the above-mentioned scene in Pearl Harbour (no kidding either) The Lost Battalion however is really in a class of its own .<br /><br />""Americans think they are unbeatableinspired bravery. "" I actually cringed and damn near puked at all the swill being spewed out throughout this diarrhoeic disaster (the movie that is) <br /><br />The fighting scenes were well made (3 stars for that) but if the script is manure, then wrapped even in brightly coloured ribbons, it is still manure. The writer, James Carabatsos, also wrote those other screamersHamburger Hill, No Mercy , Heartbreak Ridge. Someone, please shoot him before he writes any more such garbage.<br /><br />The Director, Russell Mulcahy is an Australian too. God, the shame!!!",negative
"Great acting, great movie. If you are thinking of building see this movie first. The dollar amounts may have changed but everything else is the same. The humor is true to life and emotions are those that anyone who has built has felt.",positive
"Oliver Stone is not one to shy away from a movie or theme for that matter. He is eager to confront people with their fears or show them their ugly faces in the mirror. Look on his CV for proof! This movie is not an exception, quite on the contrary, it is another gem, that unfortunately not many have seen.<br /><br />As controversial movies go, this is one that you should be thankful for. A movie that should encourage you to think about you, the people next to you. The prejudices that do exist and that everyone of us has in one form or another. Either we like to admit it or not, but it is easier to categorize people and be like ""Ah he's 'xyz', yeah he must be like ..."". Now I might be reading too much into it, but I don't believe that. I believe that Oliver Stone is a very intelligent filmmaker and that he was aiming for those things. And if that's something you want to explore (as a movie or within yourself), than watch this film and be excited!",positive
"THE TEMP (1993) didn't do much theatrical business, but here's the direct-to-video rip-off you didn't want, anyway! Ellen Bradford (Mel Harris) is the new woman at Millennium Investments, a high scale brokerage firm, who starts getting helpful hints from wide-eyed secretary Deidre (Sheila Kelley). Deidre turns out to be an ambitious daddy's girl who will stop at nothing to move up the corporate ladder, including screwing a top broker she can't stand and murdering anyone who gets on her bad side. She digs up skeletons in Ellen's closet, tries to cause problems with her husband (Barry Bostwick), kills while making it look like she is responsible, kidnaps her daughter and tries to get her to embezzle money from the company.<br /><br />Harris and Kelley deliver competent performances, the supporting cast is alright and it's reasonably well put-together, but that doesn't fully compensate for a script that travels down a well-worn path and offers few surprises.",negative
"Well...now that I know where Rob Zombie stole the title for his ""House of 1,000 Corpses"" crapfest, I can now rest in peace. Nothing about the somnambulant performances or trite script would raise the dead in ""The House of Seven Corpses,"" but a groovie ghoulie comes up from his plot (ha!) anyway, to kill the bloody amateurs making a low-rent horror flick in his former abode! In Hell House (sorry, I don't remember the actual name of the residence), a bunch of mysterious, unexplained deaths took place long ago; some, like arthritic Lurch stand-in John Carradine (whose small role provides the film's only worthwhile moments), attribute it to the supernatural; bellowing film director John Ireland dismisses it as superstitious hokum. The result comes across like ""Satan's School for Girls"" (catchy title; made-for-TV production values; intriguing plot) crossed with ""Children Shouldn't Play With Dead Things"" (low-rent movie about low-rent movie makers who wake the dead); trouble is, it's nowhere near as entertaining or fun. ""The House of Seven Corpses"" is dead at frame one, and spends the rest of its 89 minutes going through rigor mortis, dragging us along for every aching second...",negative
"I'm sorry to see that it has been rated that low by many people. The series started off very good and after the first season it wasn't that good.<br /><br />People tend to forget the beginning of something and only look at the end. This is not good to do, you should look at the total, not the end result. It is sad that a lot of the ""usual"" characters died but, damn, we had a lot of nice NEW characters.<br /><br />Please do not attach yourself to a few characters but attach yourself to the series, the plot. Please do understand that I didn't like it when Boone died, when Augur died but well... it needs to be done. Can you imagine that everyone keeps living the whole series when they are in a lot of danger all the time? Come on, face it, if they didn't die they would be invincible. In this way you will always keep the tension, will he survive, will he die? I do realize that people attach their selves to characters, I do that too. My favorite character was Augur, the one who could get into every computer he wanted. He was the one who was mysterious, he could do things with the computer no one else could do.<br /><br />I wish to make one statement to all the people who vote negative, does a series which started so good deserve to have such low rating? Should we look at the final season instead of the total? Should we not see how good the series was when it started? Should we not see how much we enjoyed it?",positive
"This movie truly shows the farce and hypocrisy of Indian society. What it tries to show you is only ONE side of the story. The other side of the story is the hidden emotional and mental abuse of Indian children which this movie does not show.<br /><br />""Indian Parents"" are culpable for the following: a. Destroying the individuality of the children by making them completely dependent on the parents at a very early age. Such children grow up to be Adults only in physical looks but remain children in minds. Since everything has been provided to them by their great Indian parents, They children automatically do not feel the need to work hard at something or learn the basics of human communication with other human beings apart from their parents.<br /><br />B. I can show you so many Indian parents who try to prevent their kids making friends, going out or prevent them to do anything which starts making them to grow into adults.<br /><br />The reason why they do is the same selfishness. Indian parents ""expect"" their children to take care of them when they grow old. They do no savings for themselves and once they reach the age of 50...They cry out LOUD......We have grown old now and so we are dependent on you children since we have done the GREAT SERVICE of bringing you to this world and taking care of you and making you intellectually weak.<br /><br />Most of the Indian parents at the age of 50 have dilapidated bodies and health and are financially completely insecure. Most feel that they ABSOLUTELY have no need to take care of themselves since they ""expect"" their kids to take care of them.<br /><br />In the west the opposite of that happens. People start planning at the age of 20 about their retirement and once they retire they are financially secure.<br /><br />Indian parents do NOTHING of that sort since like I said they have brought the kids in the world and what better investment at that?.<br /><br />I am a victim of my Indian parents (i am sure there are countless other Indian kids like me), who have grown up physically but are still struggling with their lives on THEIR OWN and they continue to have pestering 50 year olds who cry out loud for HELP all the time.<br /><br />This movie shows only ONE side of the story.....UTTER piece of JUNK",negative
"This movie is a true reflection of the Australian resourcefulness that has been required to make this country what it is over the last 200 years. Not pompous like the British, not Gung-Ho like the Americans. If either of those countries had attempted what this crew did, it would have failed dismally. Either due to ignorance on the British part, or too much faith in superior firepower on the American side. ""True"" Australians (i.e. non-imports) are the only ones who can excel in modern military conflicts because they have had to improvise most of their adult lives. Just look at examples like Gallipoli; Paschendale; Tobruk; New Guinea and Vietnam.",positive
"Nothing really unpredictable in this movie, but a solid flick in all respects. Everything from acting to cinematography was solid. Not a perfectly linear plot line, but there wasn't anything you couldn't see coming. Perhaps a tad melodramatic at points, but again, a fairly decent movie none the less. Definitely worth checking out. If in doubt of what film to rent over the weekend, give this a go. Though you may not feel like running out and buying it, I found it to be quite worth while.",positive
"Attack Force has a horrendous title, and can almost certainly be judged by it's awful cover, because the film is horrible! A mish-mash of plot lines, a choppy mess, and a horribly stagnated pace, make the film hard to watch start to finish. I managed this and I'm proud. As a fan of Seagal's work (mostly of his old days), it's painful to see him star in such tripe. True Seagal's last half dozen movies or so, have sucked a lot, but some of them at least had some redeeming features. Attack Force is a mess. From conception to delivery this film has undergone many changes, from an alien plot line, to the current one about a highly addictive super drug, about to be unleashed on the Romanian (the film has several settings, none of which are Romanian, but all look like Romania because they are in Romania!) populace. The film is tacked together with little regard for whatever state the original shooting script was. Plot-holes and loose ends are abound in the film that's for sure. That's been a problem in Seagal's last few films as well, but never has the result been so boring. There's a whole plot line about the water supply being poisoned with CTX (that's the drugs cool name) that is never resolved! <br /><br />Of course in recent years the plot's haven't been the main draw in the Seagal canon so there was a big onus on the other departments, especially the action. Before I regard the action though, all the other departments are poor. The direction is poor, or perhaps better put, made to look poor. Who knows how director Michael Keusch originally intended this film? Between him finishing his job, the re-shoots by stunt man Tom Delmar, and the editing, a coherent auteur vision is completely lost. The best way to describe the film is that it's just all over the shop! The cinematography is dull, nearly inducing sleep, while the droning score (sounding like it was produced on the cheapest of cheap synthesizers) does nothing to excite matters. The cast too are poor, unable to salvage anything here. Seagal looks bored beyond recognition, and is dubbed through much of the picture, clearly when plot-points are being changed. He looks tired and overweight, and lethargic, unlike he's looked in previous pictures too (remarkable as the aforementioned have been key complaints in Seagal's recent pictures). The only redeemable cast member is Adam Croasdell as one of the villains, doing a slimy Brit routine. He seems to be a throwback to the alien plot line, because he's playing it inhuman. He seems like a cross between a body snatcher and a vampire (ditto to the lead villain played by some hot chick who appears on occasion, seemingly waiting for her husband Dracula).<br /><br />Finally the action. Well it's poor. Poorly conceived, poorly shot. There's not much either, and there's even less featuring Seagal. Stevo doesn't really bring out the stunt double here, because there's so little to do. There's even a lengthy (repetitive and boring) action scene on the hour mark that inter-cuts occasionally with little flashes of Seagal's stand in because clearly Seagal wasn't there while the scene was being shot, and they wanted to have him feature in the action scene. Seagal eventually appears in person to shoot two guys in the head. Seagal has a producers credit here and a script credit, but from what I understand the film has been altered behind his back to the current state it's in. Seagal will apparently not be working with these people again, or with Castel Studio's who continue to deliver horrifically sub-Nu-Image (that's saying something), material.<br /><br />Overall this is one to avoid if you are not a Seagal fan. Seagal fans can also be safe in the knowledge that the big man probably won't want to do anything this bad again. Unfortunately his next film which has already been shot, with the same people, promises to be even worse than this. *",negative
"Twenty five years ago, I showed this film in some children's classes in Entomology and can still remember the excitement of the kids; they were spellbound! It is not just about the termites who have built and live in the ""Castles of Clay,"" but also about the other animals who use the mounds. There is a fantastic scene in which a cobra fights a monitor lizard while a colony of mongooses watch. It is a not only good for entomology classes, but also for teaching about ecology since there is so much about the interactions between the termites and other organisms and the whole ecology of all of the organisms that live in and around the mounds. <br /><br />I wish it was available on DVD, so that I could watch it again and show others.",positive
"This is one of those movies I watched, and wondered, why did I watch it? What did I find so interesting about it? Being a truck driver myself, I didn't find it very realistic. No, I've never used a 'lot lizard', nor have I ever seen, nor heard about one traveling around the country in a brand new seventy thousand dollar RV, either.<br /><br />Same thing about a pimp whom has never sampled the lady in question (until the end of the movie, and well, he still really didn't...), and only getting 50 bucks 'a cut', when the prostitute gets $200.00 (well, $150.00 after his cut, yeah...).<br /><br />I still laugh at the lot lizard comment Ivey made (them's Lot Lizards, they'll screw anything with 20 bucks, and some are men dressed as woman... or something equally as weird), meaning, we're better then them, as we may still be prostitutes, but we get paid BETTER.<br /><br />Other then that, it's just a story of a young woman whom wanted something more from life then a dead end job while living at home (she's 18, remember?) and embarrassed by her mother basically doing the same thing (dead end job). At least she had a roof over her head and a job. She turned FIVE tricks on the road... I wonder if the $750.00 she made was worth it? I'd guess not.",negative
"This movie received a great write up in Blockbusters 'coming attraction' I was looking forward to the release date,08/07/02. The plot sounds reasonable, the cast alone should have guaranteed a side-splitter, but whoa there; apart from the 'off the wall betting events' this was quite a bore.<br /><br />This will never become a comedy classic, and I'm afraid it has done no help to the fine comedy reputation of John Cleese. Rowan Atkinson, now he was quite funny, in a Rowan Atkinson sort of way!",negative
"You should not take what I am about to say lightly. I've seen many, many films and have reviewed a great deal of them, in print. So when I tell you that this film has the single funniest scene I have ever seen in a movie, you might want to listen to me. There's a lot of diversity of opinion as to what makes this INCREDIBLY stupid movie as funny as it is. And to those who just didn't get, well, I can't blame them, too much. The scene I speak of, comes at about the 30 minute mark and involves a dead convict shackled to John Candy. Up until that point, I had found the film dumb, confusing and it was beginning to lose me. When this scene came up, I laughed so hard, I peed my pants. No movie has ever done that to me before. When the project began, ""Going Berserk"" was supposed to be the SCTV movie. I remember it being announced. As time went on, the cast was whittled down To John Candy, Joe Flaherty & Eugene Levy. There also must have been a regime change at Universal, while it was being shot, because upon being released, it was shown in nearly ZERO theaters. When watching this a second time, I listened to the theme song (which actually flaunts how incomprehensible the plot is, in the lyrics), relaxed my logic nerve and figured out what was going on. Aside from the aforementioned routine, ""Going Berserk"" has many other hilarious scenes to recommend it. This is almost a 3 Stooges flick, except it's much funnier. Director David Steinberg has razor sharp timing, and he must have been laughing all through this. As for Candy, who's basically in charge here, he has NEVER been funnier. With all the plot devices and explanatory scenes thrown out the window, he absolutely runs wild. Flaherty and Levy follow him effortlessly. There is a plot, but it's a plot like ""Animal House"" had a plot, and yeah, the script is uneven, and a little slow to start. Once you know this, however, you can well appreciate the full SCTV style craziness that transpires. It IS stupid, but it's stupid on purpose, and you need to remember that when you see it. DO see it, and discover for yourself, if it has the funniest scene of all time in it.",positive
"This movie surprised me. Some things were ""clicheish"" and some technological elements reminded me of the movie ""Enemy of the State"" starring Will Smith. But for the most part very entertaining- good mix with Jamie Foxx and comedian Mike Epps and the 2 wannabe thugs Julio and Ramundo (providing some comic relief). This is a movie you can watch over again-say... some Wednesday night when nothing else is on. I gave it a 9 for entertainment value.",positive
"Definitely a very good idea,screenplay was just OK.Could have been better,The positives are that it doesn't bore you if you're an adventure lover,A new idea about the lost world of Atlantis.Negatives are that I personally feel that this idea had so much more potential than this.They should've ended up with a better adventure than this.It wasn't bad at all but it would have been much better with some more runtime.Enjoyed it a lot though,Cant say that it was boring or wasn't good..A good one for the people who like adventure animations like Sindbad,like The road to el Dorado.This movie is also recommended for people looking for a nice little adventure with a very nice happy ending.",positive
"When I fist watched the movie, I said to myself, ""so a film can be made like this."" Wong Kar Wai's gorgeous poetic love story captured me throughout and even after the film. I must admit this is one of the best love movies, maybe the best of all, I have ever watched. The content and the form overlaps perfectly. As watching the secret love we see the characters in bounded frames that limits their movements as well as their feelings. Beautiful camera angles and the lighting makes the feelings and the blues even touchable. I want to congratulate Christopher Doyle and Pin Bing Lee for their fantastic cinematography which creates the mood for love. Also the music defines the sadness of the love which plays along the beautiful slow motion frames and shows the characters in despairing moods. And of course the performances of the actors which makes the love so real. Eventually, all the elements in the film combined in a perfect way under the direction of WKW and give the audience the feeling called love.",positive
"While thinking of ""The Great Escape"" I allowed my mind to wander back to this little gem of a movie from my childhood. I had read and re-read the autobiographical novel from 1949 which inspired it, and when it came to the only cinema (we never used that word then , actually) in town that showed ""foreign"" films, I was first in line to buy my ticket.<br /><br />As someone brought up on wartime newsreels and propaganda films during WWII, I had an avid interest in exploring the realities of that conflict as reflected in the memoirs and stories of men who were there in person. That extended later to a keen willingness over the years to buy any book on the subject, and eventually to read the equally compelling novels of Hans Helmut Kirst and Erich Maria Remarque, which provided an even deeper sensibility. The movie versions, however, were unlike this one in that they rarely delivered the goods.<br /><br />The medium of black-and-white film has never been served so well as it was in those years. I have never seen any technicolor version of war that seems as authentic as do the deep chiaroscuros of films like ""The Wooden Horse."" If it is true that we are destined always to be captive to the images of our childhood, then I confess it freely.<br /><br />And there will never be another the likes of Leo Genn as the emblematic British war hero on film. Not even Sir Alec.",positive
"One of the worst things a film studio can do is exploit the tragedies of others, commercializing a 'shock' or 'gore' factor in order to sell tickets to be able to buy their Birch a new diamond necklace. Another worst thing is to totally misrepresent the true facts of an incredible saga by fabricating events, dialog and images to the director's own liking. Lastly, one of the worst things a film studio can do is to use bottom-of-the-barrel actors and shoot it all on a sound stage that was rented for fifty cents a day. All three of these travesties the makers of this film are guilty of. This is, hands-down, the worst movie I have ever seen, and I've seen thousands. A score of '1' is too good for this waste of celluloid. Not only should the filmmakers be ashamed for making it, they should be ashamed for negatively exploiting the heroes of this story, which are the people who experienced this tragedy firsthand, both the living and the dead.",negative
"I think One True Thing is one of Meryl Streeps finest movies to date. Her depiction of a dying woman is perfect. I have recently lived this movie, and it touched me on more levels than I could have imagined. Meryl is truely the greatest actress to have ever walked the earth!!!!!",positive
"I approach films about talking animals with care. For every wonderful one like Babe, you get an equally poor one like the dreadful remake of Homeward Bound: The Incredible Journey. Or in the case of Cats & Dogs, you have a great idea for a film not living up to its potential. When I heard about Paulie, the premise of a wisecracking parrot didn't exactly fill me with confidence. But I found the film a pleasant surprise. And it manages to sneak its way into your heart without you realising.<br /><br />A Russian janitor, Misha Vilyenkov (Tony Shaloub) gets a job in a research laboratory. One day, he hears singing coming from the basement. And when he investigates, he finds a parrot in its cage singing its little heart out. Misha becomes fascinated with the bird, especially when it turns out the parrot can not only sing, it can talk. And not a few phrases either. Its a parrot you can actually make conversation with.<br /><br />The parrot is called Paulie (voiced by Jay Mohr), and recognises a fellow castaway in Misha. Wondering how this world to the wise bird ended up in a dusty basement, Misha convinces Paulie to tell him his life story. Which all began when he was a baby, and in the care of Marie, a five year old girl with a stutter. The two of them became birds of a feather (OK, bad pun!).<br /><br />When Marie's parents became concerned about her close friendship with a bird, they considered sending him away. And they finally did after Marie nearly injured herself in a fall after teaching Paulie to fly. Desperate to be reunited with her, Paulie begins a long journey across America, which includes a diverse number of new owners, flying great distances, and even ending up behind bars. Of a cage that is!<br /><br />Paulie was one of a number of talking animal films released by DreamWorks in the late 90s. And although it wasn't afforded the same recognition or box-office success of Babe, Paulie succeeds on quite a few levels, and is an occasional work of striking intelligence.<br /><br />Jay Mohr's stand-up style of acting is well suited to the part of Paulie. He never plays the part as too smug, even if he is a bit of a smart Aleck. Paulie's worldly, but he is also naive in his way.<br /><br />Because he's lived a rather sheltered life with Marie, when he's taken away, he has to fend for himself for the first time. And when he falls into the hands of different owners, they make promises to Paulie to reunite him with Marie, which he believes. Only for those promises to be broken time and again.<br /><br />Paulie is admittedly a little episodic. It follows the eclectic people Paulie ends up with, and how he slowly gets brought closer and closer to Marie. He first winds up in a pawn shop, where he is adopted by Ivy (Gena Rowlands), a kindly woman who teaches him the meaning of manners. She sympathises with Paulie's situation, and drives an RV across America to find Marie.<br /><br />Paulie is an occasionally very touching film. His scenes with Ivy are some of the best. Wonderful moments of Paulie perched on her shoulder singing Tom Jones numbers. The way she instills in him the need for hope is great, and some of the dialogue is quite well written and even thought-provoking: <br /><br />""There are things in life you put off, because you think you're gonna do them later. But the real thing Ivy taught me is you gotta live like there may not be a later.""<br /><br />The scene where Ivy passes away en route leaving Paulie all alone is a very heart-rending moment. And the sequence where he plucks up the courage to fly for the first time across the Grand Canyon, soaring majestically is such a beautifully composed scene it stays with you for hours after the film's over.<br /><br />Despite the occasional sad moment, there are plenty of laughs to be had. Paulie falls in with a group of performing parrots at a Spanish outdoor restaurant. The animatronic effects here are really excellent as four birds do a perfectly choreographed dance number. And Paulie even gets to have a romance. Which is dashed when he falls in with a petty thief (played by Mohr as well). That may be the only complaint I have. As soon as you get comfortable with one situation, the film then moves Paulie on to another.<br /><br />The scene where Paulie is taught to steal money from ATM machines is funny, but a little disturbing too. I'm amazed DreamWorks were granted the chance to include such a scene in a kids film. And Paulie's diamond robbery is very Mission Impossible. He's caught in the act, and shipped off to the lab for animal testing, where he's remained ever since.<br /><br />The story finally comes full circle at the lab, where Misha vows to help Paulie. Of course they do find Marie. But the final revelation is a scene of such shocking intensity, I was left numb for several minutes. Paulie may never get the longevity Babe has, but I believe its an equally brilliant film. The same laughs. The same flawless effects. And the same surprising intelligence.<br /><br />A minor gem.",positive
"One thing about Hollywood, someone has a success and it's always rushed to be copied. And another thing is that players give some of their best performances away from their home studio.<br /><br />Rock Hudson got such accolades for his performance in the Texas based film Giant that Universal executives must have thought, let's quick get him into another modern Texas setting.<br /><br />Similarly Robert Stack got great reviews for The High and the Mighty as the pilot who was cracking under the strain of flying a damaged aircraft that it was natural to give him another crack up role.<br /><br />Both of these ends were achieved in Written on the Wind. Before Hudson was the big ranch owner, now he's the son of a hunting companion of Robert Stack's father who took Hudson under his wing. In other words the James Dean part without the James Dean racism from Giant. <br /><br />Lauren Bacall is the executive secretary of an advertising agency that Stack's Hadley Oil Company uses. Hudson likes her, but she's dazzled by Stack's millions and when he woos a girl he's got the means to really pursue a campaign. She marries Stack.<br /><br />And last but not least in the mix we have Dorothy Malone who's Stack's amoral sister who has a yen for Rock, but Rock ain't about to get tangled up with this wild child. <br /><br />Dorothy Malone spent over 10 years in a whole bunch of colorless film heroine roles before landing this gem. She got a Best Supporting Actress Award for her part as Marilee Hadley and it was well deserved.<br /><br />If you like splashy technicolor Fifties soap opera than this is the film for you.",positive
"I believe an entire book can be written about the odyssey to remake the classic film on which this film is loosely based. When Hollywood first started talking about such enterprise, the reaction was always negative because there were just too many aspects that could have gone wrong, starting with the solid ensemble that made the original unforgettable, and that's exactly where things begin souring here, with the selection of actresses that otherwise can do remarkable work, but that are not suited to the parts, and sadly enough, have been directed with the heavy hand of a director that doesn't understand or appreciate the source material.<br /><br />It seems as if there is no focus or direction, or as if the direction that has been taken is to obliterate anything that was good about the original film. This is called an updating, as in let's drain the story out of humor, snappy dialogue, and any interesting premise. Most of all, let's prove that women have come a long way, except that the problem is that we don't really get (at least by watching this film) where the women are truly going.<br /><br />For starters, casting Meg Ryan in the central role proves almost fatal to the movie because somehow she seems to have locked herself into some sort of limbo where women don't really change appearances, even after 20 years of working in the movies. Her Mary which proved to be a difficult role in the 30's, somehow grew from her interaction with the other stereotypes, like Dorothy in ""The Wizard of Oz"" by learning, observing, and realizing that she had a choice in the matter. It might not have been a choice that women would celebrate nowadays, but it was fun ride, and part of the fun, was the catty, silly, sometimes slapstick routines that elevated that movie into the realm of the sublime. In here, we are down to earth with a thud. By changing the nature of Sylvia, the film has lost a lot of its spark, and it isn't in anyway Annette Bening's fault. I couldn't help but admiring how she tried to save this sinking ship and got a sinking feeling as she struggled with the horrible lines she was handled. Thankfully I entertained myself by looking at some of her terrific outfits and kept reminding myself how talented this lady really was. Her Sylvia is wise but flawed, and she could have been a great creation. Unfortunately Ms. English wasn't paying attention to her own work and loses control of the one character that could have turned the film into a fresh direction.<br /><br />Yet that wasn't the biggest blasphemy of them all. In the original, we have Joan Crawford doing probably one of the best performances by a woman. Her Crystal is legendary, with conniving lines, incendiary moves, duplicitous maneuvers, and some very sexy poses. She was the link between the male and the female, and through her we knew what the whole catastrophe was about. She provided the tension between men and women. She was dangerous, sexy, the ultimate femme fatale. A woman of intelligence that we feared and admired, and most importantly, we wanted to destroy to save our heroine. Eva Mendes, as gorgeous as she is, is two dimensional in this outing because of weak writing, and once again, some bad casting.<br /><br />There are more atrocities in the film, such as the addition of a terrible role for Mensing as the dedicated mother who lives for having babies, and the rather annoying lesbian turn by Pinkett. Then comes the biggest waste of talent in the movie, as Bette Middler, who is a little unrecognizable in her make up, shows the spark of what could have been. Her acidic delivery reminds us of the contemporary angle the film could have taken. Her words revive and put a big of much needed naughtiness in the film, and it is exciting to see that it could really fly, then she is gone. She is in the film all of six minutes, and she fades away in the middle of the muddle.<br /><br />Here is a movie that raised our anticipation level and truly disappointed us, a film that could have joined the successful ""Sex in the City"" who made an amazing transition to the big screen because it respected its source material and didn't compromise. It gave us more, bigger and better adaptation. It truly updated what had made it successful before. ""The Women"" in its present reincarnation needs to go back and rework itself, much like ""The Hulk"" did it this year, find more suitable performers, a really good writer, and most of all, someone who truly treasures what good movies are about.",negative
"this isn't 'Bonnie and Clyde' or 'Thelma and Louise' but it is a fine road movie. it sets up its two main characters gently and easily. viewers learn the underlying tensions quickly, which is a tribute to the director. there is the young french (and English) speaking son who wants to do well in France, has a french girlfriend and who drinks alcohol, parties as young men do. And there is his moroccan arabic (and french) speaking father who devoutly follows his Muslim faith, with generosity and the wisdom of elders and who rejects the new culture surrounding him (like mobile phones). the film could explore very powerful politics - the odd couple drive thru the former Yugoslavia, thru Turkey and then thru the Middle East to get to Mecca. these are areas where the Muslim populations have been involved in wars, repression, ethnic cleansing; where dictators have pursued torture and summary executions to hold power and where religious communities are in constant deadly battle with each other. yet the film moves thru those places and possibilities with only hints of such agendas. the relationship between the two is key to this film, and faith, politics are the backdrop. it seems to be saying that we are all human, and need to understand and care for each other in order to manage well in this world. it certainly isn't 'Natural Born Killers' and is all the better for it.",positive
"There is a reason to call this a teen flick. Out of 100 possible points I would put it somewhere in the teens. It is predictable, the acting is horrible, especially the minor roles, and above all else it is super predictable. The ending is so hokey that I should have left early and maybe it would have passed. By the way, could you call the male lead a pervert? I bet if it really happened, someone in my school district would have said so. Finally, in the school I grew up in, even though the average class had over 1000 students, we could have picked out a chump like Josie as being a fraud and we would have singled her out of the crowd. My final word is save your time, when it comes on TV watch something better, like the stock quotes.",negative
"In Holland a gay writer Gerard (Jeroen Krabbe) gives a lecture. He stays overnight with a beautiful woman Christine (Renee Soutendijk) and has sex with her (by imagining she's a boy). He plans to leave the next day, but gets a look at a picture of Christine's hunky boyfriend Herman (Thom Hoffman) and decides to stay to have a try at him. Then things get strange.<br /><br />A big X-rated art house hit in the US in 1983. Why was it X rated? Let's see...there's strangulation, full frontal male and female nudity, castration, mutilation, simulated sex, a scene in a church with a cross that will shock most people, a gay sex scene in a crypt...and it's all a comedy!!!!! Paul Verhoeven made this after ""Spetters"". ""Spetters"" was attacked by the critics for it's extreme sexual sequences and denounced as trash. So, Verhoeven filled this film with very obvious symbolism thinking the critics would think it was art and praise it. He was right! Critics loved the film not realizing that Verhoeven was playing a big joke on them. Still, it's a great film. <br /><br />It's beautifully shot by Jan de Bont (now a director himself) and there's so much symbolism and obvious ""hidden"" layers in the dialogue that you're never bored. All the acting is great--Krabbe plays a thoroughly despicable character but (somehow) has you rooting for him; Soutendijk is just stunning to look at and plays her part to perfection--the little smile she gives when Gerard agrees to stay with her is chilling; Hoffman is extremely handsome with a great body--he deserves credit for doing the church sequence and going at with Krabbe in the crypt.<br /><br />This is not for people easily offended or the weak of heart, but if you like extreme movies that playfully challenge you (like me) this is for you! A 10 all the way.",positive
"Anyone who thinks Kool Moe Dee, Carol Alt, and Corey Feldman comprise a list of good actors must be smoking something I'd love to try sometime. Where to begin: lousy soundtrack, hammy acting, ""action"" in places. This is the typical amateurishly written hack fodder that washed-up has-been and never-was's love to star in. I actually felt embarrassed for the ""stars"" in this ""film"". The only thespian missing to top this turd was Gary Coleman, who if he would have been in the movie, would have made it at least somewhat howlingly bad, rather than just plain bad.<br /><br />There was one part in the film where Carol Alt screamed, ""DO YOU THINK I'M AN IDIOT?!?"" Yes, Carol, I do, your agent does, and PLEASE for the love of all that is decent and holy... GO AWAY and stop degrading yourself like this! This film is something Anna Nicole Smith would take part in.<br /><br />I would tell you what the plot was, but that would be one more sentence fragment to this article, plus my mind drifted many times during the movie anyway, so I barely paid attention.",negative
"""Don't Drink the Water"" is an unbelievably bad film. It's based on a 1966 Broadway play by Woody Allen. It stars Jackie Gleason, the comic genius behind ""The Honeymooners"". The director, Howard Morris, has appeared in several Mel Brooks comedies (Life Stinks, High Anxiety, Silent Movie)and has made a mark in animation (characters he has voiced include Gopher from ""Pooh"", Jughead (Archie)and Beetle Bailey) What went wrong?<br /><br />I think the problem is that the premise is played out too seriously to work effectively. Allen's original play was tongue-in-cheek, which is why it worked on Broadway and in Allen's 1994 remake. The screenplay by R.S. Allen and Harvey Bullock beats the premise to death and makes too many changes from the original play. Making Gleason's wife an airhead in this version when she was a headstrong woman in the original is just one example of why this doesn't work.<br /><br />The acting isn't much better. Gleason does the best he can with the material, but he can't save this. Gleason was a comic genius , but also a fine actor as he demonstrated in ""The Hustler"" and ""Soldier in the Rain"". His abrasive personality could have worked here, but the lousy script doesn't even give him a chance. Too bad. Estelle Parsons' airhead wife will drive you nuts after 20 minutes. See how soon it'll take for YOU to want to strangle her. That is also a shame because she is also a fine actress, having turned in two exceptional performances in ""Bonnie and Clyde"" and ""Rachel, Rachel"" None of the other actors do particularly well either.<br /><br />Woody Allen hated this film so much that he remade the film in 1994 with himself and Julie Kavner (Marge Simpson) in the leads. They manage to hit all the right notes and the film itself is a comic masterpiece. It's finally on video after a long battle over rights. Do go out and find that version. All the 1969 original is good for is clearing out unwanted guests who overstay their welcome.<br /><br />1/2* out of 4 stars",negative
"I was dragged to this movie about four years ago by a French actress friend of mine.<br /><br />For the first half hour I was sitting in my uncomfortable seat at the New Beverly theater in Hollywood, hating this film, hating myself and even hating the French actress. And then...<br /><br />I don't know what happened but I was pulled into the film in a way that I hadn't been in years. And this was despite the fact that one of the projectors broke and they had to do each changeover by hand. I was in the theater for close to four hours, but it was worth it. <br /><br />I believe that great movies pull you inside a world, make you a part of it and then drop you off to talk about with your friends over coffee or a drink. This film did that. It was one of the best filmgoing experiences I have ever had.<br /><br /> <br /><br />",positive
"Although I'm a girl, thankfully I have a sense of humor and realize that this really IS a funny anime! Watching it does give you an overwhelming feeling that it's definitely a guy show but that doesn't take away from the fact that its hilarious! 10/10",positive
"I'm hearing rumors of an upcoming ""Leonard Nimoy Demonstrates the Blu-ray Disc"". With advances over the past 25 years ranging from Steady-cam to CGI, it'll be interesting to see if the franchise can be reinvigorated. I just hope it helps to remove the bad taste left in my mouth by that whole Magnavision demonstration fiasco.<br /><br />And yes... ""Leonard Nimoy Demonstrates the Betamax VCR"" was a brilliant milestone in entertainment history. After the tentative ""Leonard Nimoy Demonstrates the Compact Cassette"" and the downright tacky ""Leonard Nimoy Demonstrates the 8-Track Tape"", who would have expected such a glorious piece of cinema? I'm weeping right now just thinking about it.",negative
"Unfortunately, one of the best efforts yet made in the area of special effects has been made completely pointless by being placed alongside a lumbering, silly and equally pointless plot and an inadequate, clichéd screenplay. Hollow Man is a rather useless film.<br /><br />Practically everything seen here has been done to death - the characters, the idea and the action sequences (especially the lift shaft!) - with the only genuinely intriguing element of the film being the impressive special effects. However, it is just the same special effect done over and over again, and by the end of the film that has been done to death also. I was hoping before watching Hollow Man that the Invisible Man theme, which is hardly original in itself, would be the basis of something newer and more interesting. This is not so. It isn't long before the film turns into an overly-familiar blood bath and mass of ineffectual histrionics - the mound of clichés piles up so fast that it's almost impressive.<br /><br />On top of all this, Kevin Bacon does a pretty useless job and his supporting cast are hardly trying their best. Good points might be a passable Jerry Goldsmith score (but no competition for his better efforts), a quite interesting use of thermal imagery and the special effects. I was tempted to give this film three out of ten, but the effects push Hollow Man's merit up one notch.<br /><br />4/10",negative
"Darr is a great movie! Shahrukh plays an obsessed lover who will do almost anything to win over his lady which in this case is Juhi Chawla. Little does Juhi know in the film that Shahrukh has a MAJOR crush on her and is constantly stalking her. I have to admit, some of the things he did in this movie were pretty creepy... like the threatening phone calls. Never in my life will I forget the line, ""I love you K..k..k..Kiran!""<br /><br />It's just too bad that Shahrukh and Juhi weren't exactly ""together"" in the film. But Juhi and Sunny do make a fairly good couple in the movie. Though Shahrukh's role was pretty psychotic, I still think he did a great job of playing it and can't possibly imagine anyone else doing that role. No wonder he got an award for Darr in 94'!<br /><br />Juhi... what can I say??? She looks especially amazing in this film! It's not that she doesn't always look amazing in her other films, but Darr did give the public a wonderful image of her!<br /><br />As for the music... it was excellent! Especially ""Jaadu Teri Nazar,"" one of my all time favorite songs. I also thought ""Tu Mere Samne"" was quite nice also.<br /><br />A must see for everyone! Overall Darr deserves a 9/10!",positive
"Solid comedy entertainment, with musical interludes, it generates a fast pace that carries proceedings along in zestful tempo through a maze of humorous and chiller complications. Boris Karloff, Bela Lugosi and Peter Lorre form a strong setup of sinister villainy. The script contains all the standard mystery film props-sliding panels, secret passageways, thunder and lightning and poisoned blow-darts. Karloff, Lugosi and Lorre go in for heavy leers and obvious melodramatics of the gaslit era. Kay Kyser and his band offered great entertainment for the people living in the 1940's who were trying to forget about the horror's of World War II.",negative
"How can a major German TV station broadcast a mess like this? It's amazing how the main actors avoid every acting talent - Even the well-known Gottfried John is acting very poor - especially in the double murder scene - how amateurish.......! The screen plan is very , very extended - perhaps to fill out 2 parts of the movie. Be careful not to fall asleep while watching! The set is obviously very often a blue screen, f.g. the scenes on the ship with unreal sea in background...! In the German version the sound and the dubbing is very poor - probably reason: different languages of actors - but: other international productions do handle this much more professional. Advice: Do NOT watch - it's a diabolic waste of time!",negative
"Duchess is a pretty white cat who lives with her three kittens in her wealthy owner's mansion in Paris. When the evil butler hears that the rich old lady is leaving everything in her will to the cats first, the butler is angered, because he wants to get everything first. So he puts them to sleep and abandons them off the side of the road. When the cats wake up, they start on a long trek home. A street wise cat named Thomas O'Malley meets up with them and offers to help them. When Edgar sees them arriving home, he is furious, and starts to mail them to Timbucktu. But Thomas' friends arrive to help save the day. The wealthy lady decides to leave her home for every alley cat in Paris.<br /><br />This is a charming film. The songs, including ""Everybody Wants to be a Cat"", are lively and upbeat. The voice cast is excellent, with Eva Gabor(who would later play Miss Bianca in Disney's THE RESCUERS films) as Duchess, Phil Harris(Baloo in THE JUNGLE BOOK, Little John in ROBIN HOOD) as Thomas, giving interesting personalities to their characters. Supposedly Walt Disney, before he died in 1966, gave the go-ahead to this film. Recommended for Disney fans or cat lovers everywhere! 10/10.",positive
"This movie is a shameful result of what happens when:<br /><br />A) It is written, directed and produced by an idiot. and/or B) It was rushed in production to satiate the poker/Stu Ungar craze. <br /><br />The story from beginning is uneven. Vidmer spends too much time on Ungar's childhood and not enough on some of the legendary tales -- such as counting cards, his blackjack escapades, the roll of money as id. He also leaves out mentions of other poker greats such as chip reese, brunson etc. The movie is a complete mess from beginning to end. <br /><br />If you want a more complete and accurate account, read the book One of a Kind. If you thought the movie was good, read the book and change your mind.",negative
"It is so nice to see Bruce Willis come down off his action throne and let us see that he really is a talented actor. He shines in this film as the near-40-year-old image consultant who has totally lost touch with his inner child--until he meets him face to face. This is one of those rare films that doesn't talk down to its audience and truly offers something for the WHOLE family. It is about caring for each other, keeping some of the child inside you, and realizing that you don't grow up exactly the way you thought you would. Willis seems to be building an impressive track record for working with kids (just witness ""The Sixth Sense"" with Haley Joel Osment), and he has great chemistry with Spencer Breslin here. There is some nice photography and music, and the ending is wonderful and uplifting. A great film to see with EVERY member of your family.",positive
"Well. Where to begin. Let's just say this; avoid this movie at all<br /><br />costs. It's based on a cartoon series. The movie makes the cartoon look<br /><br />like Hamlet. Filled with emasculated actors who seem embarrassed to be<br /><br />here, lousy camera work, terrible music, and enough product placement to<br /><br />make you want to never visit Yahoo! again, this movie is really the<br /><br />bottom of the barrel. To quote the New Yorker, Matthew Broderick and<br /><br />Rupert Everett mug their way through this picture with the gay abandon<br /><br />of men who have spotted a rare species of paycheck in the distance.""<br /><br />They should pay us some of the millions they earned for watching it.<br /><br />Awful.",negative
"Just saw the World Preem of Fido at the Toronto International Film Festival and thoroughly enjoyed it. Here we have a welcome reworking of a genre widely thought to have been pioneered (certainly 'fleshed out' extensively and successfully) by George Romero. But this is a Canadian film by a Canadian Director and it's a Comedy! And, YES, I actually think it is better than 'Shawn of the Dead'. Thoroughly believable and, perhaps even more importantly, enjoyable performances by Dylan Baker, Carrie-Anne Moss and young actor K'Sun Ray, whom I suspect we'll be seeing a lot more of in future features. However, I must confess that I most enjoyed the delicious turn by Tim Blake Nelson as neighbour Mr. Theopolis, essentially playing a willing animated version of Victor Van Dort from the Corpse Bride (or, for those who've seen the film, wouldn't that read even better here as the Corpse Pride?) and, of course, Scotch actor Billy Connolly in his least animated, yet somehow deeply moving role as the titular character. Just think, he would not have gotten this role had it not been for Peter Stormare's commitments to Prison Break (as was revealed in the Q&A following Thursday night's screening). I can't help but speculate that the Screenwriters must have drawn a lot of inspiration from Day Of The Dead's Zombie 'Bub'.I am not keen on ever revealing plot details during a Comment and I won't start now. Suffice it to say that Fido is NOT one of those dour, graphically gory Zombie films you can rely on from Romero. Rather it is a film that will have you constantly chuckling and, although (and I did have to think back carefully to be sure) there is a fair dose of blood-letting and violence, the delectable humour, so well enhanced by the surreal milieu created by Director Currie and his co-screenwriters, goes a long way towards making this seem like a feature that ought to be rated PG-13. I urge you to go see this little Canuck gem. I'll certainly be buying the DVD once it emerges hopefully by next Summer.",positive
"Bottom-of-the-barrel stinker is so bad it's beyond funny. The ""plot"" is about an American mercenary, played by Reb Brown (in the film he's called a ""military adviser"" but it's not really clear if he's in the American military or not), helping the army of a Latin-American country fight guerrillas who winds up joining the guerrillas when the government turns on him, imprisons and tortures him. Shannon Tweed is a ""sports equipment saleswoman"" he picks up in a bar who gets caught up in all the intrigue. That description actually makes the movie sound better than it is, because it's really a stinker of almost Biblical proportions. How bad is it? Well, Shannon Tweed turns in the movie's most professional acting job. If that isn't an indication of just what a 12th-rate piece of junk this turkey is, nothing is From mismatched sound effects to a music score that sounds like it's from a 1940s ""Z""-grade horror flick (and may very well be) to the same footage (i.e., armored personnel carriers going down the same jungle trail) reused constantly to some of the most ineptly staged ""action"" scenes in recent memory, this laugh-a-minute sludgefest has to be seen to be disbelieved. Tweed looks bored, Brown looks hung over, and by the time this thing is finished--if you can last that long; I couldn't--you'll know just how they feel.<br /><br />Although there are a lot of explosions and gunfights, this can't be considered an ""action"" picture by any stretch of the imagination. It's boring (there's a scene in the back of a truck where everybody just stares at each other for three or four minutes), repetitive (the same ""rebels"" and ""soldiers"" being killed over and over), illogical (when a group of rebels is caught in an open field by a government helicopter gunship, instead of breaking for cover they just stand there staring up at it), inept (soldiers and rebels falling ""dead"" when no gunshots are heard, a gun battle inside a house where combatants standing against walls are machine-gunned but miraculously the walls escape undamaged) predictable (when the ""Governor"" says to offer a reward for Brown's capture because ""someone"" might turn him in, you know exactly who that ""someone"" will be, and it turns out to be exactly who you thought it was) and just downright stupid (pretty much everything else in the picture). Inept, brainless and stupid beyond belief. Don't waste your time.",negative
"Mickey Rourke is enjoying a renaissance at the moment... and fair play to him. I always liked his image and his acting ability in such fare as Angel Heart and Johnny Handsome. You know what you are going to get with Rourke - mean, moody, dirty. But this film gives you much more - and you don't want most of it.<br /><br />First and foremost - this whole thing just doesn't make sense. Rourke is a hardened IRA killer who after killing a bus-load of schoolchildren flees Ireland for London. He is on the run from the cops and from his own Army comrades. He has also vowed to never kill again. It looks like the bus full of kids finally did it for him.<br /><br />However, when he gets to London he is tracked down by a local mobster (Bates - looking like his eyebrows and hair came straight off a Burton's dummy) to kill his main competitor in turn for £50,000 and a boat trip to the US. Rourke reluctantly agrees to do it but is seen by a priest (Hoskins) and confesses the crime to him in the confessional in order to keep the priest's mouth shut. He figures it is better than killing him.<br /><br />A wealth of things arise here which just don't add up : 1. Why pick Rourke to off your competition? As is illustrated by a scene whereby an employee is pinned to a wall by a couple of heavies with what look like awls - these London guys are tough enough anyway to do their own killing. 2. Not only that but the Mobster gets a guy to follow Rourke and witness the killing with his own eyes. Why didn't that guy simply kill the competitor and save all the hassle of dealing with Rourke? 3. Hoskins sees the murder take place and the police let him go off - without protection, I may add - to take confession? No way. 4. Rourke hangs around the church (right next to where he carried out the murder ) immediately after the crime takes place to go to confession. Why aren't the cops checking the place out? 5. Rourke hangs around the church and Hoskin's blind niece in particular, for days afterwards without anybody bothering him. What? He's on the run and he stays put by the very place where he committed another murder? Stupid. 6. The cops actually meet Rourke in the church ""fixing"" the organ and have no idea who he is. Do they not know he is on the run for the school bus bombing? They don't even check up on him? 7. Why get Rourke to kill for you, and then tell him to wait around for a few days to get on the boat? You'd think you'd want to get rid of him immediately. Or kill him. One or the other? 8. Why does Bates' brother suddenly decide to rape the blind niece in the midst of all the waiting? Could he not restrain himself for a few days? At least until Rourke has been safely offed to the States? Ridiculous. 9. Rourke suddenly has inner turmoil after all his years of killing and wins over the blind niece immediately - even after she knows he is a killer, she still loves him? Again - utterly ludicrous. And besides - she falls in ""love"" with him in record time - a few days !!!! 10. The whole bomb thing at the end is just plain silly from Bates point of view. 11. Things happen in parts of this film that just do not make sense or are simply in there to help the storyline (and I say that in jest) along. Bates' houses Rourke in a whorehouse until the boat is ready to sail and Rourke suddenly displays a moral high ground to respect the whore in the house - but yet will bed a blind girl. 12. Rourke asks a henchman on the boat where Bates is - and the henchman practically spurts out the entire movements of his boss in less than 10 seconds. It was embarrassing - the guy was telling Rourke far more than he even asked. 13. Hoskin's priest is an ex-army guy and we see him beat up three henchmen behind a pub. Totally uncalled-for and yet another cringe-worthy scene.<br /><br />I'm gonna stop there at unlucky 13 without mentioning Rourke's hair (so falsely red it is laughable), his accent (which to be fair is not too bad sometimes but deteriorates to a barely heard mumble at other times), his clothes, walk, looks to the heavens etc. Nor will I mention the music and the choppy editing style.<br /><br />Oooppps - I have just mentioned them.<br /><br />Overall - a disaster of a film with some obvious religious imagery thrown in (Rourke on the cross, preaching from a pulpit) which would embarrass a first year film student never mind a top star and director.<br /><br />4/10.",negative
"Not since Bette Davis's 1933 vehicle ""Ex-Lady"" have I seen a film that was so much better than its star said it was! Most of the bum rap ""Atoll K,"" a.k.a. ""Utopia,"" a.k.a. ""Robinson Crusoeland,"" a.k.a. ""Escapade"" has got over the years has come from the horror stories Stan Laurel told of its production. Given that he suffered a stroke during filming, looked like death warmed over through much of it (from the opening two-shot of them together you'd never guess that Laurel survived Hardy by eight years) and was subsequently diagnosed with diabetes (once he adjusted his diet accordingly he restored himself to health), one can understand why Laurel didn't think this film was the most pleasant experience of his life. Yes, it's flawed: the cheapness of the production shows through, the dubbing is awful and Laurel and Hardy were too old to do the energetic slapstick of their greatest films. But it's still genuinely funny, and Léo Joannon's story introduces elements of political satire (sometimes libertarian, sometimes communalist) one would expect to see from more socially conscious comedians like Chaplin or the Marx Brothers but never from Laurel and Hardy. The film deserves credit for being different (though its debt to the Ealing Studios' classic ""Passport to Pimlico,"" made just a year earlier, is pretty obvious) and for integrating the Laurel and Hardy comedy into a rather edgy context completely different from anything they'd used before. This isn't a great movie, but it's certainly better than the eight dreary ones for Fox and MGM they'd made in the early 1940's. I suspect only the film's technical crudity kept it from earning the cult following among anti-establishment baby-boomer youth the Marx Brothers' ""Duck Soup"" acquired in the late 1960's/early 1970's.",positive
"I'm certainly glad that a film was made about Carl Brashear's amazing life story. Coming as it did during the Civil Rights era, Brashear became an inspiration for people of all minority groups not willing to settle for a status expected.<br /><br />Brashear as played by Cuba Gooding, Jr. leads by example in the conduct of the life he has chosen. Very similar to Jackie Robinson who integrated baseball and made it stick by his character and conduct. As Brashear, Gooding knows that he does not want the sharecropper life that his father Carl Lumbly has and Lumbly makes it real clear to get more out of life than he's gotten.<br /><br />But while Harry Truman integrated the Armed Services after World War II, the Navy still has its restrictions. A black man can only be a cook or an officer's valet, the real fighting parts are denied him. That's not good enough for Gooding who applies to become a Navy deep sea diver.<br /><br />Once at the diving school at Bayonne, New Jersey, Gooding gets it all thrown at him, mostly by the Master Chief Petty Officer in charge, Robert DeNiro. DeNiro may have some leftover prejudices, but he's nevertheless a hero and one who can inspire if one can get passed racial divide.<br /><br />The best thing about Men Of Honor is the chemistry between DeNiro and Gooding. They certainly come from different places, but as they get to know each other, both turn out to be Men Of Honor.<br /><br />Other good performances to note are Charlize Theron as DeNiro's wife and Hal Holbrook as the head of the diving school, a guy the Navy just wish would retire for reasons you'll see.<br /><br />Men Of Honor is an inspiring story about people with courage to spare and the ability to change.",positive
"There are some things I will never understand; why underwear comes in packs of threes when clearly thats not enough is an example. Similarly, I will never understand this film, and that is brilliant. If you approach this film expecting an actual movie, you might as well be approaching Satan expecting a hug; although that may well be possible if you greet this film's Satanic figures. Take Pitch for instance; the most ineffectual, camp, unhellish portrayal of a devil since Freddy Mercury and Wayne Sleep joined forces to create a ten foot Satan costume from red body paint and horns covered with condoms. However, it does create some of the most hilarious moments of any film ever. Seriously, this is no understatement. The same can be applied to every other character, bar the little girl who acts so sickly innocent she's probably overcompensating for some serious crime she's part of. Then again, if Santa's inter-space recon station is real, there is no chance she could have avoided him this long. Put simply, if you haven't seen this movie, you cannot consider yourself a serious buff. The achingly funny characterisation, acting, concept, and almost-under-the-radar racism makes this a must see above any film to date (if you're after pure laughter that is).",positive
"There's so many negative reviews about ""Stay away, Joe"" in here I just can't stay quiet any longer and let this injustice happen. Here's a side you haven't heard yet.<br /><br />Elvis Presley's movies are my guilty pleasure for a simple reason: they are perfect films for a pure relaxation because I don't have to think when I watch them. That means I don't have to worry about missing a complex plot because there never is a proper plot to start with. I can just kick off my shoes, grab a beer, sit back, switch off my brains and enjoy all the general wackiness and catchy easy-going rock n' roll tunes from the grooviest decade of them all.<br /><br />In my books ""Stay away, Joe"" definitely falls into the ""so bad it's good""-category. Now if you're like me and appreciate ""the trash value"", this is the ultimate 1960's camp experience. It's so bad that it's almost surrealistic to watch and just when you think that it can't possibly get any worse it surprises you in the most imaginable ways. In the end you're so amazed by all the new levels of stupidity you just don't know whether to laugh or cry. In a nutshell: I love it because it's so damn amusing that there once was a generation that actually made films like this. I still give it 1 out of 10 though - once it hits the bottom 100 it will became an instant bad movie classic.",negative
This movie is so bad that it actually gets funny. One of the worst movies I've ever seen in my entire life. The funny thing was that the trailer had scenes in it that wasn't in the movie. Just by watching the trailer I would have saved a lot of my time. It actually showed everything that happened in the movie except for the conclusion and that was also so obvious.<br /><br />It's honestly hard to think of a reason why this movie was made. This is just so bad. Horrible. <br /><br />I would give it 0 out of 10 if that would be possible. There is nothing else to say about this movie.,negative
"'The second beginning' as it's title explains, shows us the beginning of the end for the human race. Set long before the matrix existed, this short anime written by the Wachowski's shows us the world that could lay infront of us in the not to distant future, set at the turn of the 21st century, the second renaissance delves into issues common with human behaviour; greed, power, control, vanity etc.<br /><br />The use of robots or artificial intellegence as slaves or servents is common among science fiction/fantasy stories. The second renaissance is no exeption to this concept, however instead of a simple man vs. machine layout, this story explains the struggle that the machines put up with, the struggle for acceptance in a world ruled by humans. Where the matrix films show us the human perspective, these short animations tell both sides of the story.<br /><br />The second renaissance part 1 + 2, answer many questions brought up by the original Matrix film, such as how the war broke out, how the sky was blackend, what led to the use of humans as batteries and it also introduces us to the machine city called 01, which may have relevance to the upcoming Matrix Revolutions film.<br /><br />I won't give away too much of the story, as I do not want to ruin the experience for perspective viewers, however, I will recommend it to anybody interested in the world of the matrix or simply anybody interested in Japanese animation (anime).<br /><br />9/10.",positive
"Well, I only caught the tail end of this film on HBO, just the final 10 minutes or so, but I must say that it contains probably the most laughable depiction of distance running EVER put on film! I'm a serious distance runner and a dedicated fan of the sport, and I've sat through many painful demonstrations in movies before. However, nothing could have ever prepared me for what is shown on screen in the final 10 minutes of this movie, it literally defies belief! The depiction of the runners is even more ironic considering that African runners completely dominate the sport, and they are elegant and graceful. The female protagonist shuffles along like an overweight pregnant woman, and her ""highly trained"" male supporters are no better. Well into the race this alleged world class runner is surrounded by pudgy, overweight people, many of whom are WALKING! I find it interesting that the director decided to have her lead the female competition, yet near the end she is shown passing people who look like they're staggering along on two broken legs! Are we to believe that this amazing stellar athlete has only overtaken a crippled person at the very end of the race? Maybe the director just thinks that female runners can't run faster than 12 minute miles, and he has obviously never heard of athletes like Paula Radcliffe or Tirunesh Dibaba.<br /><br />Even if you aren't a running fan you'll be astonished by the insanely inaccurate portrayal of running, and this movie is only watchable as unintentional comedy. Here is a note to the director: The next time you decide to make a movie about a sport, it might be worth it to hire at least one person who actually has observed that sport in action.",negative
"There is nothing unique in either the TV Series nor the Movie. Which is a prequel to the TV Show, that isn't found everywhere else in life and entertainment. Both before David Lynches disgusting style of story telling, and after. <br /><br />From the Moment the body of a poor misguided girl washed up on the beach. And being introduced to some of the most mind numbing shady immoral character of the Twin Peaks.<br /><br />To the Mind numbing almost pedophilia disgusting way the movie seems to romantically tell of the destruction of a Human Life through some random psychedelic phenomena in the Movie Twin Peak:Fire Come Walk with me. <br /><br />I watched it all just to make sure I wasn't missing anything. I didn't. It's is simply one mans obvious sexual fetish extended over long series fallowed by a ridiculous overly pornographic movie. Save your self the agony the suspense and watch anything else that at least has the ability to tell a story, rather then seduce you into some kind mental porn movie.<br /><br />I have heard a lot of reviews, rants and raves about how great David Lynch. Because of his ability to define misery and and tragedy and making it into some kind of a wonderful thing. This is not life imitating art, as much as it is some sick twisted version of art doing its best to inspire complete mindless life.<br /><br />Do yourself a favor and avoid this garbage.",negative
"The first 10 minutes of the movie makes fun of sequels and pg-13 movies. These are the 2 reasons the movie is so bad. They constantly reference a movie called ""Get Leo"" which is the movie-in-a-movie version of get shorty. Every time they do this, you will be really angry. Travolta isn't very cool, neither is Keitel. However, The Rock and Vince Vaughn are hilarious. They aren't the kind of funny you would expect to see in an Elmore Leonard movie though. If you haven't seen get shorty, you will probably like be cool. If you liked get shorty, you will leave the theater wanting to kill the director and screenwriter. Wait for the DVD.",negative
"This movie could have had a lot of potential. Certainly with today's technology, one would expect real special effects. But movies are not made with special effects alone, of course acting is needed. This film lacked both!<br /><br />First, let me say to those who are upset with this not following the bible: why can't a movie take artistic license? If you want to know about the story of Moses, read the bible. I have seen very few movies that follow a true story fact by fact. Look at of movie from its artistic quailities.<br /><br />In viewing this movie, you will inevitably compare it to the 1956 version. It fails miserably in that. Heston and Brenner had PRESENCE. They became their roles. You don't see this here.<br /><br />Even if you don't compare, standing on it's own, this movie to too rushed. Parts where a scene should be developed, it does not. It becomes boring.<br /><br />My advice: skip this and watch the other. As campy as the other is, it's far and away the better movie.",negative
"I really enjoyed this movie and it was a little difficult do that when your brother is making stupid comments in it ever 30 seconds. But this movie I enjoyed, mostly because I'm used to the usual HK action films. Most of the films like this are don't watch it for the story line, watch it for the mindless action. And mindless action is right. You get to see Jet Li Jump, spin, kick, punch, shoot, make impossible jumps and dodge countless bullets. It's true that this movie was released to a broader audience after Li was in Lethal Weapon 4. That is one of the reasons the ratings on this movie dropped. Most people were probably expecting to see a movie that was as polished as a North American film. But you need to remember most HK film budgets aren't nearly as high as a North American film, and the style in a HK action film is usually very different usually requiring in wire work in a lot of them. If you want to see a good action film you should see this just try to ignore the dubbing.<br /><br />My rating was an 8.",positive
"Every time I watch this show I just want to turn it off and curse the makers for wasting my time week after week. The dialogs, or monologues rather, as everybody just rants on endlessly about nothing, are just becoming so tedious. For example, the episode I watched yesterday began with a seemingly unending rambling about how a particular dish (I forgot what it was, pasta with meatballs perhaps) always manages to turn the Gilmore family dinner into all-out war. And these were just the few seconds or so.<br /><br />So it seems every time, lots of lines, with absolutely zero content. The scripts they use must be enormous.<br /><br />But then every once in a while something happens. The babbling stops and suddenly there are these wonderful silent, emotional moments. For example, this week it was Lorelai's breakdown at the estate agent's. I just thought it was the best piece of TV I have seen for a long while.<br /><br />Almost makes everything worthwhile.",positive
"I have watched this film twice now and think its quite good for the limited equipment used to create this film. (filmed in 1947) Dr. Heyerdahl explains his theory about the migration of south American Pre-Colubian Indians to the Polynesia's islands by way raft fell of large balsa trees. This documentary follows Dr. Heyerdahl and crew as they select balsa trees in Equidor and float with them down river to the pacific for assembly in Peru. They launch off on a 101 day sea adventure testing the strength of their primitive raft surviving only by means available to natives of that era. See for yourself, a real adventure!",positive
"Okay, I absolutely LOVE Ben Stiller, although I am lukewarm about Jennifer Aniston. I do not think this girl can act in the least. Every movie or sitcom I've seen her in is very hard to get past her fake acting. It sounds like she is just standing there reading right off the script. This movie only had one good thing about it, and that's that Ben Stiller was in it. This plot is so used and abused it's ridiculous. How many movies have this same type of plot?? Can we say ""Forces of Nature??"" Not only is the plot so old, but the outcome is so predictable, it's boring. I knew everything that was going to happen before it did. It was a bore, but watching Stiller is always a delight!!!",negative
"I didn't really expect much from ""The Night Listener"" and I actually never heard of it until I saw the cover in the videostore. However, the movie is very effective when it comes to building up suspension and tension. On occasion it drags a little, but it actually helps to keep you wondering what's going to happen and more importantly: when. As the movie progresses, the character played by Robin Williams gets dragged into some kind of ""cat and mouse"" spiel to the point where he becomes obsessed with finding out the truth and existence about a 14 year old abused kid that no-one seemed to have ever seen in person. The Night Listener is an interesting story, which is great in building up the suspense throughout the movie and you're pretty much kept in the dark of who is lying and what's real. However, in the end it kind of disappoints and doesn't live up to the potential it could have had. It doesn't really give you a detailed or plausible explanation about the other main character, which would have been helpful and interesting.",negative
"Just about everything in this movie is wrong, wrong, wrong. Take Mike Myers, for example. He's reached the point where you realize that his shtick hasn't changed since his SNL days, over ten years ago. He's doing the same cutesy stream-of-consciousness jokes and the same voices. His Cat is painfully unfunny. He tries way to hard. He's some weird Type A comedian, not the cool cat he's supposed to be. The rest of the movie is just as bad. The sets are unbelievably ugly --- and clearly a waste of millions of dollars. (Cardboard cut-outs for the background buildings would have made more sense than constructing an entire neighborhood and main street.) Alec Balwin tries to do a funny Great Santini impression, but he ends up looking and sounding incoherent. There's even an innapropriate cheesecake moment with faux celebrity Paris Hilton --- that sticks in the mind simply because this is supposed to be a Dr. Seuss story. Avoid this movie at all costs, folks. It's not even an interesting train wreck. (I hope they'll make Horton Hears a Who with Robin Williams. Then we'll have the bad-Seuss movie-starring-spasitc- comedian trilogy.)",negative
"I have been a Mario fan for as long as I can remember, I have very fond memories of playing Super Mario World as a kid, this game has brought back many of those memories while adding something new. Super Mario Galaxy is the latest installment in the amazing Mario franchise. There is much very different about this game from any other Mario before it, while still keeping intact the greatest elements of Mario, the first noticeable difference is that the story takes place in space.<br /><br />The story begins much like any other Mario game, Mario receives a letter from Princess Peach inviting him to a celebration at her castle in the Mushroom Kingdom. Upon arriving at Peach's castle Mario finds Bowser and his son (Bowser Jr.) attacking the castle with their airships. Bowser kidnaps Princess Peach and then lifts her castle up into space. In the midst of the castle being lifted into space Mario falls off and lands on an unknown planet. Mario is found by a talking star named Luma and is taken back to the Luma's home, a floating space station, here Mario meets many other Lumas and also meets their leader, a woman named Rosalina. Rosalina tells Mario that Bowser has taken away the space station's Power Stars and scattered them across the universe, it is up to Mario to help the Lumas find them and save Peach, thus the adventure begins.<br /><br />The way you play the game is by flying from the space station to other galaxies, each galaxy consists of multiple planets that Mario travels amongst in levels via these shooting stars to retrieve the Power Stars. Mario can at many times walk all the way around planets without losing gravity, some planets are small and others are big, many planets are similar to classic Mario environments. The best thing about the game are the controls, all of the stuff like jumping and such is still the same, but the wiimote is used in many unique ways in this game. You shake the remote Mario will perform a spin that is used as the primary attack in the game, and it will as well activate the shooting stars. You can also point the remote at the screen and use the pointer to fire star bits at enemies or objects in the environment. Then there is the graphics, these are by far the best graphics on the Wii, it is just so hard to describe how great this game looks, you could probably almost say it looks as good as some 360 games.<br /><br />My only minor gripes is that the going upside down effect takes some getting used to, and also the story is pretty weak. The worst part is that you lose all of your lives when you turn off the game, no matter how many you had when you last quit you restart at 4 lives. Still these minor problems aside it's a superb game that is highly entertaining and is very challenging. This is the type of game that we've been waiting for on the Wii.<br /><br />A perfect 10 out of 10!",positive
"Someone should teach the people who made this movie that there is a difference between ""presenting multiple twists"" and ""screwing the audience over"". They even use hypnosis as a tool to cover up the plot holes; whenever they can't find their way into or out of a scene, they just say ""she is regressing to her past now"" or ""she's snapping out of it now"", and they think that explains everything. This movie is a dishonest cheat and in the last 20 minutes becomes a full-blown fiasco. (*1/2)",negative
"Principally it is the story of two men who were part of the Portuguese revolution. It was easy to understand the contest, but usually directors starts from a historical fact to speak about something else, or they shows also the period before or after this fact, here everything happen during that couple of days when the revolution acts. It could also be seen as a kind of documentary. The movie focalize to these two people, showing as normal they were, not like common heroes, because the revolution come from people. Although it was made from military army from the title you can understand that they were just ""capitaes"" as the main characters. Nice colors and lights during the whole movie, excellent work for the director being her first movie, she doesn't fall to the banal way. Well shown emotions and passion of people and crowd. The character of Maia (main one)is well-made and there is also a good interpretation for Stefano Accorsi, able to show Maia's limits, this not-being an hero.",positive
"Licence fees to watch this trash, And pay for it with hard-earned cash? Humourless, no hint of laughter, God knows how it won a BAFTA! <br /><br />We've now been subjected to ""Eastenders"" for twenty years. When, oh when is the Great British public going to see this awful soap for what it is? Crass Pap! This programme no more depicts reality in the East End of London than everyday life in Beirut, and never has done.<br /><br />The Eastenders I know (the real ones) are kind, courageous, hardworking and loyal. And one of their greatest attributes is humour. It was the Eastenders who went through the worst of the London blitz and still stuck two fingers up to Hitler. And what do we see on our screens for five days of the week (including an omnibus)? Nothing but a bunch of moaning, wailing, ""dead from the neck up"" wimps, who seem to do little else than sit in a pub all day sniping at each other. What a great advert for Britain that is!! Do the writers actually believe this garbage they're pumping out? Obviously the woolly-minded section of the public does, but then I've heard that apparently anyone can be brainwashed into believing anything.",negative
"****SPOILER ALERT**** All throughout Australia the summer turned into a deluge of rain and hail stones the size of baseballs that was causing havoc in coastal cities like Sydney. It's under these hectic conditions that tax lawyer David Burton, Richard Chamberlain,got involved in a case, as a defense attorney, involving the death of a local aborigine who was found dead outside a Sydney bar. <br /><br />Having five fellow aborigines arrested for Billy Cormans,Athol Compton, death it's determined by the police coroner that Billy died of drowning not by violence even though he had bruises on his neck and shoulders. Yet the court decided to prosecute the five for his death charging them with manslaughter instead of murder.<br /><br />David defending the five gets no help from them in their defense with the accused assailants opting to remain quite and keep what happened to Billy to themselves and take what's coming to them from the court. One of the defendants Chris, David Gulpili, begin to somehow invades David's dreams as if he want's to tell him what was really behind Billy's death.<br /><br />David at first not taking his dreams of Chris seriously begins to sense that their real when he meet him at the courthouse. Chris confirms David's dreams by showing him a strange looking black rock that David saw Chris have in his dreams. Later meeting Chris and, what turns out to be an aborigine shaman, Charlie (Nandjiwarna Amagula) who came to his house that evening David is told that he, like Charlie, has spiritual powers that he inherited from his mother's grandfather. Those powers will reveal to him the future that has to do with the strange weather conditions that are flooding the Australian continent. The earth,Chris tells David, is going through a gigantic cleansing cycle with the old world about to be washed away and the new world ready to take it's place.<br /><br />David is confused about what both Chris and Charlie are telling him but as the rains continue to increase and the ocean waves start to rise he feels that something terrible is going to happen. David want's to know if it's all aborigine folklore or there's some scientific facts, or logic, behind their end of world-like revelations.<br /><br />By now it's obvious that both Chris and Charlie are members of an aborigine tribe right in the heart of modern Sydney. That alone can get Chris off, as well as his four friends, for the murder of Billy. Since the Australian government will not prosecute tribal aborigines, leaving any justice to be done by the tribes themselves. Still Chris refuses to admit he's a member of a native tribe and he and his four friends are convicted of manslaughter in Billy's death with the sentences to be handed down by the judge within days.<br /><br />David now determined to find out what was the reason for Chris' silence, and why Billy had to die, is taken by Chris to the scene of the crime. It's there that David finds out that Billy betrayed Chris' tribe members by going there with Billy not being a member of Chris's aborigine tribe. It's also revealed to David that he himself has some kind of spiritual connection with the Austrailan aborigines as both Charlie and his step-father Rev. Burton,David Parslow, told him. <br /><br />The stage is now set for the great and final cleansing cycle that David's been seeing in both his night-time dreams and day-time visions. It comes in the form of a massive tidal wave rolling out of the Pacific Ocean into the Australian coast city of Sydney and then submerges the entire continent.",positive
"The following ""review"" is one from the wrong side of the tracks, meaning two things: You will hear nothing but praises coming from me and don't be fooled by my rating. I also could tell you that this review contains no spoilers, but technically... that's a lie.<br /><br />Well,... Screw the review. I'm just going to ramble a bit. It has been a while since I had so much fun with such a bad film. And if you cannot enjoy this piece of utter drivel, then you simply have no sense of humor. First off, this movie was meant to be taken seriously, and that's the main aspect were the fun is coming from. The story? A doctor's son is terminally ill. Daddy-Doctor decides that a hart-transplant must be the only way of saving his son. So, in true mad-doctor-style, he decides that the heart of a gorilla will do the trick. Of course, the gorilla-heart is ""much too potent for a human"", so sonny-boy transforms into this hideous Ape-Man that immediately breaks free and goes on a killing and raping spree (because that's simply what any horny beast would do, isn't it?). The make-up of our Ape-Man is hilarious. There's simply no other way of putting it: The guys' face looks like a turd! I'm talking human excrement here, the solid brown kind! Beautiful! The gore in this flick is wonderful too: Aside from real footage of an open-heart surgery, we also have incredibly fake (but quite nasty) looking blood & gore effects: a decapitation, an eye-gouging, a throat-ripping, the scalping of someone's skull,... It's hilarious, and indeed it's quite incomprehensible why NIGHT OF THE BLOODY APES ever made it to the notorious UK Video-Nasties list, because all of the nasty things portrayed in this film are simply too ridiculous to be taken seriously. Oh, and there's only one bloody ape running around in it too, by the way. So, needless to say that LA HORRIPILANTE BESTIA HUMANA is a much more accurate title for this terrifying and convincing tale of science gone horribly wrong.<br /><br />When not trying to shock with poorly staged acts of bloody violence or random portrayals of female nudity, this movie manages to be highly entertaining with ingredients like nonsensical dialogues, cheap cardboard sets, plot stupidity and incredibly bad acting. Just a few random examples, maybe? About the sets: One can clearly see that the set-designers just used the same walls, doors, windows (etc.) over and over again to be build various different interior sets (e.g.: One side of the hospital room - the window side - where the unconscious wrestling girl lies, looks suspiciously similar like the window side of the basement-laboratory from where Ape-Man escapes; The set-designers also took one of the side-windows from the laboratory, made it a bit larger and just placed it in the conference-room of the hospital; All the walls in any building are the same grey-ones;...). Then there's the setting of the park. Clearly shot in a studio, you can see (on several occasions) that the grass is loose. Whenever there's some struggling/fighting/raping going on, the grass just shifts and shuffles and you can see the grey concrete from the studio-floor beneath it.<br /><br />Just a few random lines that come out the actors' mouths: <br /><br />-- In the conference-room where all the doctors are debating the disappearance of Unconscious Wrestling Girl (a disappearance that would of course mean bad publicity for the hospital), Daddy-Doctor intelligently utters ""We find ourselves in a situation that is difficult"".<br /><br />-- During that same debate a colleague-doctor cleverly remarks ""A sleepwalker! Any sleepwalker gets up."", hereby providing a solid excuse for the disappearance of Unconscious Wrestling Girl.<br /><br />-- After our investigating detective, through the amazing process of his own logical deduction, concludes and tells his superior that the murderer must be a half man/half beast, his superior answers that it's absurd, adding the line ""It's more probable that of late, more and more, you're watching on your television many of those pictures of terror""... Truly one of the best lines of the movie.<br /><br />Other sources of laughter: <br /><br />-- The two scenes were Daddy-Doctor and his Igor-like assistant kidnap the gorilla from the zoo and Unconscious Wrestling Girl from the hospital - these well thought-out acts of abduction are like taking candy from a baby.<br /><br />-- Daddy-Doctor speaks to God a lot, doesn't he?<br /><br />-- Sonny-boy calling Daddy-Doctor ""Papa"" on more than one occasion.<br /><br />-- An old lady screaming ""Aaargh!!! A dead man! A dead Man! A Dead Man!! A DEAD MAN!!!"".<br /><br />-- The plot periodically stops to wallow in scenes of women wrestling, only to go on again and do nothing with that concept. Sure, Daddy-Doctor replaces Sonny-Boy's gorilla-heart a second time with that of Unconscious Wrestling Girl, but do you think something spectacular happens after that? Like Ape-Turd-Man growing breasts or something, trying to rape men this time? Our leading living wrestling beauty (Norma Lazareno) doesn't even go into a climactic wrestling contest with Ape-Turd-Man near the movie's finale... But Ape-Turd-Man does start to show some motherly love near the end... almost (and I say ""almost"") in true KING KONG-style (i.e. the top of a building and people on the ground pointing and screaming).<br /><br />Okay, I think that's enough now. I chipped in more than my two cents here. Vomitron's Rational Rating for this sleazy piece of hilarious dreck: 2/10. Vomitron's rating From the Wrong Side of the Tracks: 8/10. Go see this film, people. It is well worth it!",negative
"THE FALCON AND THE SNOWMAN is a superb example of an anti-80s film. While many other films of the decade in general lacked substance, this film is pure substance. There's nothing stylish or fake or superfluous about it. It boasts two superb performances: Timothy Hutton and Sean Penn as lifelong friends Christopher Boyce and Daulton Lee, respectively. Hutton, Penn, and Tom Cruise were a triumvirate of early 80s actors who all looked headed to much bigger and better things (all 3 starred in TAPS). While Penn and Cruise's popularity soared, Hutton has been largely forgotten about, and that's a shame. Actually, Hutton is the first of the 3 to win an Oscar for supporting role in ORDINARY PEOPLE in 1980, but I think his performance in this movie is even more outstanding.<br /><br />Hutton really captures the post-Vietnam war rebelliousness in his character Chris Boyce. A failed seminary school student, Chris has a love-hate relationship with his father, well played by the great character actor Pat Hingle. The scene where Chris quotes the poem his father thought he'd long forgotten is a particularly powerful one.<br /><br />Chris gets job at Dept. of Defense and uses his hatred of U.S. gov't and its foreign policy to sell seemingly useless plans of old projects to the Soviets. He gets his buddy Daulton, a hyper drug-dealing self-server, in on it to be the courier of the project plans on microfilm. While Chris is doing it based on his beliefs, Daulton is doing it strictly for the money. The Soviet liaison is excellently played by David Suchet. Penn and Suchet have a real quirky chemistry and it's a kind of funny set of exchanges between them. But, make no mistake, this film is anything but that. It is a serious character study about pessimism, malaise, paranoia and mistrust.<br /><br />Again, the leads make this film. Hutton delivers a brilliantly understated performance as Chris, a rather smart young man who had so much potential. Penn, as usual, does a tremendous characterization as Daulton, a pathetic loser who acts before he thinks, and most of the time doesn't think at all. The ending of this fact-based film is very saddening on several levels. A truly powerful character study.",positive
"This is my first review on IMDb.com and probably first ever written review of a film I've done of my own accord - not for some class assignment. I think that fact alone says something about this movie... not a good thing! I am no seasoned journalist or critic (though I have seen my fair share of movies), but I found this particular film so terribly painful to watch, it was necessary for my own peace of mind to vent about the experience. Where better to do it than IMDb? As I forced myself to sit through the movie, physically writhing from the inability to connect-the-dots, I was sure there would be some ""light at the end of the tunnel"" - a revelation to explain what in samhe.-.ll was going on. The movie ended and I was as enlightened as dog****. After several rewinds to review certain scenes I still could conclude nothing sensible. I found myself wanting to yell ""Does this make sense to anybody?"" I would recommend to not waste your time, but then again if I were you I'd probably want to experience it myself. If that's the case, bring a crossword puzzle or something so you don't get bored.",negative
"A Disney movie that dares to do something different should at least be awarded for effort. ""Holes"" doesn't make the same mistakes as one would expect from a Disney movie about troubled teenagers put in a camp. For the first time events are not explained in details. The flashback scenes really do serve a purpose and present several mature topics that may surprise the viewer. I must admit that at first I was a bit put off by the seriousness of the movie. But soon I realized that we had to endure those moments to see the beauty of the story. Besides the story this movie also does a good job of questioning some methods that are used in correctional facilities. (One example where Caveman is forbidden to teach Zero to read because they have to dig holes in order to build character,like learning to read won't contribute to that). ""Holes"" is a movie that is smart and beautiful. A must watch!",positive
"right the hospital scene with Holly and Shannon was done brilliantly it starts off with Piper On A gurney looking very badly injured, the docs race her into a resuscitation room & they move her from the gurney onto a bed and Prue Holds Her Hand from that point on it is obvious that Piper is having a lot of trouble breathing and her lungs are failing, as she turns to beg of Prue to not leave her side she gaps ""don't go i love you and then her pulse drops and she goes into cardiac arrest & the monitor shows a clear flat line & the nurses go into full out trauma mode & bring in a defibrillator Prue Steps back from the bed in horror as the doctors desperately try to shock her dying sisters heart but there is no response and she is tragically pronounced dead well great scene well done girls",positive
"Wealthy widower Anthony Steffen (as Alan Cunningham) is a sadomasochistic lover, and British Lord. He brings sexy red-haired women to his castle, where he whips and murders them. Black-booted stripper Erika Blanc (as Susie) gets away, temporarily. Mr. Steffen is haunted by wife ""Evelyn"", who died in childbirth. As therapy, he decides to marry again, after meeting pretty blonde Marina Malfatti (as Gladys). By the end of the movie, they will have had to dig a few more graves. ""The Night Evelyn Came Out of the Grave"" is great title, at least.<br /><br />** La notte che Evelyn uscì dalla tomba (1971) Emilio Miraglia ~ Anthony Steffen, Marina Malfatti, Erika Blanc",negative
"I really really love this show! I have always liked the 1990's shows of Space Ghost! This show was hilarious and I can't believe why Cartoon Network's Adult Swim would take such a funny show like this off the air. I hope they put this show on DVD or something. The show is about Brak (from the Space Ghost cartoons, SGCC and Cartoon Planet) who lives his every day life with his Mom and Dad and his best friend who likes to drop in a lot, Zorak! My favorite episodes were the one where Zorak gets this really good singing voice and then his voice doesn't give him any money that Zorak made from singing at all. Another episode I like is the one where Brak and Zorak didn't finish their homework and then they go back from Sunday to Friday and they just goof off and then they go back to the day homework was invented and then when they go back to the present homework didn't exist! Another episode I like is the one where Brak's Dad and their next door neighbor, Thundercleese the Robot keep getting into this agrument and then they get eaten by a giant worm. Another episode I liked was the one where Zorak makes a bully stand and then some new guy took over his stand. I also like a lot of the other episodes! One thing that never fails to make me laugh is when Zorak is getting beaten up, blasted and zapped!",positive
"Trapped: buried alive brings us to a resort that has just opened, and is soon to close.<br /><br />We start with a guy in gear blowing up drifts, to avoid the possibility of avalanches. somehow, that doesn't make sense. anyways, he's about to blow away one particularly big one, when he notices the resort is open. despite his best efforts, higher authority tells him his day is over.<br /><br />soon, as everyone expects, an avalanche hits.<br /><br />Look, i'm not gonna reveal any more, all i can say is this was a B-movie designed for the family channel (which i just saw it on, and the fact it had no commercials proves it's a B-movie) anyways, it's a pretty decent film, but it's partially unreal.<br /><br />firsthand, when people are buried by ice and snow, they're buried. not just traced by powder. or, what about a CD for a screwdriver? it's not possible. and finally, what i can't stress enough, is that an explosion cannot stop a avalanche, guaranteed.<br /><br />furthermore, it's worth a rental or a TV viewing, but not owning. 7/10.<br /><br />The movie is rated PG, but maybe it should have received something a little more strong. a boy nearly loses his foot in an elevator, but his leg is cut around the ankle, a guy is toasted by electricity and diesel, and in the weight room, dead people are laying around.<br /><br />enjoy.",positive
"Considering 'A Star is Born' had been made twice already by the time the 1976 film came into production, the latest remake has a freshness about it that can be attributed to the fantastic chemistry between the entire acting ensemble. A viewer could be forgiven for believing that Kris Kristofferson & Barbara Streisand were a couple off screen as well as on, with their incredible displays of pure affection towards one another.<br /><br />The film has been described in the past as a 'Barbara Streisand concert on film, set to a soap opera storyline' however for anyone that enjoys watching a film that takes you beyond the living room into a world where the characters seem truly alive - A Star is Born is well worth the hiring price.<br /><br />With its incredible soundtrack, flawless acting and touching reality in regards to human emotions and the true frailty of life; A Star is Born is a film that draws you into the world of Esther Hoffman & the love of her life John Norman Howard.<br /><br />A film for anyone that sees the beauty in real love - the kind that keeps you devoted to a person even as they break your heart...",positive
"A surprisingly complex and well crafted study of ""The First"" serial killer in the USSR. Set in the days of perestroika this intense piece is brought to full life with the performances of Stephen Reah and Donald Sutherland.<br /><br />This examination of Cicatillo as a killer is well rounded and by hinting at some of his behaviors while out right showing others there is a subtlety that is compelling without being overtly graphic. Not for the weak of heart however as it's subject matter is often disturbing but necessary to it's full development of the main participants in this fact based story.<br /><br />HBO has furnished us with an excellent film in an unusual manner. Congrats to the director and editor of this great piece. It is in my Top 10 Must see list.",positive
"This is an excellent film about a traditional working class family in Northern England. Filmed on location in Bolton, it stars James Mason as the father who is the dominant force within his home. Or so it seems. Cleverly, the film, based on the play, portrays the complexities of family life. The supporting cast is terrific as well, with many familiar faces lending support.",positive
"Hmmm, yeah this episode is extremely underrated.<br /><br />Even though there is a LOT of bad writing and acting at parts. I think the good over wins the bad. <br /><br />I love the origami parts and the big 'twist' at the end. I absolutely love that scene when Michelle confronts Tony. It's actually one of my favorite scenes of Season 1. <br /><br />For some reason, people have always hated the Reincarnation episodes, yet I have always liked them. They're not the best, in terms of writing. but the theme really does interest me,<br /><br />I'm gonna give it a THREE star, but if the writing were a little more consistent i'd give it FOUR.",positive
"It would be wrong and reprehensible of me to advise you to watch Killjoy 2, you must have better things to do, washing the car, throwing stones in a stream, but at the same time it's nowhere near as awful as you probably think it is. It's almost a proper film, which a lot more than most straight-to-DVD sludge can manage. Killjoy 2 is helped a great deal by Trent Haaga's manic turn as the eponymous clown, he throws himself into the role with such fevered abandonment that he almost tips the scales in the movie's favour, but, of course, it takes more than one man in big shoes. Tammi Sutton gives the most entertaining director cameo since Roger Corman in Creature from the Haunted Sea and the whole thing is nearly destroyed by the rushed, sugary ending. All over the place and almost good fun.",negative
"I have done quite a few reviews on IMDb and this film is unique in that I never saw the entire movie. It was so terribly stupid and unfunny that I just couldn't sit through it--though I tried.<br /><br />The biggest problem with this and any Mel Brooks movie I call ""the Mel quotient"". In other words, the better his movie, the less of him you see in the film. Think about it--The Producers and Young Frankenstein were great films and he was barely in them at all. BUT, films like Life Stinks and Space Balls are chock full of Mel and are pretty dopey movies (yes, I DID NOT LIKE Space Balls--but this isn't the place to talk about that).<br /><br />Second, apart from cancer, rectal itch and mental retardation, I can't think of a less funny topic than homelessness. This is just a comedy breaker. Think about it, folks. The FUNNIEST(?) scene in the movie has Mel making whoopee with Leslie Ann Warren in a dumpster!! And this is funny in what way?",negative
"Wow, what a strange film. It's a David Lynch movie so it's no surprise that it is weird. <br /><br />I defy anyone to totally explain everything in this film. I can't be done. After some research following my second viewing of this film, I pretty much know most of the story but on a first look, and with no aid from other reviewers or outside help, it is hard to figure things out. So, if you're in that boat and was confused, don't feel bad; that's normal. Let me just say the key to the film is Naomi Watts' character.<br /><br />At any rate, I find the film fascinating. I love the wonderful visuals and rich colors and find each character in this movie really different and fun to watch. The camera-work is excellent and the music is creepy, a la Lynch's ""Blue Velvet."" There also are some good sound effects to help some of the dramatic scenes. In all, it's very well scored.<br /><br />Like Lynch's ""Twin Peaks"" television series, this was a film in which the end was pieced together afterward since Lynch thought this film was going to be a long, drawn-out TV series. When that didn't happen, he pieced at the last minute this ending. That may account for some of the confusion at the end and the lack of explanations concerning characters we see earlier in the film but who mysteriously disappear.<br /><br />The theme of the story, supposedly, is a negative comment about Hollywood and what it does to people, especially those whose dreams of being an actor are crushed.<br /><br />Both Watts and the other leading lady, Laura Eleana Harring, are very interesting to watch, especially in their celebrated lesbian sex scene. Looks- wise, both women were chameleons, looking average at times, stunning at other times.<br /><br />I enjoyed this movie more on the second viewing than the first. It's not just a curiosity piece; it's a very intriguing movie.....just don't feel stupid if you can't make sense of a few things.",positive
"If you like The Three Stooges you'll undoubtedly like this 17 minute short. There were certainly some amusing moments in it, but like all the Stooges' work, this revolves around their particular style of slapstick comedy, and I have to confess that somehow the Stooges just never really did it for me. Their slapstick always seemed angry rather than funny, and even though it was obviously fake, their antics always seemed more likely to cause hurt rather than to cause laughter. In this short, the slapstick revolves around the attempts to find Shemp (who is a Professor of Music in this) a wife, because he's just inherited half a million dollars on condition that he marry within 48 hours of the will being read. One of his students is interested, but once word of the inheritance gets out , there's suddenly a long line-up of potential brides, and a pretty good cat fight emerges between them. Fans of the Stooges will enjoy. For me, it has all the elements that drive me nuts about them. 4/10",negative
"Still haven't read a single Dan Brown book, but I watched all his movies adaptations. I won't fall into the game to rate this one with the previous because the scope isn't really the same: actually, this one is a thriller, a race against time filled with puzzles.<br /><br />The plot is very twisted, imaginative and the cast is excellent: I never been a great fan of Hanks but he delivers well. I noticed his jeans shirt (the one spilled with blood) because I search for one like this in vain! The Italian searcher is a brilliant newcomer for me but I really applauded Ewan MacGregor portrayal: his inner faith and calm is really impressive.<br /><br />I really like the debate between science and religion. The action taking place in the Vatican, it felt like vacation. At last, I am not sure it helps to add new converts into Christianism. With all the gold and man presence displayed, any one would ask what charity means and why women are so dismissed of the church life whereas they stand for half or more the believers.",positive
"....and now I'm up to episode #7. I really was hoping it'd be over by now (not to mention canceled, once everything connected with the show -including the actors - had been dumped along with some toxic waste in the middle of the ocean somewhere, never to be seen again), because this series really is dire. <br /><br />To have this program listed under the genre of 'comedy' is at best misleading! It's so hard to believe Ben Elton could write something this bad, maybe this points to a lot of input from the other writers in everything he's been connected with before. In some episodes I haven't even laughed once!<br /><br />Oh, and I can't believe Ardal O'Hanlon actually stopped doing 'My hero' & started doing this instead, his decision making skills were obviously impaired that day - perhaps he simply can't read, and didn't realise just how poor the scripts for 'Blessed' were. Don't get me wrong, 'My Hero' is not masterpiece, but it's a million times better than this piece of junk.<br /><br />And just to annoy me even more I bet this gets a DVD release as well, when there are so many great TV series' that aren't getting released!",negative
"I saw this picture in 1940 for $.11 and I would like to secure a DVD in 2006 The film was the greatest adventure of the time and,like all epics,is still an entertainment marvel (B&W and all)You get a sense of real bonded friendship in the chemistry between the actors and the performances of Sam Jaffe & Eduardo Cianelli are outstanding (This could not be done today I particularly liked the ending where the colonel recites the end of Kipling's poem over the body of Gunga Din and tells the ""Untouchable"" ""You're a better man than I am Gunga Din""They don't make movies of this character today.The only cast member that is still alive today is Joan Fontaine",positive
"I saw the premier of this movie during the 2005 Phoenix Film Festival and was very impressed with the skill Director, Jeff Hare, exhibited in bringing this timely topic to the screen. The cast of characters meshed perfectly and allowed us to examine the issue of a senior wishing to die on ""his own terms"" in a very warm and humorous way. Peter Falk was brilliant as Morris and the supporting group of family members and friends were perfectly cast in their roles. The interaction of the family, friends and outsiders with Morris created a realistic view of how families address the issue of their parents aging and their wishes to die with dignity.<br /><br />Although this movie is ostensibly a movie about a Jewish Actor and his family, it is truly a movie about all families. The jokes the family and Morris crack during this romp through the life of a ""Force of Nature"" are fresh and realistic. Childhood rivalries, adult successes and failures, and hope for the children are integral to this screenplay. While many will question how you can make the topic of suicide ""humorous"", I thought the treatment logical and timely. If you are not afraid to shed a few tears or laugh at the quips of a family struggling with this issue, then you MUST SEE THIS MOVIE.<br /><br />The movie was awarded ""Best Picture"" at the Phoenix Film Festival.",positive
"I loved it, it was really gruesome and disgusting. I thought that the tearing of the human flesh was thoroughly provacative. the way that it was depicting the human crucifix about Jesus Christ was really interesting. The tearing about limbs and jaws was awesome brutally gruesome. Don't watch this if you have a weak heart, you wouldn't be able to stand it.",positive
"Hard to believe this was directed by Fritz Lang since he mostly directed crime dramas and mysteries. This movie has a cast that includes Robert Young, Randolph Scott, Dean Jagger and John Carradine. Scott plays an outlaw who tries to go straight and leave his old gang and winds up saving Jagger's life. Jagger works for Western Union, a telegraph company that plans to have telegraphs out west. Jagger hires a lot of men to make sure it is done because they have to worry about Indian attacks and bandits. Scott is in charge of the men and Young is a telegraph expert who can't shoot a gun but can ride. Scott meets up with his old gang who want to stop them but Scott can't tell anyone. It's a pretty good western and Lang should of directed some more westerns.",positive
"Ladies and gentlemen: the show begins with this documentary film. It's structured in three chapters, each one chronologically arranged. The first presents the classical physics and links to Einstein. The second studies in depth the quantum physics and enters in String theory. The last reveals the Everything theory... The difficult concepts used here are introduced in a very simple way, with daily objects; although you must believe them without checking by yourself -if you are not a scientist- (and even if you are a scientist!!). The film is not a masterpiece by its fabulous technique or the way it's produced; what really imports is the story, and WHAT A STORY!!!",positive
"Every great gangster movie has under-currents of human drama. Don't expect an emotional story of guilt, retribution and despair from ""Scarface"". This is a tale of ferocious greed, corruption, and power. The darker side of the fabled ""American Dream"".<br /><br />Anybody complaining about the ""cheesiness"" of this film is missing the point. The superficial characters, cheesy music, and dated fashions further fuel the criticism of this life of diabolical excess. Nothing in the lives of these characters really matter, not on any human level at least. In fact the film practically borderlines satire, ironic considering all the gangsta rappers that were positively inspired by the lifestyle of Tony Montana.<br /><br />This isn't Brian DePalma's strongest directorial effort, it is occasionally excellent and well-handled (particularly the memorable finale), but frequently sinks to sloppy and misled. Thankfully, it is supported by a very strong script by Oliver Stone (probably good therapy for him, considering the coke habit he was tackling at the time). The themes are consistent, with the focus primarily on the life of Tony Montana, and the evolution of his character as he is consumed by greed and power. The dialogue is also excellent, see-sawing comfortably between humour and drama. There are many stand-out lines, which have since wormed their way into popular culture in one form or another.<br /><br />The cast help make it what it is as well, but this is really Pacino's film. One of his earlier less subtle performances (something much more common from him nowadays), this is a world entirely separate from Michael Corleone and Frank Serpico. Yet he is as watchable here as ever, in very entertaining (and intentionally over-the-top) form. It is hard to imagine another Tony Montana after seeing this film, in possibly one of the most mimicked performances ever. Pfeiffer stood out as dull and uncomfortable on first viewing, but I've come to realize how she plays out the part of the bored little wife. Not an exceptional effort, but unfairly misjudged. The supporting players are very good too, particularly Paul Shenar as the suave Alejandro Sosa.<br /><br />Powerful, occasionally humorous, sometimes shocking, and continually controversial. ""Scarface"" is one of the films of the eighties (whatever that might mean to you). An essential and accessible gangster flick, and a pop-culture landmark. 9/10",positive
"I have been watching movies from i think last 10 years , and I must say that i never felt that bad, which I felt after watching this extra large bore movie, it was bad, very Bad. There were songs & songs. Nobody should watch this movie. The director has shown Germans speaking English which is so rubbish. Germans does not speak English. & in one scene there was a white girl who asked Himesh for autograph. (Obv that he must have gave some money to her) In the promo they have shown prepare for Laughing riot. But i could say there was only one scene where that Himesh was laughing for no reason may be he thinks he's funny. Hansika is very good. she is like an angel. But too young only 16 yrs old. If you have plenty of time and don't know what to do then you should watch this movie or else its waste of money",negative
"It takes patience to get through David Lynch's eccentric, but-- for a change-- life-affirming chronicle of Alvin Straight's journey, but stick with it. Though it moves as slow as Straight's John Deere, when he meets the kind strangers along his pilgrimage we learn much about the isolation of aging, the painful regrets and secrets, and ultimately the power of family and reconciliation. Richard Farnsworth caps his career with the year's most genuine performance, sad and poetic, flinty and caring. And Sissy Spacek matches him as his ""slow"" daughter Rose who pines over her own private loss while caring for dad. Rarely has a modern film preached so positively about family.",positive
"I know it's not original, but what the hey? What else can be said about it? I feel unutterably silly just paying any attention at all to ""From Hell It Came"". The movie makes the important political and social issue of fallout from atmospheric atomic tests seem a matter for joking and dismissal, not the concern and alarm being raised by scientists all over the world at the time.",negative
"I saw this movie in Blockbuster and thought it might be a good Sunday evening movie when there is nothing else to do. So I bought it used, 3 DVDs for $25. Although it was cheap, my money would have been better spent on a nail to drive through my foot.<br /><br />The film started out nicely. Kinda Dark and mysterious. I was always enthralled with vampire and samurai movies as a kid. I thought the combo would be really cool. The first fight scene was pretty cool. I was excited for the rest of the movie. Then the movie took a serious nose dive.<br /><br />I understand that this was a big hit in the east. I guess because of the twins. I don't see it though. This movie, aside from the first 10 minutes, was absolutely horrible. So many movies in this genre have the potential to be great, and blow it terribly. This is just another casualty.<br /><br />Jacki Chan's role in this film doesn't make any sense at all. Whyyyyyyyy? Complete silliness. He probably made a few bucks off it though.<br /><br />The only cool thing in this movie are the swords they use. Nice idea.<br /><br />I wouldn't recommend this movie to anyone.",negative
"My parents may enjoy this show, but I fail to find the humor in it. What is so funny about a dentist husband impregnating his hygienist assistant and the oldest daughter getting impregnated by the captain of the high school football team? Absolutely nothing! It's a shock to me sometimes what people think constitutes humor nowadays. Blame that on shows like ""The Dating Game"" and ""The Newlywed Game"" bringing the issue of sex to the forefront in the mid-1960s. Sure, the series has its touching moments, still that's no excuse for the content that otherwise went into this series. This is nothing like the family-oriented days of ""I Love Lucy"" some five decades before. <br /><br />An answer I would have to why this series plays on the Lifetime cable channel is because that channel's brass think women can relate to Reba's character! I absolutely dislike the character of Reba Hart's daughter, Kyra. She is best described as a ditsy and bitter teenager! Funny, I wonder if the actress who played Kyra; Scarlett Pomers, is like that in real life away from acting. Who plays the blockhead ex-husband dentist, Christopher Rich, is not much better. Barbara Jean, played by Melissa Peterman, is ditsy in herself! The characters of Van and Cheyenne are also very annoying.<br /><br />Something else that baffles me is why the dingbat-of-a-series creator, Allison M. Gibson, decided to set the series in where I live 25 miles away from; Houston, Texas! Reba McEntire isn't even from this state, she's an Oklahoman! Why is it during one season or more they decided to make the incidental music sound like a pig snorting? What I mean by that is where we hear this baritone saxophone being played with drums accompanying it, but the melodies are basically tuneless!",negative
"Woody Allen, when at his best, has one of the sharpest pens around. He can make an acute observation and wrap it around a punch line like nobody else. However, when he's at his worst his movies can stench of pretentiousness. Unfortunately, ""Melinda and Melinda"" has this stench from opening to closing. The set up is one of his more intriguing ideas in a while. Four friends sit in a restaurant discussing whether the essence of life is comedy or drama. To help settle the argument, one man relates the beginning of a story and asks the two other men arguing (one a comic playwright, the other a dramatic playwright) whether the story is a comedy or a tragedy. The two men then continue the story and the movie plays out the stories that they weave. Now, when I first heard about this film, my understanding was that they tell the exact same story, the genre (comedy or drama) only changes by how you look at it. Now that would have been interesting. However, the stories only share one main element and a few side elements. They are entirely different stories with major plot differences. The drama is so stiffly scripted and pretentious that it can only really work as self-parody. If this was the point, then it failed because these elements prevent the audience from feeling any emotional investment in any of the characters. The comedy is the story that has moments of success, but they are still short and fleeting. Will Farrell is obviously meant to be the stand-in for Woody, but he could have played this character so much more believably without adding Woody's stutters and hand-ticks. Woody is the best at being Woody. When someone else tries, they're not playing a character, they are modeling a recognizable actor. This type of thing only pulls the audience out of the story.<br /><br />My favorite Woody Allen movies make me leave the theater a little bit lighter in spirit than I walked in. This one made me wish I could get my money back.",negative
"This working girls go to hell soap is a time capsule candidate, courtesy of its immaculate physical production, 50s costuming (look at all those bows and pearls), creamy Johnny Mathis theme song and oh-so daring (for its time) sexual attitudes. Rona Jaffe's novel, on which the film was based, keeps on being republished, and just a few years ago Vanity Fair actually devoted an article to this delectable bon bon of a movie. Take a look at the new DVD transfer and you'll know why.<br /><br />The three leads - Hope Lange, Diane Baker and Suzy Parker - echo the girls from ""How to Marry A Millonaire"" or Carrie Bradshaw and her friends from ""Sex and the City."" ""Gentlewomen songsters off on a spree..."" Their romantic adventures and sexual entanglements are the stuff of paperback passion: empty caramel corn calories, devoid of nutrition, impossible to resist snacking on. Lange is genuinely touching in her neo-Grace Kelly way, Baker is properly dim and idealistic as a timid virgin who gets (gasp) knocked up by a (hiss) cad. It helps that the cad is played by Robert Evans, the throaty voiced, coke snorting film mogul who surely has lead many an innocent young lamb to the slaughter in his Beverly Hills bedroom.<br /><br />Suzy Parker is fascinating in the first half of the film, all blithe self assurance and knowing remarks. She struts her stuff with the panache of the fashion icon she was in the 50s. Alas, she's not up to where the film sends her: into madness and obsession. But she exudes glamour and savior faire and her acting is at least adequate. One wonders why the critics loathed her, virtually driving her out of movies a few years later. Perhaps an aloof attitude on the part of a good looking woman is just too much to bear. It sank Ali McGraw's career a generation later, and, when you think of it, Ali McGraw and Suzy Parker were basically the same actress.<br /><br />The film's only major flaw is a weak ending. It pretty much collapses into a romantic swoon at the end, rather than rising to a wham bang melodramatic finish, like the other famous soap opera from producer Jerry Wald, ""Peyton Place,"" which had Lana Turner weeping and gnashing her teeth during a rape trial. Here, Hope Lange wanders out onto the New York sidewalk, spots burly, eternally hung over (but now, of course, sober) Stephen Boyd and they simply walk off together...into the sunset, one presumes. Otherwise, this is pretty much the definition of a guilty pleasure.<br /><br />Oh Yes...there's also Joan Crawford, breathing fire at all the young girls and smoking cigarettes while she hisses to her married lover over the phone. And the titles are done in hot pink, with ribbon lettering that recalls the department store ads of the late 50s. Don't miss!",positive
"Oh boy! Oh boy! On the cover of worn out VHS has a picture of Sandra Bullock and her name written on top. I think only reason they had chance to sell the movie in nineties, was because of Sandra Bullock's name. Bullock's fans don't have to disappoint. Sandra is only thing to watch in this movie and her performance is the only you can call acting. Rest of the movie It's fun to watch in first fifteen minutes because it's bad but after that it's going worse. Much worse. Directing is awful. Acting is awful. Script is awful. Dialog is awful. Action is awful. Music is quite good actually. Typical score for eighties action movies. This movie is so bad that it goes close to anything Andy Sidaris has ever produced. It's so bad that there isn't proper word to describe this poor attempt to be a movie. But still, there was Sandra Bullock. And super cool (sarcasm) Jake LaMotta who tried to be Marlon Brando. <br /><br />I think they can now bring the film out on DVD. It could be cool! And they should write on the cover: ACADEMY AWARD WINNER SANDRA BULLOCk IN HANGMEN<br /><br />1 out of 10",negative
"This tender beautifully crafted production delved deep down bitter sweet into my being. The irreverent pupils, the life embittered bus driver and the teachers personalities present a subliminal debate as the story unveils. The adult characters all seem familiar, my teachers, my bus driver, each one of their opinions so plausible and well known. When a key incident happens on the bus we are sent on a circuit of viewpoints. All the time the babble of teenage energy is only just kept under control by the organisers of the trip. Mr Harvey is experiencing much pain throughout . He reminds me of war damaged teachers I did not understand when I was an irreverent pupil.<br /><br />Rhidian Brook and the producers deserve much acclaim for this well shaped British film. The acting unblemished, the scenes appropriate, it should be widely available yet does not seem to have been given the right opportunity.",positive
"This movie is a waste of time and money. Throughout the entire hour and a half, I continued to wait for it to get better and it never did. It was slow moving, the plot jumped around, it wasn't scary or interesting, and really never amounted to anything. The credits during the introduction were long and drawn out, which was basically like the rest of the movie (long and drawn out). Numerous parts of the plot made no sense. Several times during the movie I had thought that maybe I had ""zoned out"" because the incongruity of the plot, however, my companion had the same issue and assured me I did not ""zone out"" from boredom, but it was indeed the movie. I've actually never posted on here about a movie before and have been actively looking up movies on IMDb for numerous years. So the fact that I'm actually taking the time to write something should speak volumes of how bad this movie is and that you should not waste your time or money on it.",negative
"The only real highlight in the movie is the death of the sniveling guy and the reaction of the surviving characters to it.<br /><br />In every other way, this film is a very lame rip-off of Jaws, Lake Placid, and Alligator, with a little bit of Godzilla (1998) thrown in.<br /><br />As is standard for a 1990's-style horror movie, the two non-starring females each take their clothes off at least once. The female lead doesn't, since she obviously has a better agent. <br /><br />The whole movie surrounds the filming of a really dumb extreme sport called blood surfing, in which surfers cut themselves and surf in shark-infested waters. In this film, a giant salt-water crocodile also happens to be in the area. People get eaten. The movie ends.<br /><br />I don't mind a bad horror movie, but I really hate a dull bad horror movie, which this definitely is.",negative
"As always Joan Hickson is wonderful as Jane M. Subtle, sharp and aware. I do not wish to dwell on her acting skills as they are praised enough on this site. I would like to criticize some of the smaller parts as the rest of the cast seemed to be hand picked by director David Tucker.<br /><br />Liz Fraser's performance as Mrs. Bent (the mother of the missing girl Nora) is a joy to watch. Subtle and deeply moving as the alcohol-depending grieving mother who loves and misses her daughter desperately. A good long shot of her monologue (thanks Tucker!) so she can be enjoyed to the fullest. I was moved when I saw her the first time when it was broadcast and I am moved again, now I have it on DVD. Brava.<br /><br />Joanna Hole as Madge the tour-guide I find highly amusing. She is on the edge of over-acting but her role can have it. She is SO funny as the over-organized guide who wants to do good with everyone on that bus, I find her hilarious. Her reaction after she boarded every-one on the bus is great... As always: to perform comedy one has to take it very seriously, and that's what Ms Hole does.<br /><br />I do hope those two ladies have good careers (as I live in Holland I do not know if they have, not all theater productions can be googled...) -their performances on the screen deserve it.<br /><br />Pieter",positive
"Beware My Lovely originated from a play written by Mel Dinelli who apparently liked writing about frightened women. His first and best effort was the screenplay for The Spiral Staircase. He also did a Loretta Young suspense thriller Cause For Alarm a couple of years earlier. The play Dinelli wrote was originally entitled The Man and it ran for 92 performances on Broadway during the 1950 season. It was Dinelli's only effort on Broadway and it starred Dorothy Gish and Richard Boone. <br /><br />The roles that Gish and Boone played are taken by Ida Lupino and Robert Ryan. For whatever reason RKO thought to eliminate the age difference. Dinelli himself rewrote his play for the screen so I'm wondering what he thought about that. Certainly the frailty issue was eliminated completely from the story.<br /><br />That wasn't the only thing that was eliminated. The people are all wearing period clothing from around World War I yet there's no reference at all to the time this story takes place in. I thought that strange and later on when the telephone company repairman comes to Ida Lupino's residence, I noticed his truck was a vintage one of the same era.<br /><br />The film is almost entirely set within Ida Lupino's home where she's hired an itinerant stranger in Robert Ryan as a handyman. The film is a great object lesson in not hiring strangers without reference. It turns out that Ryan is a schizophrenic who imprisons Lupino in her home for about a day.<br /><br />Both the leads do fine jobs even with the changes made. Films like Beware My Lovely are the stuff that a small studio like RKO did best. If this were done at MGM or Paramount the glossy trappings would have overwhelmed a solid story.",positive
"This production is an insult to the Stooges, especially Moe. It is inaccurate and poorly acted. Many of the events depicted just didn't happen that way and too much was left out or skipped over. Read the books written by Moe and his daughter Joan instead. This was a waste of time.",negative
"This movie is full of pseudo deep thoughtfulness and it's cloying in its writerly-ness, that includes a canned ham voice-over and some unbelievable dialogue. Dialogue that is tinny and tone deaf the way Spike sometimes (not always) is when writing ""certain"" characters. For those that like nonsense films like Pieces of April and One Hour Photo, this is another one for you.<br /><br />That said, this comment is nothing against Ryan Gosling who has shown his awesome chops in The Believer. A film that proves that movies are a director's medium, and when a movie is rotten it's fair to say the fault lies there and not in the actors.",negative
"This is probably the best cinematic depiction of life in a Manhattan ad agency: the pressure to perform; client and agency demands; the parties; the creativity; the money; the cool surface with powerful corporate undercurrents. <br /><br />Toss in parenthood for Dustin Hoffman. <br /><br />The movie is textured and deep. It follows his internal relationship as he tries to understand and live with what's going on; his relationship with Meryl Streep (and her friend, who becomes his friend), and his the relationship with his son. <br /><br />While Meryl Streep was great, did she set the record for least screen time to win an Oscar? She sure can deliver when she is on, though.",positive
"I tend to get furious when hearing about Lucio Fulci's reputation as a director. Too often he's categorized as a no-talented filmmaker, only out to shock and disgust entire audiences with images of pure gore. True, his films contain more explicit filth and sickness as your average mainstream American production, but his films always are of wide range and the plots are gruesomely morbid. Don't Torture a Duckling is yet another story! This film is a pure gem of the Italian shock cinema! I easily dare to call this film a masterpieceit's an old-fashioned giallo that includes all brilliant aspects of genuine horror. The film shows the search for a inhuman serial murderer in a small Italian mountain-town. The bodies of 3 young boys are found, horribly mutilated. There are quite a lot of pseudo-madmen in the town but every trail leads to nowhere. Among the suspects are a greedy bum and a scary woman, obsessed by witchery and voodoo. Like a true mastermind, Fulci knows to find the right creepy tone for his film. He portrays the small town as a claustrophobic and inescapable setting of macabre happenings, supported by a giddy soundtrack. Fulci also develops himself as a genius storyteller here. The script always is one step ahead of you and the complex plot will mislead you more than once. In other words, this is a unique giallo (horror slash murder mystery). The gore isn't presented as grotesque and explicit as in Lucio's later milestones (among them are the legendary Zombie 2, The Beyond and the New York Ripper), although there still are a few nauseating and hard-to-watch shock-sequences shown. <br /><br />Don't torture a Duckling is the most compelling and effective achievement Lucio Fulci ever brought forward and it easily ranks among the greatest Italian horror movies ever made. Right next to the masterpieces made by Mario Bava and Dario Argento. The film is fascinating from start to finish, some plot aspects are alarmingly realistic and the tension is adrenalin-rushing at all times! A must see for horror fans and an absolute priority for Italian shock-lovers!",positive
"THE RAP, the book this movie was 'based' on was one of the most difficult books I've ever read. Yet I could not put it down. Raunchy, crude, foul, lewd...you name it, it had it. It also had some of the best characterizations of any novel I've ever read.<br /><br />Well, as for the flick...it was deplorable. I mean, Tim Mcintire as Wasco? Wasco was the baddest mutha...talking 'bout WASCO...Mcintire as Wasco is like casting Tim Conway as Charles Manson.<br /><br />What happened to the MAIN character in the book? Little Arv. He doesn't even exist in the movie...Fast Walking WAS NOT the main dude in the book. Why even name credit this thing with THE RAP? None of the spirit, atmosphere, nastiness, or drama of the book was captured in this movie.<br /><br />For me it was not only a disappointment, but a total waste of time and celluloid.",negative
"I would highly recommend this movie! And I certainly shall be personally recommending it to my friends and family here and abroad! It was with excited anticipation, that I have just pre-ordered it online, I enjoyed it so much! It is not out until February/March 2008, but it will be well worth the wait! But first go and see it in the cinema if you can. There is nothing quite like the Cinema-Experience of a cinema-made movie! Insist that your local cinema puts it on! I went to see 'Seachd, the Inaccessible Pinacle' tonight, down here in London, and was really impressed. It is a marvel: a truly beautiful film set in the Scottish Highlands: you will laugh, you will cry, you will be moved in may different ways, you will be intrigued, and as the story within the stories is revealed, you will be amazed at that revelation.<br /><br />This movie is in Scottish Gaelic with English Subtitles, but do not let that detract you if you are not a speaker of the Gaelic: I am just starting, and my son does not, nor did many people there tonight, and it did not spoil it for us by any manner of means! Superlatives do not suffice! The photography is superb - there is no CGI here, and the movie is all the better for that- here you have true photography! The script is so skilfully and subtly written. The many-layered plot weaves the magic art of the ancient storytellers. The music is at times rousing, at times haunting, but always adding to the atmospheric ambiance. And the acting? ... it is to behold ... and the actors?... they the true weavers of this delightful yet profound film, particularly the two main actors, 'Padruig-the-young' and 'Padruig-the-elder' (A true bard, if ever there was!), who both carried a very heavy load! And the Direction? Well watch out Richard! And the Producer, responsible for raising funding, hiring key personnel, and arranging for distributors? A task well done! I hope that you will make sure that distribution goes out to our communities abroad! And the Gaelic community? Uill, without you it could not have happened! We were told that this movie was made on a low budget, but you would not know it, and I think it might well be because, for what they might have lacked in money, they more than made up for with the richness of the heart, and the warmth and co-operation of the local Scottish Gaelic community.<br /><br />A heartfelt thanks to all concerned in the making, and the sponsoring, of 'Seachd' - Mòran taing! (Many thanks!) From the Gaels to the World! From the World to the Gaels!",positive
"How i deserved to watch this crap??? Worst ever. The acting was awful, when i read that this was a comedy i expected at least to smile, once - or twice, but.... If you are wiling to loose hour and a half of your lives, this is the right movie. I recommend just look in a wall or something, anything else but watch this ""film"". Yoy can even watch a documentary (if you are a guy) about pregnant women, i guarantee it will be more entertaining :)The actor in this one (i forgot his name) is not that bad, and i am surprised how hi accepted the role. Anyway ""I want someone to eat cheese with"" is the right film if you want to punish someone.",negative
"Rosenstrasse is more an intimate film than one of epic proportions, which could have kept away many film goers looking for a Pianist similar plot. Fortunately, Von Trotta, a good screenwriter, opts for a feminist peep to an era too much illustrated on its colorful exterior, but too little analyzed in terms of intimacy and from the point of view of ordinary Aryan German rather from a Jewish standpoint. Rosentrasse finds its strength in these unsung burdens of people trapped within historical circumstances of which they emerge as victims. The pace of the film is introspective, poignantly slow, meditative. Besides, the characters are so vivid while transitions between generations and the passing of time has been deftly crafted. Rosenstrasse is not a masterpiece, and some narrative flaws are well discerned. Another fault lies on a trivial cinematography unable to capture the intensity of the internal drama lived by the characters. Nevertheless, this film is worth seeing. Finally, Rosenstrasse is part of the last trend in German films dealing with the ghosts of a nightmarish past,trend that includes such excellent films as Nowhere in Africa, and recently, the controversial Downfall. I would recommend this film to those who know how to read beyond the images.",positive
"The original ""les visiteurs"" was original, hilarious, interesting, balanced and near perfect. LV2 must be a candidate for ""Worst first sequel to a really good film"". In LV2 everyone keeps shouting, when a gag doesn't work first it's repeated another 5 times with some vague hope that it will eventually become funny. LV2 is a horrible parody of LV1, except of course that a parody should be inventive. If you loved LV1 just don't see this film, just see LV1 again!!",negative
"I love the comics. Although I do have problems fully understanding the stories  the visual style is unique with all its dirt, dust and decay. So I thought I knew what I was up for. Surprisingly I understood the main plot  but some extremely poorly decisions where made for its visual style. <br /><br />I mean - really bad looking ""CG human actors""-in close ups? Why?! It did not work at all!! Horus - and the other Egyption gods - was successfully made in CG and very close to the comic version. <br /><br />I think with real actors this movie could have been a cult movie. <br /><br />What a shame.",negative
"I wasn't really hoping for much when I went to see this. After Mst3king the heck out of JasonX with some friends though, I was hoping for a similar experience here.<br /><br />Unfortunately the movie took itself way too seriously. Do I care about Jason's problems? I'm sorry no. There are a legion Ft13th movies that cover that anyway. At at then end of the day, he's an undead serial killer, I'm just not going to get that sympathetic.<br /><br />Freddy was by far the most interesting aspect of the movie with the hallucinations and what not, but unfortunately they were few and far between and by the end of the movie, it had degenerated into a bad episode of celebrity deathmatch...only not funny.<br /><br />",negative
"This movie is... horrible and wonderful at the same time. I first saw it when I was about 13 or 14 years old, so it has a great deal of nostalgic value for me. In this movie, Cesar Romero actually plays the character of Octavio, the man who ""discovered"" Santana. There are also two other actors, Monte Markham (plays Sam, who is trying to save his daughter) and Peter Mark Richman (plays the priest), who have large filmographies, and these are the only performances that are okay. The rest of the acting and the movie itself have all of the B-film qualities that some of us cherish.<br /><br />I recently spent 2 years trying to acquire a copy of this movie, and it is almost nonexistent. I am assuming that it was discontinued very shortly after its release. But I did eventually find a copy and paid a pretty penny to acquire it. If you happen to come upon Judgement Day in a video store (unmistakeable with a cheesy green ""satan"" on the cover), count yourself among the blessed who live near one of the few video stores that still has a working copy. A must see for those of you who like to laugh at cheesy attempts at a scary movie.",negative
"I really have problems rating this movie. It is directed brilliantly, there is obviously a lot of money in it. Gere and Danes are intense (although her screen personality could use a bit more defining and spicing up), editing and cinematography are excellent. On the other hand, it is one of those really really sick movies where one cannot help but wonder whether the director himself likes to stage specific scenes, and, yes, one cannot help but wonder how many copycats will such a movie inspire.<br /><br />In purely artistic terms, it is a 9, but I really have to ask myself who these people are giving their money to produce such a movie ....",negative
"Yes it's a Fast Times wannabe, but it's still decent entertainment.<br /><br />Some of the comedy parts are really funny. The scene when the three guys visit the Spanish lady is hilarious, with a little flamenco music in the background. The reaction when her sailor husband comes home is a riot. The guys' exploits in dealing with crabs are funny as well when they try to ""drown them"" and when they visit the pharmacist. <br /><br />The abortion scene is a Fast Times ripoff too, but it does do a good job of capturing the terror of the situation. You really feel for what Karen is going through, and for Gary in his mad scramble for cash to pay for the abortion and accommodating her recovery.<br /><br />The ending is painful to watch, but refreshingly realistic. First-time viewers will not be prepared for it and it will be a shock.<br /><br />There is a decent eye-candy for guys with young girls and the milf Spanish lady, but heterosexual guys will probably want to skip the penis-measuring competition. <br /><br />Underrated soundtrack too. Check out early, early U2(!), The Cars in their prime and an appropriate tearjerker song by James Ingram for the surprise ending.<br /><br />Some people will hate it and it is somewhat dated, but those who like teen flicks or grew up in the early 80s should like it.",positive
"I saw this film on True Movies (which automatically made me sceptical) but actually - it was good. Why? Not because of the amazing plot twists or breathtaking dialogue (of which there is little) but because actually, despite what people say I thought the film was accurate in it's depiction of teenagers dealing with pregnancy.<br /><br />It's NOT Dawson's Creek, they're not graceful, cool witty characters who breeze through sexuality with effortless knowledge. They're kids and they act like kids would. <br /><br />They're blunt, awkward and annoyingly confused about everything. Yes, this could be by accident and they could just be bad actors but I don't think so. Dermot Mulroney gives (when not trying to be cool) a very believable performance and I loved him for it. Patricia Arquette IS whiny and annoying, but she was pregnant and a teenagers? The combination of the two isn't exactly lavender on your pillow. The plot was VERY predictable and but so what? I believed them, his stress and inability to cope - her brave, yet slightly misguided attempts to bring them closer together. I think the characters, acted by anyone else, WOULD indeed have been annoying and unbelievable but they weren't. It reflects the surreality of the situation they're in, that he's sitting in class and she walks on campus with the baby. I felt angry at her for that, I felt angry at him for being such a child and for blaming her. I felt it all.<br /><br />In the end, I loved it and would recommend it.<br /><br />Watch out for the scene where Dermot Mulroney runs from the disastrous counselling session - career performance.",positive
"The whole point of making this film, one of the earliest and best international color releases of cinematic opera, was to make it more accessible to the masses. And it succeeded admirably in doing so. The general public would not sit still for a love story about two young exotic lovers in ancient Egypt if played by the typical 300 pound over 40 tenor and soprano with the vocal equipment to sing the glorious music properly. Hence the visual substitution of the beautiful principals (a young Loren, handsome Della Marra, and a slinky Ms. Maxwell)who make the story much more believable, giving those not familiar with the plot or the music a better chance at being wooed into the lovely arias who otherwise might not be. Altogether, an enchanting introduction to one of Verdi's great works. I remember seeing this when I was in junior high school and it certainly awakened my interest in opera, a form with which I was then not well acquainted. I still regard this film fondly and would recommend it highly to those who might appreciate the great music accompanied by better than average visuals. Luciano Della Marra was a standout as Radames, and unfortunately for audiences did not appear in any other films.",positive
"Hey what do you expect form a very low budget movie!?!? Although I haven't seen ""Dahmer"" (2002) I can say that following what the media put out about Jeff this is a pretty accurate depiction. I have studied the Jeffrey Dahmer case and learned all I can about this man. This is a low budget movie but it shows the mentality of a serial killer. If you can get past gore and see what the underlying story of a sick mind. I loved this movie! Just brace yourself for low budget and no blood. Its a story as seen through the eyes of a killer and his actions and thoughts from childhood up through his arrest. My favorite line is : ""If they had bothered to look in the back seat it might have saved a lot of lives"" Enjoy!",positive
"I recently saw this movie in my International Business class. I was not expecting anything other then another boring documentary (not to say I don't love documentary I've just hard bad luck with movies in that class) Imagine my surprise when this movie, that's actually a movie, came up. <br /><br />This film is a tell all of cultural differences in the work place and how they need to cooperate to get anywhere. The culture clash shows just how different the world is and just how differently we perceive ourselves until someone comes along and gives us a wake up call. I would highly recommend this film to anyone in business or who just wants a laugh, because yes it is funny. <br /><br />Well, that's about it! Cheers",positive
"When HULK hit theaters in 2003, it wasn't long before DVDs of the old Incredible Hulk TV show popped up in an attempt to cash in on the craze. We saw a similar occurrence a year prior when Spider-Man cartoons appeared on DVD to coincide with that hero's big screen debut. Companies leap at the opportunity to ride on the financial coattails of a hot brand.<br /><br />So the fact that this picture never surfaced on the shelves of Wal-Mart as its featured heroes clobbered the box office in the summer of 2005 says a lot. I guess everyone involved would just rather forget. To be fair, THE FANTASTIC FOUR is not as bad as everyone says. Let me rephrase that. It's not as unentertaining as all of its negative reviews might suggest.<br /><br />Veteran television actor Alex Hyde-White (no, you don't remember any of his roles) leads the way as Reed Richards, the brilliant scientist who, along with his crew, gains bizarre powers after an outer space mishap. He's left with the ability to stretch and contort his body to outrageous lengths. His future wife, Sue Storm (Rebecca Staab), can suddenly turn invisible, while her brother, Johnny (Jay Underwood), may now ignite himself at will. Then there's poor Ben Grimm (Michael Bailey Smith), the lovable lug whose body morphs into a mass of craggy, orange rock.<br /><br />Just as the friends are becoming accustomed to all of this, they are called upon to rescue the world from certain chaos. It seems Reed's old colleague Victor von Doom (Joseph Culp) is living up to his name, and that villainous Jeweler (Ian Trigger) isn't exactly helping old ladies cross the street, either. Can our heroes save the day? Of course they can; like any superhero movie, it's just a question of how and when.<br /><br />What's striking about THE FANTASTIC FOUR is how amateurish it is in virtually every aspect. The dialog is so lame and tired it sounds like it was written by a junior high drama class. The acting is so unpolished it makes a third-rate afternoon soap opera look like Shakespeare. The special effects are surprisingly good considering the minuscule budget, but there are still some positively embarrassing moments. When The Human Torch fully ignites his body, for instance, the entire movie briefly turns into a cartoon. I can just hear that production meeting. ""Oh, no one will notice. They'll be too intrigued by the action!"" I mean really, a cartoon? At least give me a mannequin on fire held up by a string! Prior to that, the scene in which the foursome come to on earth after their spaceship crashes is pure teens-in-the-backyard fare. The crew simply found a field and lit a vaguely-spaceship-like object on fire. That's the only remnant of such a major disaster?<br /><br />Of course there wasn't a whole lot to work with in the script. There is a fairly coherent story here, but it's all so simplified. When Reed and Ben decide to go into outer space, they simply drop by the Storms' house and ask if they'd care to join them. Is it really that easy? Don't these sort of things require, oh, I don't know, years of training and expertise? Not in the world of these writers, who seemed to be inspired by the underrated genius on display in FULL HOUSE reruns. But as bad as that may be, nothing can compare to how painfully clichéd Dr. Doom is. He was pulled right out of those awful superhero cartoons from the 1960s, right down to the evil laugh and slamming his clenched fist down on the table to punctuate his remarks. No comic book, least of all Fantastic Four, has ever featured a villain so obscenely one dimensional.<br /><br />Ultimately, THE FANTASTIC FOUR is saved from being a complete turkey because it's just so damn innocent. You can tell the people involved, as little talent or experience as they had, really tried. They didn't know the final result would be so embarrassing. They were under the impression that this was their big break, that people would flock to the theaters. It bears repeating that they had virtually no money to work with (and I'm sure half of that was eaten up by the cool Thing costume). All things considered, they did well, and for its many flaws, the finished product is a fair amount of fun for comic book fans.",negative
"Jack Webb is riveting as a Marine Corp drill instructor in the D.I.. Webb play Sgt.Jim Moore, a tough but fair Marine whose job it is to prepare young teens for possible combat. No one could have played this role any better that Jack Webb. As a former Marine,I can assure that this is the most accurate film dealing with basic training in the Corp. Extremely entertaining!",positive
"Definitely, definitely the worst film I've ever seen, no questions asked! Contradictors of this opinion might argue that this title should not be judged by the same criteria as others, since it's an independent, low-budget film, but c'mon already  the amateurism and meager innovation is horrifying.<br /><br />Agreeing with everything that has been said about this film, for example the mind numbingly weak acting (when it's this bad you take another go at shooting the scene, god damn it), the thing I found the most annoying was the total lack of common sense in the script, assuming such a thing existed during the production. There was an obvious absence of a dialogue with respect for the viewers, the girls switched personalities several times and they seemed to show absolutely no sing of any rationality or even brains - five relatively fit girls against one slight female psychopath  gang up on her, why don't you?<br /><br />The only thing that can be regarded as somewhat of a conquest for this title is the camera not leaving the van at any time thus the viewer seeing everything from inside it - which is, as the rest of the film, a good idea executed exponentially dreadfully.<br /><br />oh and by the way, this movie is NOTHING like The Blair Witch Project or Cloverfield or any other title filmed with a hand-held camera  this is an effect and not a trait! Used cleverly it can be breathtaking, but in this case it's an excuse for inadequate cinematography.",negative
"Every movie from the thirties is dated, but if you were to watch only John Ford movies it would seem more dated than if you watched others. i.e. Grand Hotel is comparatively modern melodrama. With Ford, there's always the hard-sell of someone's nobility (Abe, The Joads). Always the over-emphasis of some heavy's badness. Always the poorly crafted, awkward and obvious scripts. This is no exception. It's just a rather belabored device to deliver sentiment. And sentiment is all this has going for it.<br /><br />What Ford does here doesn't make me appreciative of Lincoln, it just makes me wonder how the States were ever settled by the population of complete morons depicted here. Ford went on to make decent movies. This is too dated to be anything but bad. It feels entirely false. <br /><br />Henry Fonda with a fake nose is bizarre. And no one from Illinois would pronounce the trailing 'S,' or say ""Shonuff!""",negative
"Okay, you have:<br /><br />Penelope Keith as Miss Herringbone-Tweed, B.B.E. (Backbone of England.) She's killed off in the first scene - that's right, folks; this show has no backbone!<br /><br />Peter O'Toole as Ol' Colonel Cricket from The First War and now the emblazered Lord of the Manor.<br /><br />Joanna Lumley as the ensweatered Lady of the Manor, 20 years younger than the colonel and 20 years past her own prime but still glamourous (Brit spelling, not mine) enough to have a toy-boy on the side. It's alright, they have Col. Cricket's full knowledge and consent (they guy even comes 'round for Christmas!) Still, she's considerate of the colonel enough to have said toy-boy her own age (what a gal!)<br /><br />David McCallum as said toy-boy, equally as pointlessly glamourous as his squeeze. Pilcher couldn't come up with any cover for him within the story, so she gave him a hush-hush job at the Circus.<br /><br />and finally:<br /><br />Susan Hampshire as Miss Polonia Teacups, Venerable Headmistress of the Venerable Girls' Boarding-School, serving tea in her office with a dash of deep, poignant advice for life in the outside world just before graduation. Her best bit of advice: ""I've only been to Nancherrow (the local Stately Home of England) once. I thought it was very beautiful but, somehow, not part of the real world."" Well, we can't say they didn't warn us.<br /><br />Ah, Susan - time was, your character would have been running the whole show. They don't write 'em like that any more. Our loss, not yours.<br /><br />So - with a cast and setting like this, you have the re-makings of ""Brideshead Revisited,"" right?<br /><br />Wrong! They took these 1-dimensional supporting roles because they paid so well. After all, acting is one of the oldest temp-jobs there is (YOU name another!)<br /><br />First warning sign: lots and lots of backlighting. They get around it by shooting outdoors - ""hey, it's just the sunlight!""<br /><br />Second warning sign: Leading Lady cries a lot. When not crying, her eyes are moist. That's the law of romance novels: Leading Lady is ""dewy-eyed.""<br /><br />Henceforth, Leading Lady shall be known as L.L.<br /><br />Third warning sign: L.L. actually has stars in her eyes when she's in love. Still, I'll give Emily Mortimer an award just for having to act with that spotlight in her eyes (I wonder . did they use contacts?)<br /><br />And lastly, fourth warning sign: no on-screen female character is ""Mrs."" She's either ""Miss"" or ""Lady.""<br /><br />When all was said and done, I still couldn't tell you who was pursuing whom and why. I couldn't even tell you what was said and done.<br /><br />To sum up: they all live through World War II without anything happening to them at all.<br /><br />OK, at the end, L.L. finds she's lost her parents to the Japanese prison camps and baby sis comes home catatonic. Meanwhile (there's always a ""meanwhile,"") some young guy L.L. had a crush on (when, I don't know) comes home from some wartime tough spot and is found living on the street by Lady of the Manor (must be some street if SHE's going to find him there.) Both war casualties are whisked away to recover at Nancherrow (SOMEBODY has to be ""whisked away"" SOMEWHERE in these romance stories!)<br /><br />Great drama.",negative
"All I can really say is that I'm glad that I was knitting socks while watching the movie, or I would be very angry for having wasted 2 hours of my life. The acting was terrible, the plot was even worse. There were some scenes that were meant to be serious that had my husband and I laughing out loud. I highly recommend this movie to people who like to do their own version of MST3K.",negative
"This second film is just as interesting as the previous one except that there is no suspense. We know what he is going to do and what is going to happen before it is even hinted at on the screen. Then the pleasure comes only from the way the various tricks happen and the succession of them. We know there will be dynamite in the car, that he will lose a wheel, that the car will have a crash, just to speak of the car. And that is what happens. Now the details and the particulars are for you to discover them in the film. That he may be baited by some dumb woman is obvious and has to come but we know that he has already seen through her and that he knows he is being dragged into a trap. Now, how is he going to get out of it? That's what you must discover by yourself. And don't worry he will get the main trafficker but how is another story. A speed boat is no match to our busy beaver on the river. We also know when he is going to be wounded. They did not know what bullet-proof jackets were in those days. It's true recently it was discovered that some GIs did not have that kind of equipment in Iraq. But what is the meaning of such a film? This insistence on hunting the traffickers and this blindness that does not see that it is the prohibition that creates the problem. But the film is a constant and perfect illustration that there is no value what so ever that can stand in the way of this moralistic crusade against the forces of evil. Why not simply legalize these goods so that they can be properly observed and under surveillance? When something is not illegal or pushed out of the way it is all the less fun to use them, to do them. It is the forbidden or the restricted that is attractive.<br /><br />Dr Jacques COULARDEAU, University Paris Dauphine, University Paris 1 Pantheon Sorbonne & University Versailles Saint Quentin en Yvelines",positive
"Over the years I've watched this movie many times from seeing it on ""HBO"" and I now own a copy on DVD. I must say it's very memorable and entertaining in the meantime it's interesting and educational too. As any TV fan can relate to the time of the early 90's when the time came up to replace Johhny Carson the TV living legend of ""The Tonight Show"" who's it gonna be Jay or Dave? This original film from HBO ""The Late Shift"" stays true to form and depicts the real events very well showing the behind the scenes battle between networks heads of NBC and CBS and even ABC they were all fighting for the services of Jay and Dave. The acting makes it seem real as very little actual TV footage is shown with real life people as the actors portraying Leno and Letterman make it seem so real. I haven't read the Bill Carter book so I don't know if it stayed true to the pages, but I have highly enjoyed this film over the years. From the moment when it starts showing CBS entertainment heads watching Leno sub for Johhny and they decide they want to get in on the late night game. Yet when Carson announces his unexpected retirement NBC wants to stay loyal with Leno yet conflict arrives when Letterman wants a crack at the slot at 11:30 too. It was fun to watch the wacky meeting with Michael Ovitz(Treat Williams)who makes all networks want to consider Letterman for a show. It was interesting to see the scene of Johhny telling Letterman by phone in a direct way to walk from NBC and consider CBS. And by the way Rich Little was terrific as Johhny Carson his portrayal couldn't be matched. And plenty of tense moments were provided by showing the bickering and firing of Leno's talent manager Helen which NBC heads pressured him to do. Overall great film that showed what TV is really like and it proves that networks are power and money hungry while showing that's it's a cutthroat business. Clearly there's no business like show business. Great work from HBO very memorable and a watch anytime it showed the true story of the late night wars.",positive
"Jonathan Demme's directorial debut for Roger Corman's legendary exploitation outfit New World Pictures rates highly as one of the finest chicks-in-chains 70's grindhouse classics to ever grace celluloid. Beauteous Russ Meyer starlet Eric (""Vixen,"" ""Beyond the Valley of the Dolls"") Gavin gives a robust, winning performance as a brassy, resilient new fish who does her best to persevere in a grimy, hellish penitentiary. The always fabulous Barbara Steele offers a deliciously wicked portrayal as the mean, crippled, sexually frustrated warden (her erotic dream about doing a slow, steamy striptease in front of the lady inmates is a real dilly). Longtime favorite 70's B-movie actress Roberta (""The Arousers,"" ""Unholy Rollers"") Collins delivers a hilariously raunchy and endearing turn as a cheerfully forward, foul-mouthed kleptomaniac felon who tells a gut-busting dirty joke about Pinnochio. Lynda Gold (a.k.a. Crystin Sinclaire of Tobe Hooper's ""Eaten Alive"" and Curtis Harrington's ""Ruby"") makes her lively film debut as uninhibited wildcat Crazy Alice. And the ever-cuddly Cheryl ""Rainbeaux"" Smith does a lovely, touching reprise of her fragile frightened innocent role from ""Lemora: A Child's Tale of the Supernatural."" <br /><br />Although this picture does deliver the expected ample amount of coarse language, nudity, rape and violence, it's still by no means a typically crass and sexist piece of lurid mindless filth; the movie very effectively explores the many ways in which men cruelly exploit women and strongly asserts the pro-feminist notion that women can overcome any obstacles if they band together into a group so they can bravely face their misogynistic oppressors as one mighty fighting force. Demme's zesty, confidant direction comes through with a glorious abundance of astutely observed incidental details and delightful moments of engagingly quirky human behavior. Furthermore, both Tak Fujimoto's vibrant cinematography and John Cale's marvelously dolorous oddball blues score are 100% on the money excellent. Patrick Wright (Sheriff Mack in the uproariously awful cheap-rubber-monster-suit creature feature howler ""Track of the Moonbeast"") has a sidesplitting bit as a jerky cop who has his car stolen by a trio of prison escapees when he stops at a gas station to use the bathroom. Lively, rousing and immensely enjoyable, ""Caged Heat"" qualifies as absolutely essential viewing for 70's drive-in movie fans.",positive
"I still can't believe that Wes Craven was responsible for this piece of crap.This movie is worse than ""Deadly Friend"".The plot is stupid,the acting is mediocre and the film is deadly dull.I don't know why Wes Craven hates his debut ""Last House on the Left""-an absolute masterpiece of the genre and likes(probably)this turkey.Don't get me wrong,I really like some of his movies,but it was a real torture sitting and watching this.",negative
"Oh my lord, what were they thinking about with this one. It not only is frantically unfunny, but worse, a very good original was trashed in the bargain. Jane Fonda, believe it or not, actually turned in the performance of her life in that one. Even better than where she plays the whore in the other so called performance of her life. Maybe she is just flat good as a crook. Any other time, wow, what a waste of time. But she and Segal team up beautifully, so if you even remotely got a glimpse of anything funny in this baby, catch the anvil upon which it got beaten into a pulp from.<br /><br />Because very very very little of that one remains, to this ones horror. Nothing in this baby is remotely funny except for maybe a couple of moments when Dick and Jane are bulging lipped up as lepers and cant kiss..... and uhh........oh my lord, that's it? Well, looks like it. <br /><br />It truly is that bad a film.",negative
"I just watched this movie and I've gotta say that with such a great premise and great talent this turkey just lays there!!! A friend lent me this movie and I watched with an open mind mainly because he had such high praise for the story. <br /><br />Well, the movie started off with Kevin Costner as a fighter pilot retiring... why? Why did they make him a fighter pilot? He was supposedly going to be hired by Anthony Quinn's character to be his new pilot... well, we never see Costner go near a plane for the rest of the movie! <br /><br />Costner runs into a Texan (James Gammon) selling a horse to a big Mexican businessman and Costner tags along for a ride. Without knowing what happened, Gammon is beat to near death and Costner drives him to the meeting, which happens to be with an associate of Quinn! But, nothing comes of it... nada, zilcho! Why did they have Gammon's character? Why did they have the horse sale with the Quinn associate if nothing was to come of it? <br /><br />Also, after they leave Costner for dead, they make Madeline Stowe's character become a whore, then she attacks one of Quinn's men that was paying for a turn... she stabs him with his own knife, and the next thing she's been moved to a convent! No explanation as to why she was moved, or when it was done!<br /><br />Too much talent wasted on such a weak script and poor editing!! I only watched this because a friend owned it and let me watch it... I'm going to throw it at him for the 2 hours I wasted of my life watching the blasted thing!",negative
"Repugnant Bronson thriller. Unfortunately, it's technically good and I gave it 4/10, but it's so utterly vile that it would be inconceivable to call it ""entertainment"". Far more disturbing than a typical slasher film.",negative
"I wish ""that '70s show"" would come back on television. It was the greatest show ever!!! They should make episodes between the other episodes but of course that would be confusing. But I wish it would come back and make more episodes. Please come back... The show was absolutely hilarious. You couldn't laugh without seeing an episode. There is a really funny part in every episode and plus the show was so much better when Hyde and Jackie were going out with each other. Those were the best episodes. ""That '70s show is the best"".... It will be and always will be the best show ever. It was really sad when the show ended. They should make new episodes.",positive
"The 1983 BBC production of ""Jane Eyre"" starring Zelah Clarke and Timothy Dalton (LOVE HIM) has always been and will always be my favorite Jane Eyre. If you watch any other version of Jane Eyre without reading the book, it will be like watching some regular movie which you will forget the next day. But watching this one almost equals to reading the book. I used to watch these miniseries a lot when I was little, and they inspired me to read the book. At the time I didn't pay attention to how close this television production was to the book. Recently, I watched the 1996 version of Jane Eyre and was very disappointed. It was only 2 hours long and didn't have many important scenes from the book (such as my favorite gypsy scene). After that I fell in love with This ""Jane Eyre"" even more because it includes all the important scenes of the book and it just tells the whole story( the other versions don't, if you haven't read the book). <br /><br />The cast of 1983 Jane Eyre is excellent. It's true that Timothy Dalton is a very handsome actor (handsome enough to play Butler in ""Scarlet"", and Julius Caesar), but he is so great as Rochester that I can't imagine anybody else playing this role. And Zelah Clarke is, without a doubt, the only Jane that follows the description of the book. The other thing that makes this film so great is the clothes and the makeup of the actors. Jane looks so modest and naive, just as Bronte describes her (although she doesn't look 18, but do you actually pay attention to that?...) <br /><br />Some people say that this ""Jane Eyre"" is too long, but I would rather spend my whole day watching it than spend 2 hours watching some other version. Some say the movie is dull and boring because Jane is not passionate enough, or because there are not enough ""kissing scenes"". I hate when they make Jane Eyre some ""Hollywood movie"" with inappropriate kissing scenes. You don't have to include ""crazy, madly in love"" scenes to show the love between Jane and Rochester. And both Zelah and Timothy express this love so perfectly that there are no other scenes needed!! I am 19 years old, and many girls of my age refer to this film as ""boring and old-fashioned"". But I can only feel sorry for them because they don't appreciate the purity and beauty of it. After all, the novel is set in 19th century, and that old-fashioned look makes it more attractive and more like the book. <br /><br />I don't think there will ever be any other version of Jane Ayre that will have the popularity and love of this one. No matter who plays Jane and Rochester in other movies, the real Jane and Rochester (for me at least) will always be Zelah Clarke and Timothy Dalton!",positive
"Both Disney and Bill Paxton did a fine job in conveying a story that is based in fact. You do not have to like the game of golf to appreciate the story of one man's struggle to overcome the odds. It could have been based on any sport or simply on any other situation which involves competition, though this one just happens to be related to Golf. The only problem I have with the story is that I would have liked to see a bit deeper into each of the main characters, esp. Mr. Ouimet. Mr. Francis Ouimet is a typical young man of his times, turn of the century America, where ""class lines"" are well delineated and woe be it to anyone who deigns to try to rise above his ""class"" standing. I did a bit of historical research and my biggest question was indeed answered, to my satisfaction. Although the circumstances are a bit different than those portrayed in the film, I came away with a feeling of content. I thoroughly enjoyed this movie, I believe you will too.",positive
"1st watched 12/24/2009  4 out of 10 (Dir-Robert Ellis Miller): Emotional Christmas fluff that doesn't really get specific enough to explain how the real story happened in this factual-based incident of a man who is wrongly put in jail trying to get a job for his family to make Christmas happen for them. The three kids in the family then run away from home on a trek to Washington D.C. to enlist the then President of the United States, Herbert Hoover. This trek provides some side stories like their positive encounters with a hobo and a puppeteer, which makes the story kind of like a Disney ""animals on the run"" movie and doesn't quite fit here. At the ending, there isn't any details given as to how the President helped the family and this is another downpoint to the movie, in my opinion. The movie does eventually bring tears, but it takes too long to get to this. The movie isn't supposed to have been an original TV movie(according to IMDb) but it has the obvious fade-outs that make it look this way  so I'm not sure their information is accurate. All in all, this is a simple movie(that could have been more complex) with a happy Christmas-like story but blandly played and without a lot of substance.",negative
"Amen to Magsel. There was a lot of confusion going on. First off, how do you know which movie you are purchasing? Henry Cele stars in every one of them. I bought this movie thinking it was the miniseries...WHAT A LETDOWN!! It would have been a comedy but for the young girl being raped. David Hasselhoff (spelling?) is OK for popcorn TV but he was not believable in this film (where was his English accent?) AND WHAT'S WITH THE LOVE STORY??? The movie was supposed to be about a young man's rise to military power - not the slave ship captain getting jiggly with the English maiden looking for her daddy...<br /><br />If I had paid more than $7 for this movie, I would have to call the police - because that would be a crime!",negative
"First, before reading further, you must understand that I'm not neo-nazi, I'm just trying to understand correctly Hitler to be sure nobody like him take power again.<br /><br />I've seen this series and found it awful. I mean, OK, it's interesting to look, but is it real? I searched for answers and found one: absolutely not. First, Hitler wasn't angry all his life, the series shows an angry Hitler, even when he is a child. Second, Hitler never wanted to abuse his daughter, in fact, it is highly probable that Hitler, in reality, was gay and fought all his life to choke this secret. Third, people will hate me but it's true: Hitler was charming. How do you think he managed to get to power if he was so hateful and ugly? Because he was charming. That's a common point I found in the interviews of people who live near or far of him (of course, not Jews).<br /><br />This series was awful because if you think that Hitler was just an angry bastard, ugly, and of course, not charming at all, you're wrong. If you think that, you will let people like him take power in countries and you don't want that. If you really understand how Hitler managed to get into power, and stop thinking he was just awful, you'll be able to find dangerous politicians like him (of course, remember he was elected) and stop theme before it's too late.<br /><br />Life is important to protect, this series is just awful to show us the truth, if we continue to see Hitler like that, another one will take place exactly as the first did.",negative
"Ostensibly a story about the young child of Jimmy Stewart and Doris Day. The kid gets kidnapped to keep his parents quiet. They know something about a plot to assassinate the ambassador of an unnamed country during a performance at Albert Hall in London.<br /><br />The movie is rich in Hitchcockian incidents. A friendly but opaque Frenchman seems to grill the innocent Stewart -- a doctor from Indiana -- a little too intensely to be merely idly curious. Later the Frenchman shows up in Arab disguise, a knife in his back, and whispers some information about the murder plot to Stewart. Stewart tells his wife -- Doris Day looking very saucy indeed -- but refuses to cooperate with the police and risk his son's life.<br /><br />Instead the couple try to track down the assassins, buy them off, and get their son back, taking them from Morocco, where Hitchcock has given us his usual tourist's eye view of the customs, locations, and food, to London. There is a hilarious wild goose chase involving a set-to between Stewart and the staff of a taxidermy shop. The staff are more concerned about guarding their half-stuffed specimens than anything else, and they shuffle around protectively holding the carcasses of a leopard and a swordfish. In the course of the scuffle, Stewart manages to save his throat from being cut by the swordfish bill, but is bitten on the hand by a stuffed tiger, the action boosted along by Bernard Hermann's bumptious score. The scene ends with Stewart rushing out the door. Hitchcock ends it with a shot of a lion's head gaping at the slammed door. There is also a running gag, well done, about some visitors waiting around the couple's hotel room in London, waiting for things to be explained.<br /><br />There are two serious issues that are lightly touched on. One is the relationship between Stewart and Day, which is not as rosy as it ought to be, considered as a bourgeois ideal. She's been a stage musical star for some years and is internationally known. And she's given it all up to marry an ordinary guy who happens to be a doc. That's understandable in, say, a nurse or a flight attendant or almost any woman other than an international star with a promising career in her own right. It isn't delved into, but the edginess is noticeable, as it was not in the original version. It reminds me a little of an exchange between Joe Dimaggio and his then-wife Marilyn Monroe, who had just returned from entertaining the troops in Korea. ""Oh, Joe,"" she gushed, ""did you ever see ten thousand people stand up and cheer?"" ""Seventy thousand,"" muttered Joe, former hero of the New York Yankees.<br /><br />The second problem is one of allegiance. Who is of greater social value? One's own young son? Or an unknown ambassador. Do we put ourselves or our loved ones at risk for the sake of national stability? Day is faced with this dilemma in its starkest form at the climax in the Albert Hall. Her solution opts for allegiance to political stability, although her motives are problematic. Does she scream to save the ambassador's life, or does she do so just to release the anxiety that is overwhelming her? (Cf: Alec Guiness falling on the detonator at the end of ""The Bridge on the River Kwai."") The photography is extremely good, and the settings can be menacing, even on a quiet street in a residential neighborhood of London. It's mid-day, and Stewart is alone and determined, but frightened too. There are footsteps echoing on Gulliver Street from someone, somewhere. Is he being followed? Is his life in danger? And where the hell is everybody who lives on this street? Hitchcock pays such close attention to location details that we can make out the garden wall bonding of the bricks beside him.<br /><br />The director had a rare disagreement with Francois Truffaut while being interviewed for Truffaut's otherwise laudatory book. Truffaut argued that the earlier version of ""The Man Who Knew Too Much"" lacked the depth of the later version. Hitchcock replied, ""It seems to me you want me to make films for the art house audience,"" but finally agreed that the 1930s version was the work of a talented amateur and this version was the work of a professional. No argument there.<br /><br />This is Hitchcock pretty much near his zenith.",positive
"Average (and surprisingly tame) Fulci giallo which means it's still quite bad by normal standards, but redeemed by its solid build-up and some nice touches such as a neat time twist on the issues of visions and clairvoyance.<br /><br />The genre's well-known weaknesses are in full gear: banal dialogue, wooden acting, illogical plot points. And the finale goes on much too long, while the denouement proves to be a rather lame or shall I say: limp affair.<br /><br />Fulci's ironic handling of giallo norms is amusing, though. Yellow clues wherever you look.<br /><br />3 out of 10 limping killers",negative
"If this movie was written directed and produced with the intention of creating a bad movie cult classic, it might (i say might) have been a hit. Have you ever sat and watched a movie that was so absolutely awful that it becomes fascinating in terms of its faults? Well this is it. Every one of the acting cast should be nominated for worst acting performance awards. It would be hard to find another film, with this kind of production budget, that contains so little of any value whatsoever. The whole thing, from the opening scenes defies logic. Dialogue is completely unbelievable and illogical. Ditto for the behaviour and general storyline of the film itself. What is really mind boggling, is that some buffoons in a boardroom actually made decisions to spend money on this piece of trash. Wow.",negative
"I always enjoy seeing movies that make you think, and don't just drip-feed the answers to their audience. ""Revolver"" is one of these films, and although many reviewers have stated that it is difficult to follow, with a bit of concentration and an open mind I got it. First time. True, it doesn't compare to other mind-mucks like ""The Usual Suspects"" or ""Memento"", but in its own right its an intelligent and thought-provoking film. <br /><br />Another thing I really liked about this film is how damn beautiful it is. Every scene, every camera angle seems to have been thought about for ages. If you see it you'll know what I mean.<br /><br />So, to conclude... watch it with an open mind and you may enjoy it. If not, well, no-one ever said ""Revolver"" is for everyone. And that's my 2 cents.",positive
"I've watched this film a few times and I never really liked it. I'm not a fan so termed ""nu horror"", so I can't be dismissed on that account. I found it a little sleazy, I think the thing that irks me about Hammers is the sexploitation aspect, not sex mind you, but Sexploitation. I'm surprised at how many people have rated this film so highly, so I'll have another look at it. But for me, it wasn't creepy, it had no atmosphere, just a bit of ""omigod, look at those bad/stupid London prostitute women and that little innocent Anna about to get raped by yet another nasty man, ooherh!"" I suppose ultimately for me, the film had no depth whatsoever, just a bunch of nasty priggish men and women only there for the titillation value. This no doubt was to some degree what Victorian England was like, but the sets are even too clunky and dull impart a sense of Victorian menace. Roger Corman's horrors on the other hand, now that's style, atmosphere and elegant horror. For me, this was just exploitative, flat footed trash.",negative
"Recap: A band of five young American men, all that is left of a platoon hit hard during the Ardenne offensive during the WWII get the assignment as a forward outpost and to look for enemy activity. They're in really bad condition, both physically and mentally, and think they have struck gold when their outpost is in an abandoned but once plush mansion full with food. But after a while there is some enemy activity, and it is very odd. Not hostile, but odd. It seems like there is a German squad out there, in equally bad condition, that want nothing more than to surrender.<br /><br />Comments: Based on a novel and my guess that the novel is much better but the story doesn't seem to translate very well to the big screen. Indeed it is a different war movie, much more about the mental pressure during wartimes than fighting and battles. But I can almost feel that scenes that must have been full of suspense, full of uncertainties and unknown elements, just fall flat in the movie. It is not suspenseful, just different and in many ways absurd. Many times people just act insane, and the reasons are unclear or at best hinted at.<br /><br />So when this mental pressure fails to come through, the main building piece of the entire story, I thought the story fell through. It wasn't good, it wasn't interesting, it didn't keep me on the edge and it didn't really send a message. Actually it did nothing.<br /><br />The cast is interesting, many young actors that then turned into stars in beginning of their careers. The acting is good, but not stellar, and a few characters also fell through into the absurd zone. Much of that too I feel is due to that this story, these characters need the time, space and pace given in a novel, that they can't be given here. And going halfway definitely isn't good enough.<br /><br />4/10",negative
"Written by brilliant Monkees' TV writers Gerald Gardner and Dee Caruso,WHICH WAY TO THE FRONT was the last of the ""Jerry Lewis"" movies until ""Hardly Working"" almost a decade later. Jerry's comedy is evidently an acquired taste, and admittedly he can occasionally be his own worst enemy when he helms as producer/director--but even in the dreariest of his films, there are always moments of brilliance.<br /><br />WHICH WAY manages to be amusing,entertaining and yes,quite funny. It is somewhat unlike any of the typical Lewis films.The pace is very upbeat and ther are lots of excellent supporting players--a kind of JERRY DOES HOGANS HEROES.The whole thing looks kind of like an unsold TV pilot and you will either love it or hate it---but hopefully YOU VILL LAUGH",positive
"I love Morgan Freeman. Paz Vega is an attractive, appealing and talented actress. I'm sure that this would have been a good movie had anything happened in it. Nothing does. It's short (less than 90 minutes). It was 75 minutes too long. After an hour of frustration, I scanned through the remaining 20-odd minutes. Excruciating.<br /><br />Freeman plays an actor - who hasn't worked in a while - researching a part that he might play, as a checkout clerk in a supermarket. He visits the supermarket where she works. Nothing happens. She decides to give him a ride home and they go to an Arby's, a Target, a car wash. Nothing happens. They converse about their lives. Nothing happens. Ever.<br /><br />I don't get it. But I also don't get the Bill Murray flicks ""Lost In Translation"" and ""Broken Flowers"". If you like those movies, maybe you'll like this. Lots of people find movies like this whimsical, charming, or - for reasons that escape me - find the dialog fascinating. A common device in movies of this ilk is to have a LONG take of stillness/silence after an actor delivers a line that's supposed to be meaningful. We know it's meaningful because it's followed by two minutes of nothing on the screen. Sorry, I must be a philistine. I don't get it. To me, these kinds of movies aren't funny, or charming, or thought-provoking. They're just boring. Why? Because there's no comedy. No drama. No tension. No laughs. No suspense. No action. Nothing to watch. In short, none of the things I go to the movies for. I can be bored for free. I see oddball/quirky characters in real life. I go to Target, and fast-food restaurants, and car-washes. These elements do not a movie make, even if stars are doing this stuff. I pay to be entertained.<br /><br />If you're crazy about Morgan Freeman and just like to hear him ramble on about nothing, have fun. If you wanna drool over Paz Vega, you can look and listen to her. But nothing happens, I promise. A total snoozefest.",negative
"I haven't read a biography of Lincoln, so maybe this was an accurate portrayal......<br /><br />And maybe it's because I'm used to the equally alienating and unrealistic worshiping portrayals that unnaturally deify Lincoln as brilliant, honorable, and the savior of our country......<br /><br />But why would they make a movie representing Lincoln as a buffoon? While Henry Fonda made an excellent Lincoln, his portrayal of him as an ""aw shucks, I'm just a simple guy"" seemed a little insulting.<br /><br />[Granted, that was Bushie Jr.'s whole campaign, to make us think he was ""just a regular guy"" so we wouldn't care that he's a rich & privileged moron -- but that's a whole other story.]<br /><br />Not only did the film show Lincoln as sort of a simple (almost simple-minded) kind of guy , the film states that Lincoln just sort of got into law by accident, and that he wasn't even that interested in the law - only with the falsely simplistic idea of the law being about rights & wrongs. In the film he's not a very good defense attorney (he lounges around with his feet on the table and makes fun of the witnesses), and the outcome is mostly determined by chance/luck.<br /><br />Furthermore, partly because this was financed by Republicans (in reaction to some play sponsored by Democrats that had come out) and partly because it was just the sentiment of the times, the film is unfortunately religious, racist and conservative.<br /><br />Don't waste your time on this film!",negative
"I highly reccommend this movie. It blurs the line between childhood fantasy and everyday reality in such a seamless fashion that it has to be seen to be believed. The actors and director have such perfect timing that in one scene a name calling fight becomes a sort of dance. I loved the story line, the actors, everything. While I do think there were one or two decidedly cheesy scenes, over-all the movie was impeccably done.",positive
"A brilliant Russian émigré devises the Stanislavsky' system for winning at contract bridge - which makes him and his beautiful wife the GRAND SLAM Sweethearts of America.<br /><br />What could have been just another silly soap opera is elevated by fine production values & excellent acting to the status of a very enjoyable little comedy. A few unexpected touches are thrown in to keep the viewer's attention engaged - the way in which the principle cast is introduced as faces on a deck of cards; the introduction of a zany acrobat into the plot for no other reason than to enjoy a bit of lunacy; and the way in which a wide variety of different kinds of Americans are shown to be transfixed by listening to the broadcast of the concluding game.<br /><br />Paul Lukas & Loretta Young do very well as the Bridge Sweethearts - Lukas suave & sophisticated and Miss Young passionately loving and beautiful (even if the script keeps her puffing on a cigarette a bit too much). They are fun to watch, even when their behavior is not always the most believable or compelling.<br /><br />Frank McHugh gives another good performance as a relentlessly cheerful ghost writer who adores Miss Young. The delightful Glenda Farrell eschews her customary wisecracking persona in a small role as McHugh's ditsy gal pal. Roscoe Karns handles the fast-talking dialogue as a brash radio announcer. Diminutive Ferdinand Gottschalk is wonderful as a snobbish bridge expert.<br /><br />Movie mavens will recognize Dewey Robinson as a belligerent nightclub patron; Emma Dunn as a sob sister reporter; Paul Porcasi as the owner of the Russian nightclub; Charles Lane as a Russian waiter; and Jimmy Conlin as a kibitzer at the final bridge game - all uncredited.<br /><br />The film takes advantage of the fad for contract bridge which had swept across the country since its development in the 1920's. It expects the viewer to have a basic knowledge of the intricacies of the game and makes no attempt to explain anything to the uninformed.",positive
"That is what this movie is. Good God the special effects suck in this movie. It is difficult for anything to suck more than this movie's plot, but the special effects manage to pull it off. Let me try to explain just how bad this movie is.<br /><br />First, there is the plot. There are four punk-ass teenage dirt bikers who are riding around in a forest in Duluth, MN. One of them is a dumb-ass and tries a ridiculous jump and breaks his leg. A paramedic comes to help him, but gets stranded with them when the helicopter breaks. Then all five realize that there is a forest fire, which we see is started by some guy dumping tons of gas all over the forest. All they show us is his boots, and they show scene after scene of this guys boots walking around dumping gas and starting fires. Meanwhile, the teenagers try to escape the fire, only to find that boot man has somehow managed to get ahead of them (while they were speeding through the forest on dirt bikes!), dump gas all over the area they were riding through, and start more fires. He does this several times, and the paramedic finally catches him and starts him on fire. I won't spoil the ending, but this guy's resilience will have you shouting ""WHAT THE BLOODY HELL?!?!"" at the screen. Anyway, they are now surrounded by fire, and their only escape is through a mine which is filled with methane gas. Yes, methane gas. I'm not even going to try to describe the ending, because it is too ridiculous, and you'll enjoy it more if you don't see it coming. Which you won't, because you can't possibly expect what happens. This is because of the second major problem with this movie: consistency.<br /><br />Is some semblance of consistence too much to ask for? Apparently so. I cannot even count the number of broken limbs in this movie (they keep breaking arms and legs while crashing their bikes). I think each character breaks at least one limb, and several more than one. They then limp around until the scene ends, and then forget that they're supposed to have broken limbs. There is one scene where three of them who are supposed to have broken legs start dancing. But then their injuries suddenly return when the plot needs them to.<br /><br />Finally, the CGI. If there is a hell, it consists of watching the fire in this movie. All they did for the forest fires is line the dirt paths with CGI fire. You can clearly see that the only CGI fire is along the paths, and all of the trees more than two feet from the path are left untouched. And then they zoom out and show the whole forest being engulfed in flames. It's hard to describe in words how ridiculous it looks, but I assure you that the ridiculousness is quite impressive.<br /><br />This movie is one of those so-bad-its-good types. There are some occasions where it descends into the painful-bad category, but for the most part it stays above the line and is laughably inept. I can't wait to check out the other Nature Unleashed movies that came in the four-pack with this one.",negative
I can't get over how lazy the director is with this movie. Instead of setting up scenes in a creative way he relies on boring old zombie clichés.<br /><br />Where the two unarmed leads have to get down the college steps into the van he surrounds them with zombies yet neither of the leads is bitten. He can't be bothered to direct a decent fight scene so we see the leads shove their way down the steps.<br /><br />Sometimes the zombies limp about and at others they run like the wind. This is really convenient for the director because he can set up anything he likes without bothering with continuity in the behaviour of the zombies.<br /><br />With careful planning and a lot more inspiration this movie could have been so much better.,negative
"Where was this film when I was a kid? After his parents split up Tadashi moves with his mom to live his his grandfather. Tadashi's sister stays with their dad and they talk frequently on the phone. Grandfather is only ""here"" every third day. Moms never really home. The kids always are picking on the poor kid. During a village festival Tadashi is chosen the ""kirin rider"" or spiritual champion of the peace and justice. Little does he suspect that soon he will have to actually step into role of hero as the forces of darkness join up with the rage of things discarded in a plot to destroy mankind and the spiritual world.<br /><br />Okay that was the easy part. Now comes the hard part, trying to explain the film.<br /><br />This is a great kids film. No this is a great film,flawed, (very flawed?) but a great film none the less. It unfolds like all of those great books you loved as a kid and is just as dense at times as Tadashi struggles to find the strength to become a hero. Watching it I felt I was reading a great book, and thought how huge this would have been if it was a book. I loved that the film does not follow a normal path. Things often happen out of happenstance or through miscommunication, one character gets sucked into events simply because his foot falls asleep. There are twists and turns and moments that seem like non sequiters and are all the more charming for it (which is typical Miike) Certainly its a Takashi Miike film. That Japanese master of film is clearly in charge of a film that often touching, scary and funny all at the same time. No one except Miike seems to understand that you can have many emotions at the same time, or that you can suddenly have twists as things get dark one second and then funny the next. I admire the fact that Miike has made a film that is bleak and hopeful, that doesn't shy away from being scary, I mean really scary, especially for kids. This is the same dark territory that should be in the Harry Potter movies but rarely is. This a dark Grimms tale with humor. My first reaction upon seeing the opening image was that I couldn't believe anyone would begin a kids film with a picture of the end of the world, then I realized who was making the movie. Hats off to Miike for making a movie that knows kids can handle the frightening images.<br /><br />Its also operating on more than one level. The mechanical monsters that the bad guys make are forged from mankind's discarded junk. Its the rage of being thrown away that fuels the monsters.One of the Yokai (spirits) talks about the rage sneakers thrown away because they are dirty or too small feels when they are tossed. You also have one of the good guys refusing to join the bad guys because that would be the human thing to do. Its a wild concept, but like other things floating around its what lifts this movie to another level. (there are a good many riffs and references to other movies,TV shows and novels that make me wonder who this film is for since kids may not understand them, though many parents will) And of course there are the monsters. They run the gamut from cheesy to spectacular with stops everywhere in between. Frankly you have to forgive the unevenness of their creation simply because they are has to be hundreds if not thousands of monsters on screen. Its way cool and it works. One of the main characters is a Yokai which I think is best described as a hamster in a tunic and is often played by a stuffed animal, it looks dumb and yet you will be cheering the little bugger and loving every moment he rides on Tadashi's head. (Acceptance is also easier if you've ever seen the old woodcuts of the weird Japanese monsters) I mentioned flaws, and there are a few. The effects are uneven, some of the sudden turns are a bit odd (even if understandable) and a few other minor things which are fading now some two hours after watching the film.. None of them truly hurt the film over all, however most kind of keep you from being completely happy with the movie.<br /><br />I really loved this movie. I'm pretty sure that if I saw this as a kid it would have been my favorite film of all time. (where's the English dub?).See this movie. Its a great trip. (Besides its a good introduction to the films of Miike minus the blood and graphic sex)",positive
"Uninspired direction leaves a decent cast stranded in a handsome but bland adaptation, in which dialogue seems recited rather than heartfelt, and cash strapped appearances by the ghosts fail to round up any sense of awe or magic; Edward Woodward, as the Ghost of Christmas Present, wobbles around on stilts and seems to be doing an impression of Bernard Cribbins. As Scrooge, George C. Scott is too wry, and he never seems to truly believe in it, which robs his performance of its effect. The scenes in which he's shown his past have as much impact as if he was half-heartedly flicking through his family album. No one else seems to be putting any effort in, except Frank Finlay, who chronically overacts.",negative
"As Americans, we have come to expect crapiness as ""par for the course"" when it comes to HORROR and unknown directors directing unknown actors acting for unknown writers. We truly expect this to suck & when they don't suck,it becomes an over night success.<br /><br />This is NOT an over night success, nor is it an over the weekend or over the month success. This blows from start to finish and my only recommendation is this: GO INTO THIS KNOWING IT SUCKS, enjoy it for what it is, for what it isn't & if you have something better to do, keep this on the back WAY BACK burner. It's entertaining in the way watching the elderly cross a busy street during rush hour, but don't expect much-they almost never get hit by an actual car, its just a lot of hoopla.",negative
"I was excited at the concept of my favorite comic book hero being on television... and sorely disappointed at the end result.<br /><br />The only ""amazing"" thing was the wall crawling (despite the visibility of the cable). I didn't think Nick Hammond was Peter Parker... and he was visibly of a different build than the guy who did the stunts in the spider suit. You could tell they were two different actors.<br /><br />Granted, I can also spot in the modern Spider-Man movies when I am looking at Tobey Macguire and when I am looking at CGI. But that is from a trained eye and experience working with CGI. Still, the 70's version could have been better despite lack of Special FX.<br /><br />The webs were hokey and looked like ropes that seemed to wrap around things rather than stick to them. And what was up with giving him a spider mobile to ride around in. Hello? He's the web slinger people.<br /><br />Sorry... didn't mean to get so worked up, but our beloved wall crawler deserved better.",negative
"Now days, most people don't watch classic movies, such as this. Most of friends only watch movies from the '90s to present. Thats kinda stingy. <br /><br />Most old movies like this are masterpieces, unique in their own way. Only because, back when these movies were being thought of and made, thats when ideas were fresh. Now people strain just to think of new ideas. <br /><br />Anyway, to the movie. For true fans of classic horror. This is for you. The movie is based with a investigator from Scotland Yard investigating the disappearance of an movie actor, and stumbles on to three other strange occurrences with past residents of the same house. <br /><br />I won't say anymore, for I will ruin the movie more than I already have. But it is a terrific movie for as old as it is. And would never mind watching it again!",positive
"Just to clarify, Matthew Poncelet wasn't a real person, but a character combination of 2 killers who were BOTH convicted and sentenced to die for a murder of two teenagers.<br /><br />I read the User Comments and they react as if Matthew was real. The character is based on a mixture of two killers, Elmo Patrick Sonnier and Robert Lee Willie (who murdered separate people) and the murder itself was based on the one Willie committed. The conflict of both Willie having someone else present and both parties swearing the other did the killing is worked into the story as well.<br /><br />Prejean's approach is unique in that she not only is ministering to the convicts as they wait for their death and aiding them in taking responsibility for their actions, she also reaches out to the victims' families, to help them know that the convict did, indeed feel remorse for what they did-effectively aiding both parties.<br /><br />Everyone posting here seems to have strong beliefs on the Death Sentence. It's not my place to say it's right or wrong-in theory punishing death with death makes some sort of Karmic sense, however denying a person their freedom for the rest of their days, although costly, makes more sense to me-being stuck in a small room 23/7 (with one hour of exercise)for the rest of their days to be reminded of the cruel thing they did seem a more apt punishment-they are technically alive, but denied living. Say someone killed someone so they could get out of the responsibility the person they killed required (like Susan Smith killing her poor kids by shoving her car into a lake). I find it fittingly ironic that they would not get that ""freedom"" they craved and would now have to spend the rest of their days imprisoned.<br /><br />Prejean's point comes through the story very well. She has my respect-she manages to find that balance-she isn't supporting a killer, she is guiding them to accepting what they did. If they didn't feel some kind of remorse, they wouldn't be asking for spiritual guidance.<br /><br />Ona final note, when Poncelet apologizes to Delacroix parent for killing his son, the parents of the girl who was also murdered mutters something about why he didn't apologize for her death. I think the point was that throughout the movie, Poncelet denies killing both kids. There is doubt in Prejean's mind he did both killings-there is a friend who was sentenced but not to death-my thought is that Poncelet killed the Delacroix boy and the other man murdered the girl-hence Poncelet was taking responsibility for what he did. Had he been responsible for the girl's death, he probably would have apologized for that as well.",positive
"It was a Sunday night and I was waiting for the advertised movie on TV. They said it was a comedy! The movie started, 10 minutes passed, after that 30 minutes and I didn't laugh not even once. The fact is that the movie ended and I didn't get even on echance to laugh. PLEASE, someone tickle me, I lost 90 minutes for nothing.",negative
"Despite Louis B. Mayer reportedly not being interested in signing the young Greta Garbo to a contract, this first American and MGM film for the actress looked quite beautiful. It's obvious that the film was assigned some amazing talent to film the production and make matte paintings, as it has all the nice polish and artfulness you'd expect from the best pictures the studio could produce. It simply looks beautiful--even 84 years later.<br /><br />As for Garbo herself, like her other very early American films she, too, looks different. While she's quite recognizable, her makeup is much softer than it would become just a year later--giving her a less severe look and a gentleness about her you just didn't see in subsequent films. I kind of wish they'd kept this look, but considering how famous she'd become with the trademark look, who am I to say they shouldn't have gone that route?! The film is about Garbo and how she and her family are unfairly forced off their land by the landlord. While the landlady, the much esteemed Doña Bernarda, claims it's because the bank has demanded payment, it's because her son has fallen for Garbo--and what better way to get rid of her than to force them out on the streets! Nice lady, huh?! Years pass and by now Garbo has become a new singing sensation who is world-famous. When she returns to her hometown years later, her old boyfriend (who HAD promised to marry her but wimped out when his mother, Doña Bernarda, refused to allow it) sees her. His new love for another lady is now tested--will he be content to marry this lady who is the heir to a huge pig fortune or will he want his old flame? And, more importantly, will Garbo even take him back after he behaved so spinelessly? In the meantime, a huge rainstorm hits. The land begins to flood and homes soon are being washed away by the deluge. Cortez and a friend make a mad dash as the dam breaks! In a scene where they obviously superimposed his row boat over the cascading stream, he eventually makes it out alive and to the home where Garbo is now staying. She welcomes them inside and they stay with her until the storm passes. Then, he admits that he still loves her and had braved the storm to make sure that she was safe. She tells him to get lost! Next, you see Ricardo about to get married to his second choice, the daughter of the Pork King. He obviously has little enthusiasm for this--and you feel sorry for the lady, as she did nothing wrong. Soon, Cortez is seen wandering back to Garbo's home--he's love-sick and needs her. In this scene, Garbo is quite luminous and can't tell him to leave--as they dissolve in each other's arms. Once again, he tells her of his love for her.<br /><br />When Doña Bernarda learns of this, she is not pleased. Evidently, a Pork Queen is a better catch than an internationally known singer. Because of the meddling of this nasty old lady, Garbo leaves--unwilling to come between the mother and her wimpy son. But, Cortez comes running--announcing he MUST have her and won't rest until he has her as his wife. Moments after making this proclamation, a family friend talks to Cortez and convinces him to give her up for the good of his career and reputation. So much for ""won't rest until he has her for his wife"", huh?! Despite Cortez being a wimp through and through, for some reason she cannot bring herself to hate him. And so, he marries the Pork Queen and lives a very dull life. When years later Garbo meets Cortez again, he is a dull looking middle-aged man--while she is as beautiful as ever. And, not surprisingly, she tells him, once again, to get lost.<br /><br />At the time this film was made, Garbo was not a star in the US and Cortez was. So, in light of this, it's surprising they gave Cortez such an unlikable character to play. Instead of the usual confident Valentino-like role they'd been giving him, here he is an indecisive wimp--a HUGE wimp. And, from here on, his career was on a slow downward spiral. As for Garbo, the role helped establish her as a big star--as she was THE focus of the film and played a character much like her later personas.<br /><br />As for the film, the new music composed for it was very nice, though a tad repetitive. The print, oddly, was nearly perfect throughout except for the intertitle cards--which could use some restoration.<br /><br />A most enjoyable film--expertly constructed, wistful and worth seeing. And, for one of the few times I can think of it, I have no real complaints in this excellent film.",positive
"What the hell was all that about? I saw The Matrix and was amazed. It was the most spectacular movie ever made. What ever possesed the Wachowski brothers to do this film is beyond me.<br /><br />There is no plot, you can't argue with that. Basically all this film was was a load of talking, and don't get me wrong, I have no problem with talky films, but all the talking in The Matrix Reloaded was a pointless load of drivvle. Then there would be a fight sequence which lasted WAY too long, then more pointless drivvle, then another fight scene that lasts too long and it all builds up to the biggest anti-climax ever. A little bearded bloke talking a load of uncomprehensible bull for 20 minutes.<br /><br />Also, Keanu Reeves gives his worst performance yet. I knew he wasn't a good actor but this was beyond a joke. If you watch his films in the order he was in them it would seem he got gradually worse as they went along. God knows what his performance is like in Something's Gotta Give! Keanu Reeves: The only plank of wood ever to become an actor.<br /><br />After the splendor of the first film this came as a massive dissapointment. If you haven't already seen the first film I suggest you watch it, but don't waste your time with this utter pile of turd.<br /><br />",negative
"This is only the second time I stopped a video/DVD part way through.<br /><br />I was willing to give this film the benefit of the doubt at first, even though it managed to be both shallow, clichéd and stupid.. AND joyless, plodding and pretentious.<br /><br />It was like an After School Special directed by that weird grade nine kid who thinks nobody understands him... creepy and sad, with voice-over narration that only the most deluded adolescent would consider poetry... and some singing, and... no, really, the poor child's suffering...<br /><br />Enough, already, especially when it morphed into a brazen, clumsy, and insulting Clockwork Orange ripoff. And did I mention the singing?<br /><br />This isn't the worst film I've ever seen, but certainly the one I've felt least compelled to sit through. I don't recommend it to anyone.",negative
"If you love Chan-wook Park, you know what to expect. His films are brutal, poetic, tragic, and artistic, with splashes of very grim humor. THIRST is clearly Park's style, and I loved every second of it, from the cinematography (every shot is gorgeous and creative) to the story, which blends Shakespearean tragedy, murderous love, Gothic horror, and layered character drama. The characters are complex and there is plenty of moral ambiguity to go around. Even the most sociopathic character evokes sympathy. The direction is restrained and the performances are nuanced - like SYMPATHY FOR MR. VENGEANCE, there are too many subtleties to take in on the first viewing. Chan-wook Park is an intelligent, bold, consistently surprising filmmaker. It's unpredictable - scenes go from brutal and heart-wrenching to laugh-out-loud hilarious in an instant. This is closer to LADY VENGEANCE then SYMPATHY FOR MR. VENGEANCE as far as being over-the-top and comical. But, like LADY VENGEANCE, it's incredibly rich, thought-provoking, and rewarding.<br /><br />If you like beautifully told vampire stories (LET THE RIGHT ONE IN) or are a fan of Chan-wook Park, seeing THIRST should be obvious. Easily one of the best films of 2009.",positive
"Awesome Movie! Great combination of talents! I'm a HUGE fan of David Duchovny and he is outstanding in this movie! I would love to see him in more movies of this nature. His talents are definitely under-used and has SO much more to offer besides ""Agent Mulder"" (although I'm a huge fan of that series too), Anyway, I want to see more of him. He is easily the Cary Grant of our generation. If you haven't seen this movie, you MUST! Great love story that shows love never dies... it's with you forever. Minnie Driver is great and how can you go wrong with a cast containing Mr. O'Connor and Mr. Loggia and Mr. Belushi? This movie didn't get any type of awards nod, but deserved one. Great job Bonnie Hunt! ** By the way... the soundtrack is great too! **",positive
"I don't understand the low 5.7 rating on this film. It's a delight for people who like a strong suspense plot and dark atmospherics. The tone is reminiscent of Midnight in the Garden of Good and Evil, down to the locale (Savannah). The acting is strong, and I was amazed at the verisimilitude of Kenneth Branagh's southern accent. Famke Jansen is great, Robert Duval is effective in a small part, and Embeth Davitz is the BOMB. Great full nude scene of her,too.<br /><br />The plot is fairly standard but effectively executed.",positive
"""This Man's Navy"" is, as other comments have indicated, a rare and well-filmed look at Navy lighter than air (LTA) activities. The LTA crews were justly proud that the convoys they shadowed never lost a ship to submarine attack. And the filming at the various NAS locations give a valuable glimpse at a type of aviation that is long gone. However, the first half of the movie is all about Beery, his relationship with his service pals, and him meeting the Tom Drake character and his mother, and getting Drake's leg fixed. Only then does the second film start. The second film is mostly LTAs in action, taking on a surfaced sub, guys get killed and much damage is caused. The look is fairly gritty and realistic, I imagine. Then we shift to Southeast Asia. Did the Navy have LTAs there? Never mind, this part is really wild, with a blimp being used to extract some downed aircrew from the jungle. And the Japs are shooting like mad. Shades of Vietnam, except the getaway is oh, so leisurely. This is a blimp we're talking about. In the end, a feel-good WWII drama about a very unusual part of the war.",positive
"This is one of the few episodes (if not the only one) with an indisputable error in its storytelling. While handling the Ralphie situation Christopher states that he has heard about Pie-O-My's death in the fire accident. This is an important detail because in this context it is quite obvious that Christopher knows from the beginning that Tony is the one who must have killed Ralphie. There is however no way Chris could have heard about the accident. Who should have told him and when? By the time he is torn out of his delirium by Tony's call nobody else was informed. Tony knows that - which makes it even worse! Hearing Christopher talk about Pie- O-My's death could therefore only lead Tony to the conclusion that Chris himself has set the fire. Given the impressively elaborate writing process as told by the writers themselves on the DVD I really wonder none of them realized the problem there. The story just doesn't work that way. Unnecessary to add that I'm a huge fan of the Sopranos. Otherwise, I certainly wouldn't care.",negative
"This movie lacks in everything. Except Bobby deol, who in his own standards is mediocre, no one in this movie has come close to act in a single scene. Kangana is complete fake in her acting.<br /><br />The great Anupam Kher has a guest appearance and is better in those 2 minutes than bobby in the whole movie. The music does'nt compliment the movie<br /><br />that well. The contrast in Music between Bobby and Upen is not highlighted that well. Great concept gone completely wrong. The movie does'nt have a proper ending. Please don't waste your time as i did on this movie",negative
"I don't know how expensive was the creation of this movie but the effects were awful. Half of the movie was filmed on stage in front of a movie canvas (that's sure that blue box wouldn't look so artificial). When they traveled on a boat, the background canvas was moved imitating the movement of waves but the characters weren't moving. The CGI effects: terrible (I am not sure but I guess the effect were created with Paint and made a GIF sequence of them - next time the creators should hire a professional CGI maker team). It looks like the CGI creator would have drawn on the picture strip with shaky hands. Awful, that's sure. When I first saw the trailer, I thought it was created in 1983. One of my friend told me the correct date: 2005. My jaw dropped, I was so shocked, I thought he was kidding. People, I recommend you to skip this movie, the story is also twisted, you won't enjoy it.",negative
"Yep, lots of shouting, screaming, cheering, arguing, celebrating, fist clinching, high fiving & fighting. You have a general idea as to why, but can never be 100% certain. A naval knowledge would be an advantage for the finer points, but then you'd probably spot the many flaws. Not an awful film & Hackman & Washington are their usual brilliant, but the plot was one you could peg pretty early on. I'm still waiting to see a submarine film where people get on with each other & don't argue, but then you probably wouldn't have a film.<br /><br />4/10",negative
"This movie is up there with the all-time classics. The music, camera shots, and acting are excellent. Showing the movie in black and white gave it a much better appearance and complemented the music perfectly, like Psycho. Its surprising how so few people have commented on this movie. My guess is that its a hard movie to find. I gave the film a 9. See the movie and you'll know what I'm talking about.",positive
"I do admit that my review is from a 2006 point of view, nearly 30 years after the making of this movie and at the time of its conception, it may have been a brilliant horror/thriller movie.<br /><br />Beginning on Halloween night 1968, 6 year old Michael commits the brutal murder of his 18 year old sister. Michael is committed to a mental institution and 15 years later escapes and returns to his home town to murder again.<br /><br />From this point it is clear that the movie will follow a basic and rudimentary path that is highly predictable. The beginning of every scene is easily predictable in the way it will end whilst the music for each scene containing Michael (the murderer) is exactly the same throughout the movie, thus alerting the viewer to the likely events to follow.<br /><br />For the horror/thriller enthusiast, there is a severe lack of blood/gore compared to modern day films although I am not akin to the amount that is displayed in this day and age. A happier medium could have been found.<br /><br />From a half hour into the movie, not one scene is unexpected. The acting for a horror/thriller film is fairly typical of the era and thus lacks any punch for the modern day enthusiast.<br /><br />A positive for the film is its lingering camera shots and dark lighting which creates a frightening atmosphere. A second positive would be the character of Michael's doctor, who provides clues to the probability of where the story may lead.<br /><br />However, it is clear that the star, in Jamie-Lee Curtis, is in the infancy stages of her acting career and thus fails to provide a truly frightened central victim.<br /><br />It is hard for me to rate this film as it was in its day, but from other horror/thriller films of indeed the 80s and to a lesser extent, the 90s, it falls far short of a truly great horror/thriller film.<br /><br />I suggest you move on and find a classic from the 80s. Cheers!",negative
"Well, not much really to say about this. But it is really good. Very good job from Softley directing and the movie have good cast of acting. Movies plot is also believable and... hehe good. So the good is main word in this case. I just hope there would be more this kind scifi movies. Thats why this one s pointed out in the crowd. I give it 8.5 of 10",positive
"Why oh why don't blockbuster movies simply stick to their selling point? Everyone in the cinema, young and old, was there to see talking animals make jokes, and whilst they did that we were all happy... And then, as with Lost In Space, came the two killer blows - plot and sentiment. Who really cared what happened to the tiger or whether Eddie Murphy made up with his daughter? Not me, that's for sure.",negative
"Well, EYEboy, I must say that it pleases me to no end when someone singles me out and tries to make fun of me, especially when it is someone who seems as intelligent as you do. My favorite part of your post was ""But no big bang-bang good-guy bad-guy here, kimosabe. Me suggest you stick to movie with lotsa bang bang.""<br /><br />Well said! I do like action movies, especially if they are well done, but I also like movies that don't have a whole lot of action, as long as THEY are well done. I'm sorry, but Secret's and Lies does not fit into that category and is simply a very bad movie. I really don't see very many non-American films, so maybe I was spoiled, and didn't realize how bad foreign films really were when I saw Secrets and Lies. Perhaps if I judge foreign movies by a different standard I could some day see how Secrets and Lies could possibly be one of the highest rated movies on the IMDB. Hmm... If true, that is very scary.<br /><br />Jeremy Barger bits@midohio.net(new e-mail)",negative
"As hard as it is for me to believe, with all of the awful reality shows out there over the past few years, this one has to take over the top spot for worst one yet. I am still wondering if this was actually just a spoof done by the SCTV gang. If Andy Kaufmann were still alive I'd be sure he was behind this. Can a rock band stoop any lower than has INXS to do such a shameful thing as this? The premise is simple and moronic. Audition a bunch of karaoke rejects to become the new lead singer of INXS, to take the place of Michael Hutchence (who committed suicide in 1997). Eight years and no hits later, the band commit the ultimate act of patheticness by subjecting themselves to auditioning a bunch of talentless wannabes to be the new lead singer of a band that is 20 years past its prime. So they trot all of these awful singers (I thought American Idol had its share of doozies) who do atrocious renditions of just about every classic (and predictable) rock song imaginable. And then they cut to the INXS band members who are seriously discussing the merits of each of these candidates. You could see better (and more original) rock performers at just about any night club in any city in the world.<br /><br />It has all the usual uncreative elements of every other reality show. Lame reality participants, lame interviews, lame host/emcee, lame ""judging"" of performances, and the lame booting of one participant at the end of each show. Can these shows get any more predictable? It's clearly a publicity stunt on the part of the band; a last gasp of hope at rekindling their lost stardom before they are finally buried into oblivion. Michael Hutchence, if he had any shred of dignity when alive, has to be rolling over in his grave. Not that INXS were ever a great band, but I had no idea they were this pathetic. If INXS are at all representative of what rock and roll has become, this show would be the final proof that rock and roll is once and for all, dead.",negative
"Fame, I think, was the best movie that I have ever seen. In ways it was funny and dramatic, but that is what makes a movie. True, it has a few loose ends, actually a lot, but I still think that it is a terrific movie. Some of the funny things happen in the audition at the beginning of the movie. I think it is hilarious when the girl tries to act out O.J. Simpson in ""The Towering Inferno"" and Raul/Ralph goes around to every art department saying that his father was great at every one. He says that his dad danced with the Rockets and left Ralph his tap shoes. The Rockets, as far as I know, are made up of women. And the tap shoes were just regular shoes with bottle caps on the bottom. Also the guy who read the lines of Juliet in the Romeo and Juliet play was funny. One thing about the movie that just turns me on is the music. I have never heard anything like it!!! My favorite song is ""I Sing the Body Electric"" and my second is the theme song itself ""Fame"". Irene Cara has a great voice and is a great actress. I like the way the movie focused on many ethnic groups. It showed all of the kinds of people there actually are in what is now called ""La Guardia School of the Performing Arts"". This movie showed the triumphs and trials of many young performers, including Angelo, Doris, Bruno, Coco, Montgomery, Ralph, Leroy, Hilary, and Liza. They all had a hard time, but made it their own way. This movie could have added on about another 30-45 minutes (before the graduation), but it is still my favorite movie no matter what!!!!",positive
"Well, basically, the movie blows! It's Blair Witch meets Sean Penn's ill conceived fantasy about going to Iraq to show the world what the ""War on Terror"" is really about. The script sounds like it was written by 8th grader (no offense to 8th graders); the two main actors over-act the entire film; they used the wrong kind of camera and the wrong type of film(not that i know anything about those things--but it just didn't look like real documentaries I've watched), and worst of all Christian Johnson took a great idea and made it suck. It reminded me of the time I tried to draw a picture of my dog and ended up with a really bad stick figure looking thing that looked more like a giant turd. I'd rather watch the Blair Witch VIII, than sit through that again.",negative
I saw this on a boring Sunday morning just this morning. Well I was drawn to the fact that it's an outdoor movie.. I was hoping to find some nice sceneries but it the views where just limited.. They just go back and forth in the same spot all over again.. I hate it when they're using this so called hi-tech stuffs like the this Motorola blue-tooth headset they're using to eliminate the use of a walkie talkie it was just so funny.. they look like amateurs. And they where like advertising those badly designed alien-ware Laptops that could link up to a satellite to find people.. I couldn't say more about this TV-movie.. The ending was bad that it looks like they cut it short eliminating the use of rescue helicopters and etc.. */**********,negative
"I've gotta say, I usually like horror movies that i've never seen... however, this one was just to pathetic for my gory taste. I'm used to the gory, gut wrenching types... but this particular movie was lame. The acting was horrible (yet the corny (no pun intended) one-liners were cute). And the sequel to it, Scarecrow Slayer was even worse! Yes, probably, when it first came out, there was a huge rave about it and people liked it. But when movies like The Ring and The Exorcist of Emily Rose come out, movies like these make movies like Scarecrow seem childish. If you want a movie to just pass the time, pick this one! The special effects are cheesy as heck. But seeing that it was a low budget movie, I can kind of see where that would come in. This will kind of remind you of the movie ""Children Of The Corn."" Independent movies rock.... most of the time. So if you want to see a scarecrow killing people with corncobs, or in the sequel, 2 scarecrows going at it, then these movies would be for you.",negative
"During a sleepless night, I was switching through the channels & found this embarrassment of a movie. What were they thinking?<br /><br />If this is life after ""Remote Control"" for Kari (Wuhrer) Salin, no wonder she's gone nowhere.<br /><br />And why did David Keith take this role? It's pathetic!<br /><br />Anyway, I turned on the movie near the end, so I didn't get much of the plot. But this must've been the best part. This nerdy college kid brings home this dominatrix-ish girl...this scene is straight out of the comic books -- or the cheap porn movies. She calls the mother anal retentive and kisses the father ""Oh, I didn't expect tongue!"" Great lines!<br /><br />After this, I had to see how it ended..<br /><br />Well, of course, this bitch from hell has a helluva past, so the SWAT team is upstairs. And yes...they surround her! And YES YES! The kid blows her brains out!!!! AHAHHAHAHAHA!!<br /><br />This is must-see TV. <br /><br />",negative
"When this film opened back in 1976, legend has that it was met with massive jeering and disdain --- it was widely considered a failure. I vividly remember Ebert giving it one star and it was supposedly booed at Cannes.<br /><br />Apparently these people didn't understand the movie, which is not that hard to comprehend since it's very esoteric, dark, and layered in ways that still astound me. Reading through many of the reviews here I find (even after about 7-8 viewings over the years) many elements of the film I had previously glossed over. But even without understanding much the psychological underpinnings of the story, it's still a cracking suspenser...even if you just take the escalating paranoia and persecution that overtakes Polanski's title character like a tsunami wave over the course of it's two hour running time.<br /><br />Examining the source material --- an excellent novella by underrated novelist Roland Topor --- uncovers more intriguing layers. Polanski's Trekovsky is a milquetoast of the highest order. Though he seems at first to be yet another mild everyday soul, one gradually realizes he is one of those people who seems to aimlessly drift through life, letting it direct him. He seems to have few strong feelings about his likes and dislikes. He finds himself gently pushed this way and that, but never seems to get too bent out of shape regardless. This vague sort of wishy-washy-ness is more noticeable in the novel than the movie, but there are hints of it early in the film too.<br /><br />Making a play for the apartment of a woman, one Mademouiselle Choule, who is in the hospital recovering from a recent suicide attempt, appears to be the most daring thing he has attempted (even effectively haggling down the price of the deposit in the bargain). He soon finds, however, that he is paying for his ""good thing"" in more ways than he cares, as he finds himself in the center of maelstrom created by a building full of neurotic, control freaks who are hypersensitive to even the slightest sign of human life, such as a footstep in the night or a knock on the door.<br /><br />Instead of taking a stand though, Trelkovsky becomes increasingly alienated by the situation, and overtaken by paranoia and a sense of persecution. He becomes obsessed with Choule, imagining himself to be like her, dressing like her, etc. as his own personality rapidly begins to be wiped away by his own insanity.<br /><br />If anyone has ever doubted Polanski's fearlessness as an artist, they'd be well-advised to see this film. His trademark black humor is prominently (and sometimes embarrassingly) on display here and --- god bless him --- he makes himself the butt of it. It's a tour de force performance in one of the richest, riskiest, most Gothic horror movies ever made. That more people haven't seen it is a true crime.",positive
"I came out of ""Rendition"" with a list of flaws a mile long, so how is it that my overall impression is that it was a pretty decent movie? It's definitely a film whose sum is better than its parts.<br /><br />Those parts include a cast of big name stars, not one of them giving a memorable performance (Omar Metwally, a relative unknown, is the one you'll remember); serviceable if undistinguished direction; and a screenplay that's both too complicated and too simplistic at the same time. Metwally is an Egyptian-born American citizen who gets kidnapped by the U.S. government's rendition program, otherwise known as the process by which America tortures suspected terrorists into confessing information whether or not it's remotely true. Reese Witherspoon plays his pregnant wife, who calls in the favor of an old college friend (Peter Saarsgard), who works for a senator (Alan Arkin) and helps to track her husband down. Meryl Streep plays the head of the rendition program; Jake Gyllenhaal is a young agent assigned to the interrogation and whose conscience gets in the way. Meanwhile, a whole parallel storyline follows the daughter of a top Egyptian official who is allied to the American rendition program and her boyfriend, who's in training to become a suicide bomber.<br /><br />Ay-yi-yi that's a lot of plot to pack into a two-hour movie, and I was about to wash my hands of the whole thing, especially the Egyptian Romeo and Juliet subplot that felt like nothing more than a distraction. But then near the film's finale, a twist of chronology brings all of the plot strands together in a way that makes you want to reassess everything you thought you knew about the motivations of the various characters, and makes ""Rendition"" a much more interesting movie than it seems like it's going to be.<br /><br />Witherspoon, Gyllenhaal and Sarsgaard all look like high school students playing adults twenty years older than they actually are -- Gyllenhaal in particular, usually a fine actor, looks so bored that you wonder if he's going to muster the energy to deliver his lines. And the screenwriter should be arrested for having an actress as good as Meryl Streep at his disposal and giving her nothing more to work with than this one-dimensional dragon lady. The movie of course strives for relevancy, but instead of addressing the tangled web of arguments surrounding the national security issue, it charges right down the middle of the debate in a predictable fashion. There are moments when you think maybe the film will veer off in an interesting direction -- what if Witherspoon did actually begin to doubt her husband's past, for instance? What if Metwally actually had been in contact with terrorists, as his interrogators accuse? But no, the movie takes the path of least resistance.<br /><br />But, like I said upfront, I recommend this movie. I know I've done nothing but list a bunch of its faults, but it's got its head in the right place, and it is entertaining, or at least as as entertaining as a movie about torture and interrogation can be.<br /><br />Grade: B+",positive
"Just to save you money and time I will go ahead and tell you that this movie is absolutely not worth the match and gas it would take to burn it. Don't waste your time. As a matter-of-fact you would be better off forgetting you ever thought about watching it. I have seriously seen better B movies in a language that I can't understand. Who ever gave permission for this to be made needs to be sewed. The only positive thing I can say for this movie is that with a new script and the right director and actors it could be a great story. Let me break it down; A virgin gets pregnant by a demon, the baby while inside her womb wants to feed on people. They try to make up for the fact that this is possibly the worst movie ever made with cursing and pointless nudity. All in all Totally not worth the dollar it took me to rent it.",negative
"This takes place in 1920s Harlem. A black owned nightclub has to deal with gangsters and corrupt policemen.<br /><br />Terrible vanity project for Eddie Murphy. It tries to mix comedy and drama and fails at both. The comedy simply isn't funny and the drama is boring and badly acted. You think a film with three comedy legends--Eddie Murphy, Redd Foxx and Richard Pryor--would be great but it isn't. There's nonstop swearing and the OPENING scene has a young boy shooting a man to death (this is shown as being OK). Also we have the beautiful Della Reese degraded into playing a madam. One of the ""comedic"" highlights has a long, unfunny and terribly vicious fight between her and Murphy. A boring, offensive and stupid mess. Not the worst Murphy movie but pretty close. A 1 all the way.",negative
"This is the best Emma in existence in my opinion. Having seen the other version (1996) which is also good, and read the book, I think I can safely say with confidence that this is the true interpretation and is the most faithful to Jane Austen's masterpiece. The 1996 movie with G. Paltrow is good too, it's just that it's almost like a different story altogether. It's very light and fluffy, you don't see the darker edges of the characters and if you just want a pleasant movie, that one would do fine but the intricacies of some of the plot points, such as the Churchill/Fairfax entanglement is so much glossed over as to be virtually non-existent. But if you want the characters fleshed out a bit, more real and multidimensional, the 1996 TV version is the superior. Emma is a remarkable person, but she is flawed. Kate Beckinsale is masterful at showing the little quirks of the character. You see her look casually disgusted at some of the more simple conversation of Harriet Smith, yet she shows no remorse for having ruined Harriet's proposal until that action has the effect of ruining her own marital happiness at the ending. You see her narcissism and it mirrors Frank Churchill's in that they would do harm to others to achieve their own aims. For Emma, it was playing matchmaker and having a new friend to while away the time with after having suffered the loss of her governess to marriage. For Frank Churchill, it is securing the promise of the woman he loves while treating her and others abominably to keep the secret. In the book, she realizes all of this in a crushing awakening to all the blunders she has made. Both Kate Beckinsale and Gyneth Paltrow are convincing in their remorse but Paltrow's is more childlike and stagnant while Beckinsale's awakening is rather real and serious and you see the transition from child-like, selfish behavior to kind and thoughtful adult. Both versions are very good but I prefer this one.",positive
"At first,this movie seems so bad that i almost fell in a trance the first time i saw it.It was like a bad dream.A cosmic bore.But i gave it a second chance,then another and another,etc...I finally got addicted to this film,due to it's dreamlike slow pace,wonderful natural sets,bathed in a mellow autumn light and especially the musical score,which is made of some 70's progressive rock and absolute exquisite folk songs by actor/singer/songwriter Derek Lamb(the Troubadour).You should notice the song about hazel wood,silver trout and lady vanishing in the air...,heard in the middle and near the end of the film.There are some carnal scenes in the beginning ,wich allow us to appreciate the natural charms of Elizabeth Suzuki.If that movie had been made by some ""repertoire"" directors like Bergman,Lars Von Triers or Jean-Luc Goddard,critics would have rolled on the floor,raving about that movie as if it were a cosmic masterpiece.I personally think this film is one million times superior to any of Fellini's cinematic sh#¤@t!Definitely not for the pretentious.",positive
"An interesting idea involving an alternative dimension inside a hospital. It recalled - Stephen Kings ""Langoliers"", ""Kingdom Hospital"" and old twilight zone episodes. Atmospherically strong, the set up was great. There were also some very clever 'time loop' moments which always have that head-melt appeal. The story had plenty of vague references which led me to believe that all the ensuing weirdness of - time slips / ghosts / a weird bat winged demon and a rather silly heavy metal attired ghoul-thing would be explained. And THAT was were Dark Floors severely let me down. Based on my viewing the movie gives NO EXPLANATION as to what is behind the events. Whilst, some ambiguity is always expected/welcome in these kind of films. Dark floors took it to new heights of vagueness. I don't expect things wrapped up in a pretty ribbon, but neither should I be left feeling ""Huh? .. is that it? ... Did I dose off? Maybe, I hit chapter skip by mistake?"" Dark Floors left me with a deeply unsatisfying suspicion that ""It was all a dream"" which is a shame because up until the last reel I was very much on board and enjoying the movie.",negative
"This is just a long advertisement for the movie ""The Death Tunnel"". Although it is an interesting history of the Waverly Hills Sanatorium, the whole ghost theory is up to your interpretation. More ""Ghost Orbs"" which you can duplicate with dust in front of a flash camera, and the ""Ectoplasmic Mist"" is just someone's cigarette smoke lit up with the camera flash. I couldn't see any ""Shadow People"" until they drew an outline around the blurry distortion of the image. No scientific explanations were suggested for the phenomena, only paranormal. Perhaps these are only events one would have to see to believe, so be sure to make plans to visit the Sanatorium on your next vacation in Louisville, Kentucky.",negative
"Having read another review, I thought this movie would actually be good. I do enjoy the ""B"" movies, but this couldn't even be classed as such. The photography is probably the only half-way decent thing in the movie. But the editing left much to be desired. It was very choppy and staccato. Whoever chose the music and sound did a terrible job. The music was awful, specially anything atmospheric or scene setting. If the acting had been better, they could have pulled the movie off. Unfortunately, I've seen better acting in porn flicks. If you want to see a ""B"" vampire movie, check out 'Blood Ties'. You'll be much more entertained.",negative
"Jack, Sawyer and Sayid swim to the boat and find a completely wasted Desmond. His traumatic past experience before sailing to the island is disclosed through flashbacks. Sayid plots a plan with Jack to surprise ""The Others"" in case Michael is double-crossing the group. John Locke convinces Desmond to invade the hatch, which is protected by Mr. Eko, and not press the button of the computer to see what will happen.<br /><br />This episode is one of the best of the Second Season. Unfortunately, we lovers of ""Lost"" can see the lack of respect the producers of this stunning series have with the fans. In the USA, the air date of this episode was 24 May 2006. Therefore, along this period, fans have to wait for the Third Season in a very suspenseful situation, with Jack and his group surrounded by ""The Others"" and finding the truth about Michael and the death of Ana Lucia and Libby; John locked inside the hatch without the intention of pushing the button and Mr. Eko in despair outside the hatch. I hope the fate of ""Lost"" be better than ""Angel"" and its very disappointing conclusion (or lack of conclusion) after five seasons. My vote is ten.<br /><br />Title (Brazil): Not Available",positive
"Well, this movie actually did have one redeeming quality. It made up the funniest season one episode of MST3K. I wish Rhino had released this one instead of ""The Crawling Hand.""",negative
"Rented the video for a slow Saturday night. First viewing I thought it was funny. Took a while to get used to the American caricatures (here we're more attuned to British grotesques) but very enjoyable. <br /><br />Watched it again next night and really warmed to it. The characters seemed more human - lovable, even. A film one could watch several times and get more out of it each time. However, my wife *hated* it. No accounting for tastes in humour I suppose.",positive
"If the only sex you've ever had is with a farm animal, then the tag line for this movie is probably still misleading.<br /><br />This is by far one of the most boring movies I've had the pleasure to try and watch lately. I found the DVD lying around at my friend's house, and I made the sad mistake of not burning it.<br /><br />I am unable to tell any details without spoiling the movie because there are only about 5 details to this movie. Just try to imagine someone making a movie about things on c-span only the fictional movie is 10 times less interesting than the most boring debate on c-span.<br /><br />I think there is a conspiracy somewhere in this movie, but I was unable to tell exactly what it was after I gouched my eyeballs out and threw them at Richard Gere.",negative
"I was a little to old for this show I was 6 when it first came out. First off when I was a young child there were a few children's shows that were on sesame street which I did watch and learned from, but other than that there wasn't much else. My Cousins were all born a few years after me 7 years was the first one more came latter. Barney was a very big part of what they watched. When I first saw this show I told my grandmother how it doesn't teach anything just uses magic to fix everything. I was 9 at the time, how many 9 years old have any idea what is really going on with a TV show. More and more that I saw or heard what the teachings of Barney were the more and more I told people how bad the show was. The funny thing is my parents who had a young child in the mid to late 80's which was me by the way. They agreed and said the same thing as I did. The sad thing about this is my cousins who are older now 13 and such still agree with what they saw. Its not cheating its creative, its not right to think differently than what someone tells you to. Its o.k to steal if the person wont find out or mind that it is gone. Lets be honest with ourselves, Barney is out to make money not teach children anything. The more flashy the program the more inclined children will be to watching it. Children are stupid not because they are not educated they just do not know any better, second Barney put on a show and parents bought it. I never believed that TV could affect people the way Barney does. If you have a young child read to them watch a show that teaches them numbers, do not let them get involved in this show. Barney is like smoking once is to much, smoke a few and your hooked let your kid watch this show they are hooked and one day their kids will watch the same crap and buy the same crap you bought",negative
"Saying this movie is extremely hard to follow and just as frustrating to sit through is putting it very mildly. Also saying that the current available print is dark, dreary, scratchy, abysmally edited, painfully dubbed, seemingly censored and in almost unwatchable shape is also correct. This film is in dire need of a good remastering from the full, uncut, original negative and seeing how it's reasonably atmospheric (and won the director an award at the Catalonia Film Festival), it might actually be worth the trouble. Then again, maybe not... It's just impossible to tell in its current condition what kind of movie it actually is. It starts fairly interesting, if you can discount the completely senseless pre-credits opening sequence, which involves a deranged cat-killing, snake-loving little girl named Gerda. The girls mom, Carla (Mónica Randall, who should have laid off the eyeliner a little bit), splashes some gasoline around in the garage and torches the brat. Seemingly about as crazy as young Gerda, she goes to visit her estranged photographer (ex?) boyfriend Mario (""John""/Cihangir Caffari). He's on vacation from work, but so desperate to get away from Carla that he begs his employers to set him up on an assignment... any assignment. She scowls ""You'll be sorry!"" as he heads out the door. Well, Mario is assigned to photograph ""Witches Mountain"" (somewhere in the Pyrenees, I believe). Before he gets to his destination, he gets sight of a hottie on the beach named Delia (Patty Shepard) and snaps a few pictures of her taking off her bikini top. Only slightly peeved, she claims to be a single writer, the two flirt and then decide it would be a swell idea if they went on the trip up the mountain together. When they stop by her place so she can pack her bags, Mario suddenly hears loud, sinister music. Delia claims he's just hearing things.<br /><br />So the two begin their trip up the mountain, taking a stop at a local inn to spend the night. There they encounter a weird, partially-deaf, crazy-eyed innkeeper (Victor Israel) and Delia claims someone was spying on here through her window. The next day, under some trance, she wanders off up the mountain and is eventually located by Mario, who hops out of his jeep and runs after her. While he's finding out what's up, someone steals their wheels and they're forced to walk a piece, eventually finding the jeep undamaged at the foot of a small, ancient, seeming abandoned village... almost like someone was trying to intentionally lure them there. Well as we will see, that's exactly what has happened. In the village they encounter a friendly old woman named Zanta (Ana Farra) who claims she's the only person still living there and lets them stay in her home. Mario takes some pictures of the ""abandoned"" city and when he develops them they are eerily full of people. Slightly creeped out, he and Delia begin to leave and get stuck in ""treacherous"" fog and have to pull over and camp out for the night. The rest of the movie has to do with voodoo dolls, black cats transforming into sexy women, Satanic rituals performed by ladies in their bras and a deadly fall off a cliff. And yeah, coincidentally Carla the estranged wife turns out to be one of the witches, too. It all takes place in semi-darkness and to be quite honest, I didn't know what the hell was going on most of the time. The inconclusive ""open"" ending is just an additional slap in the face to anyone having to suffer through the rest of this senseless mess.<br /><br />Honestly, there are just a few things that stand out to me as being really good. The first is actress Shepard, who has that great Barbara Steele kind of dark, mysterious beauty. There's also an excellent music score (credited to Fernando Garcia Morcillo) and chanting songs, which aided immensely in making this film as atmospheric as it is. The location work is fairly decent, but as I said, the print is ugly as can be and it doesn't make a lick of sense, so proceed with caution on this one.",negative
"I used to LOVE this movie as a kid but, seeing it again 20+ years later, it actually sucks. Up The Academy might have been ahead of it's time back in 1980, but it has almost nothing to offer today! Movies like Caddyshack and Stripes hold-up much better today than this steaming dogpile. No T&A. No great jokes except for the one-liners we've all heard a million times by now.<br /><br />I recently bought the DVD in hopes that it would be the gem I remembered it being. Well, I was WAY off! The soundtrack had only 2-3 widely-recognizable hits (not the smash compilation others had mentioned) and the frequent voice-overs were terrible. The only thing that was interesting, to me, was predicting what the character's lines were before they said them. Yep, I watched this movie that much back then! <br /><br />The only reason I am writing this review is to give my two cents on why this movie should be forgotten, sorry to say. :(",negative
"I thought this had the right blend of character, plot, futuristic stuff and special effects without going over board. It will take a while to get going, but the acting was good and I was intrigued by the angel who is not to hard to look at. I like the attitude too! Certainly not like other attempts at futuristic stories.",positive
"Excellent documentary that still manages to shock and enlighten. Unfortunately, times haven't changed much since this was made and it is thus an important piece for all freedom-conscious Americans to see.",positive
"I would just like it to be known, that I do not often rate movies below a 5. I was originally very excited to see this movie. Its numerous trailer bumps on TV for several months made me REAALLY want to see this movie. So, the other night when I saw that it was available on FearNet on Demand, I got some popcorn and sat down to watch the film.<br /><br />The storyline seemed intriguing enough - some dude is butchering unsuspecting people on the subway. There's a photographer obsessed with the missing people. Where are they going? What's happening to them? One day, the photographer sees a connection between some photos he has taken, and becomes obsessed with the butcher, following him around, yada yada. The film had a way of sucking you in, even though the plot was highly predictable. ""Oh no, it's dark, look out behind you"" I say, quite bored with the cheap thrills.<br /><br />The plot, even though predictable, was intriguing...that is, until the end. ""This was good until the end.... Then it just got silly"", says Jack_skellington_freke on the message boards. And I fully agree. And here come the spoilers...<br /><br />See, I was hoping it was some mad killer, some psychotic person obsessed with cannibalism. No. It was some secret society keeping creatures alive for centuries. Woo. How original. How unrealistic. How dull.<br /><br />3/10. Come on Lionsgate. You've had amazing films, but this one sunk.",negative
I saw this movie with very low expectations. I didn't know a lot about it so I wasn't sure if it was going to be worth it.<br /><br />The story did an OK job of getting you curious about these ruins they travel to. The suspense continues when the Mayans show up and force them to stay at the ruins.<br /><br />Then the movie turns from somewhat suspenseful to pointless. The amount of gore found in this movie did not balance out compared to whether it was truly necessary or used more for shock value.<br /><br />The fact that they didn't make any attempt to fight the vines from hell. They had fire and didn't try to burn it nor did they try to cut it with a knife to see if they could destroy it or not. They quickly jumped into a victim role and their helpless attitude was not real. It reminded me of the old horror movies where the people just scream and yell and don't have half a brain to try to fight back.,negative
"I watched Love Life on holiday, when it was filmed at a film festival in Florida. It was a lovely surprise to find a British film that wasn't derivative or exploitive. A beautiful romantic comedy for a change that will charm the pants of audiences prepared to sit back and enjoy the gentle pace of the film. The transitions between scenes I found a bit distracting, but as whole I think Love Life is a winner, a ruby in the dust. One for all the family. A pleasant change to see a British film for teen audiences that isn't littered with four letter words. Try and see it.",positive
"The film begins with a little girl (Rita) seeing her father killed. He apparently was a criminal who squealed on his fellow crooks. Later, and this part makes little sense, the girl has grown to adulthood and STILL her father's past haunts her! A bit later, Rita meets a good-for-nothing and dates him. During one of their dates, he's a bit intoxicated AND driving like a total fool. The cops give chase and he speeds away--killing a pedestrian in the meantime. Here comes the Really stupid part. He convinces her to confess to the crime, as he assures her his lawyers can get her off scot-free. Why, oh why, would she agree to this?! Yet she does and spends the next couple years in prison!! And, soon after her conviction, this boyfriend disappears--showing that he's a total heel. What a chump!!! Later, after her release, her friend (Jack La Rue) informs her about the truth about the boyfriend. Then, he explains, the boyfriend's family is loaded and she should shake them down for lots of cash for all the trouble he put her to by taking the rap. Frankly, this does make sense--as they certainly owe it to her--especially since they knew she'd go to prison and had every intention of using her and then casting her aside.<br /><br />Now the idea of bleeding money from the rich chumps is a good plot idea. However, there is no way this would have occurred in the first place because it's hard to believe anyone could be so stupid as to take the rap for a hit-and-run! In an interesting twist, the dumb lady decides on a life of crime--donning a wig and picking up a rich guy--taking him into the desert and robbing him at gunpoint! Wow...how she's changed! Apparently she loves the idea of stealing from ""phonies""--i.e., rich hypocrites. However, and this made no sense, she soon stopped doing this and began shaking down the father of the old boyfriend--why she bothered to do some petty robberies in the meantime made little sense. And, what also was a bit hard to believe was that instead of wanting money from the old jerk, she was interested in getting him to put his influence behind a mob-controlled man for mayor. Odd...very, very odd.<br /><br />In the meantime, another plot develops involving a young Alan Ladd. He's an undercover agent who has infiltrated the mob. He was chosen because he just happens to be a dead ringer for a real crook--what a cliché! But what makes no sense is that this real crook isn't in jail and is out committing crimes while the fake one is infiltrating the mob in another town.<br /><br />Eventually, evidence that Ladd is able to uncover is enough to issue warrants to the mob kingpins--including Rita. This is a case of very bad timing, as in the interim, she's made a decision to become a decent and legitimate woman, as she's met a really nice guy who she wants to marry! Wow,...what are the odds?! Overall, this is a goofy and rather dumb movie that suffers from ""kitchen sink syndrome""--in other words, there is way too many plot elements and weird twists to make the movie the least bit believable. Plus, since the movie is only a little over an hour long, it all seems very forced and contrived. It's a relatively bad B-movie from crap-studio PRC of note only for the performance of Alan Ladd just before he gained great fame the following year at Paramount.<br /><br />By the way, this DVD was released by Alpha Video---a company which sometimes releases some wonderfully obscure titles (mostly public domain) but which NEVER cleans up the prints or adds closed captions. In other words, the DVD production values are strictly 3rd-rate...at best.",negative
"If you're going to put on a play within the prison walls why not go for the top playwright William Shakespeare? And if you are going to choose your cast from a whole lot of criminals serving long sentences for the most heinous crimes, you can be sure there will be plenty of time for rehearsals. In a Kentucky Correctional Prison a courageous project such as this was undertaken with amazing results. This film shows how it was all done.the casting.the rehearsals.the set and costumesand the final presentation of Shakespeare's play ""The Tempest."" It had not occurred to me before but there is an analogy between the setting of the play and the correctional prison. In the play the ship-wrecked characters are confined to an island with no contact with the outside world. Prison life too is much like that.<br /><br />With a simple painted back drop of a surrounding seascape, the characters in a most pleasing assortment of costumes bellow out their lines to an approving audience, may be not quite as Shakespeare intended but with good heart and true sincerity for sure.<br /><br />More interesting than the play itself were the little cameos of each man behind his character. One inmate saw the play as a lesson in forgiveness another as a redemption of his sins. It was quite moving to see the men wipe away a tear as they spoke of murder, shooting and strangulation. One had the feeling that they would all like to wind back the clock and reconsider their brutal actions. However (as someone said) the past was past, and the present was the beginning of a new future. At least the play gave temporary relief from the depressing thoughts of past events.<br /><br />The prison authorities should be applauded for allowing the play to take place. Such an event would put Kentucky on the map and hopefully other prisons might follow their good example. It seems to me that everyone stands to benefitnot only the Kentucky prison but the prisoners themselves who need to find new confidence and self esteem and be prepared for the day when they go out on parole.",positive
"What could've been a great film about the late poker pro (pre-poker craze) Stu ""The Kid"" Unger turned into a disappointment.<br /><br />You can tell the filmmakers were working on a short-string budget. Everything look filmed on the cheap. Timelines seemed a bit off to me.<br /><br />Casting Michael Imperoli from the Sopranos was also a bad casting choice. He looked too old to play the baby-faced Stu, he looked way too healthy for a coke addict (if you look at footage from the 1997 WSOP main event, the real Stu was so skinny and he practically had no nose from too much cocaine so he wore those sunglasses to hide them), and I kept expecting Adriana to pop up and yell ""Chris-tu-phur!!!"" <br /><br />Also they skipped over the fact that he had a son from Angie's previous relationship that committed suicide in the late '80s.<br /><br />Every time I saw Vincent Van Patten appear, I kept thinking he was going to announce ""Show tunes going off in Stu's head."" like he does on the WPT.<br /><br />If you're looking for real Stuey footage, check ESPN Classic because they rerun the 1997 WSOP Main Event every so often. Or try YouTube. Avoid this move like a bad beat.",negative
"Every once in a long while a movie will come along that will be so awful that I feel compelled to warn people. If I labor all my days and I can save but one soul from watching this movie, how great will be my joy.<br /><br />Where to begin my discussion of pain. For starters, there was a musical montage every five minutes. There was no character development. Every character was a stereotype. We had swearing guy, fat guy who eats donuts, goofy foreign guy, etc. The script felt as if it were being written as the movie was being shot. The production value was so incredibly low that it felt like I was watching a junior high video presentation. Have the directors, producers, etc. ever even seen a movie before? Halestorm is getting worse and worse with every new entry. The concept for this movie sounded so funny. How could you go wrong with Gary Coleman and a handful of somewhat legitimate actors. But trust me when I say this, things went wrong, VERY WRONG.",negative
"I may be biased, I am the author of the novel The Hungry Bachelors Club, self-published in 1994. The screenplay was written by my good friend and hungry bachelor, Fred Dresch, who was the inspiration for the character Marlon in the film. I couldn't be more pleased with the trailer, I hope to see the film in its entirety and I will further comment. But Jorja Fox, who plays Delmar Youngblood, my character, is stellar. She carries the bulk of the emotional vehicles in fine form. I couldn't have done better myself! This looks like real people, hardly formula driven and thankfully drives my statement against racial prejudice home, gracefully and heartfelt.",positive
"To be frank, this is probably the best version in my book as a sound movie version of the Jazz Singer. The 1927 version is really a silent movie despite its build-up as the first talkie.<br /><br />Danny Thomas is a great comedian, and he sings very well. He does the Jewish stuff with feeling. Peggy Lee is great and any film that has her is always entertaining. Allan Joslyn is not too entertaining and we could have done without him. One question: since when do Cantors live in such luxurious houses???",positive
"Let me say this about Edward D. Wood Jr. He had a passion for his work that I wish more people did have. If we all had the optimism and the commanding hope of Ed Wood, the world would probably be a much better place. Being familiar with Ed Wood's story and having seen the most wonderful biopic ""Ed Wood"" (1994) several times, I admire his boldness and his strives for the job he loved; I still admire his never-say-die attitude. He had a love for directing that I wish more people in modern-day Hollywood had.<br /><br />But that doesn't make his movies any more fun to watch. And ""Glen or Glenda,"" his first and most confessional film, is probably his very worst.<br /><br />""Glen or Glenda"" is a deadening cult movie about a cross-dresser named Glen (played by director/writer Ed Wood himself) who despite his love for his fiancée Barbara (Dolores Fuller), cannot seem to conquer his lust for transvestitism, in which he dresses in women's clothing and a wig and thus becomes...Glenda! Glen/Glenda's story is narrated by a doctor and he too is talked and watched over by a mysterious character called ""The Scientist"" played by veteran horror star Bela Lugosi. Oh, and there's also some sub-story about an Alan/Anne character who becomes a transsexual based on the Christine Jorgenson story, upon whom this movie originally titled ""I Changed My Sex!"" was previously to be based.<br /><br />Have I dropped your jaw yet? Well, as much as I want to warn you off this picture if you've never seen it, I would never tell a lie about a movie and there is not one word of falsehood in that plot synopsis I just gave you. Every thing in it is true. This is a movie about cross-dressers and transsexuals, a topic that does not sound very appealing to begin with and is not done in a very appealing manner. I'm sure that with a good screenplay, and a good director (it had neither) that ""Glen or Glenda,"" despite the subject matter, could have been a very moving picture. It is a confessional movie on Wood's part, as he was a transvestite in real life as well as on screen. But once again, that does not make it a good movie...or a watchable one for that matter. ""Glen or Glenda"" is a jumbled, disorganized mess of a movie that sinks into new trenches in the realm of bad cinema. It makes no more sense than does its notoriously silly scene where Bela Lugosi screams ""Pull the string!"" over inexplicable footage of stampeding bison. The majority of the movie is narrated in a monotonous voice, reminding me of some very bad short informative films I've seen before. It's like one of those really bad short films expanded into a seventy-minute feature and twice as dull. We sit there for ages waiting for the plot that never comes. There is no real attempt to even build energy with the camera being locked down in one position for many grueling minutes and long stretches of time where nothing at all happens. The only moments that are worth anybody's time are those of Bela Lugosi who manages to bring some light into these dark trenches. I guess Lugosi is supposed to be like the deity of the film, but personally, I couldn't care less who or what he's supposed to be. I'll tell you what he was: A gifted actor who wound up making trash. But he and Wood were very good friends and liked working with each other, so good for him.<br /><br />I will always admire Edward D. Wood Jr. for his passion for the cinema, but I will never as long as I live admire his movies. A film critic once called Ed Wood's movies ""innocent fun"" but I think even that is questionable. Innocent? Yes. Fun? No, sir. And if ""Citizen Kane"" is the Mount Everest of the cinematic world, then ""Glen or Glenda"" is probably the Mariana Trench.",negative
"Well I don't know where to begin. Obviously this was a made for TV movie, so my expectations were low. I was pleasantly surprised by the overall direction of the second hour, but anything before or after that seemed to be a paint by the numbers sort of movie.<br /><br />And talk about bad chemistry between the tow lovebird detectives. ..<br /><br />I would go more in depth, but this movie doesn't really deserve it. Grade: D+ (IMDB rating 3/10)",negative
"Wimpy stuffed shirt Armand Louque (blandly played by veteran character actor Dean Jagger in a rare lead role) joins a group of researchers who want to find and destroy the secret technique of creating zombies. Armand falls for the lovely Claire Duval (fetching blonde Dorothy Stone), who uses the meek sap to get Armand's colleague Clifford Grayson (the hopelessly wooden Robert Noland) to marry her. Furious over being used and spurned by Claire, Armand uses his knowledge of voodoo to get revenge. Sound exciting? Well, it sure ain't. For starters, Victor Halperin's static (non)direction lets the meandering and uneventful talk-ridden story plod along at an excruciatingly slow pace. Worse yet, Halperin crucially fails to bring any tension, atmosphere and momentum to the hideously tedious proceedings. The mostly blah acting from a largely insipid cast doesn't help matters any; only George Cleveland as the hearty General Duval and E. Alyn Warren as the irascible Dr. Trevissant manage to enliven things a bit with their welcome and refreshing hammy histrionics. The drippy stock film library score, the painfully obvious stagebound sets, and the crude cinematography are pretty lousy and unimpressive as well. In fact, this feeble excuse for a fright feature is so crummy that not even the uncredited starkly staring eyes of the great Bela Lugosi can alleviate the brain-numbing boredom. A dismally dull dud.",negative
"This program would be useful for training hardened felons basic human emotions. Beyond this purpose, the show has no value other than to fill bandwidth that would otherwise go unutilized in the electromagnetic spectrum. I feel a greater sense of suspense and anticipation listening to a computerized voice chip endlessly droning out the products of a random number generator. Fortunately, the helpful and frequent music cues will tell viewers how they're supposed to feel, in case they are unable to fully internalize the predictable and shallow plot line. I did find Amy to be a superficially positive character, as she is a role model to young women that they can serve in traditionally male fields. Unfortunately, her totally subjective approach to the law is guided solely by whatever capricious personal guidelines Amy elects to employ, resulting in Amy's trials more closely resembling appeals to the personal mercy of a tribal despot than a true administration of justice. This show is unpalatable in any amount, although this is to some extent mitigated after two episodes by the brain's god-given filtering processes, by which the show will thankfully leave the same imprint on the viewer's memory as a television tuned to a dead channel at maximum volume.",negative
"Korine's established himself, by now, as a talented and impressive image-maker. The promotional posters for Mister Lonely all include the film's most impressive compositions (though there's one in particular I've yet to see in promo material: that of a blue-clad nun teasing a dog with a stick, surrounded by green forest with torrential rain pouring down). The opening images of this film, of Michael Jackson lookalike (Diego Luna) riding a small motorbike round a track, is strangely compelling and beautiful: Roy Orbison's ""Mister Lonely"" plays on the soundtrack, and the images unfold in slow-motion. There's also a funny and terrific sequence in which the same character mimes a dance, without music (though a radio sits like a silent dog next to him), in the middle of a Paris street; Korine splices in sound effects and jump-cuts that evoke both a feeling of futility and dogged liberation in the character's dance routine.<br /><br />The first instance of the segment dealing with the nuns is also strangely poignant; Father Umbrillo (Werner Herzog) is an autocratic priest about to fly with some nuns over, and drop food into, impoverished areas nearby. In a scene that is both light-hearted and affecting, Herzog must deal with a stubbornly enthusiastic local who wishes to make the plane trip with them in order to see his wife in San Francisco. As the exchange develops, Herzog draws out of the man a confession: he has sinned, and his frequent infidelity is the cause of his wife having left him in the first place. This scene, short and sweet, gains particular weight after one learns its improvised origins: the sinner is played by a non-actor who was on set when Korine and co. were filming - and his adulterous ways had given him, in real life, a lasting, overwhelming guilt.<br /><br />Henceforth, the film is hit-and-miss; a succession of intrinsically interesting moments that add to a frivolous, muddled narrative. Whereas Gummo and Julien Donkey-Boy maintain their aesthetic and emotional weight via coherent structural frameworks, Mister Lonely feels like a victim of editing room ruthlessness. A few scenes were cut from the film, which would have otherwise painted fuller pictures of certain characters, due to continuity errors in costume - a result, no doubt, due to the absence of a shooting script and Korine's tendency for improvisation. One deleted scene in particular - in which 'Charlie Chaplin' (Denis Lavant) and 'Madonna' (Melita Morgan) have sex - would have added much more emotional conflict to a scene later on in the film (I won't spoil it, but it's there to deflate any feeling of warmth or celebration, and, as it is, only half-succeeds).<br /><br />The two strands of the narrative, unconnected literally, are best approached as two entirely different stories with the same allegorical meaning; one compliments the other and vice versa. (It's something to do with the conflict between one's ambitions and the reality of the current situation.) But there's not enough of the Herzog scenes to merit their place in the film, and so any connection between these two allegorically-connected threads is inevitably strained - and the inclusion is, in retrospect, tedious.<br /><br />This is an ambitious step forward from Julien Donkey-Boy that suffers mostly, at least in the lookalike segments, from having far too many characters for the film's running length, a flaw that would have been even worse had big star names played everyone (as was originally planned).<br /><br />With many of the imagery's self-contained beauty, and moments of real, genuine connection with the soundtrack, this feels like it'd be much more suited to an art installation or photo exhibition. As an exploration of mimesis and the nature of impersonation, it'd lose none of its power - indeed, for me, it would perhaps be more impressive. The loneliness attached to iconic performativity (such as that encountered by both the icons themselves and those who aspire to be like them) is well-captured in images such as that wherein 'Marilyn Monroe' (a gorgeous Samantha Morton) seduces the camera with a Seven Year Itch pose in the middle of a forest, or when 'Sammy Davis, Jr.' (Jason Pennycooke) settles, post-dance rehearsal, with his back to the camera overlooking an incredible, tranquil lake.<br /><br />As it is, moments like these, and all those where the titles of randomly-chosen Michael Jackson songs crawl across the scene, are married to one another in a film narrative far less affecting than it should be.<br /><br />(For those who see it, I lost all faith during the egg-singing scene, late on. You'll know which scene I mean because it sticks out like a sore thumb, as some sort of gimmicky attempt at the new cinematic language for which Korine has previously been hailed.)",negative
"So you think a talking parrot is not your cup of tea huh? Well, think again. Paulie is a wonderful film filled with touching moments.The characters are all lovable especially Paulie as he enters the lives of many people on his journey.It is journey worth experiencing. Don't miss it! It is available on home video.",positive
"Like in a circle the movie leads back to its point of departure, the image of the cranes that are crossing a Muscovite sky. They represent the freedom to realize your life as you wish, in order to aspire the greatest possible fulfilment.<br /><br />In the beginning Veronica and Boris experience such a promise of happiness, and their eyes follow the path of the cranes in exhilaration. It seems as if they might be able to live according to their dreams.<br /><br />But Man is not a bird. Life draws up its own rules, from which no human can escape and which we cannot change - not even by making a supreme effort. War breaks out, and without much hesitation Boris signs up for the front in order to fulfil his patriotic duty. He cannot even say good-bye to Veronica, for she arrives late at the assembly point from which the soldiers are sent away. Surrounded by a jubilant crowd all her attempts to attract Boris' attention must inevitably fail.<br /><br />Boris eventually gets killed in war, without Veronica learning about it for the moment. His brother Mark, a vigorous musician, who obtained the exemption from military service by corruption, is eager to take his place. Veronica initially resists, but in a frightful night of bombing she finally falls victim to his charms. A marriage takes place, which is never accepted by the family.<br /><br />Soon feelings of guilt seize hold of Veronica and she realizes that Boris' return is the one and only thing she actually longs for. She therefore eases her bad conscience and despair by the self-sacrificing work in a field hospital.<br /><br />When war finally is over, once again a crowd of enthusiastic people gathers in order to cheer the victorious soldiers. Again Veronica is among them, forcing her way through a wall of bodies. In her hand she is carrying a bunch of flowers, until she finally has to give it away to complete strangers, for one of the homecomers has just dashed her hopes by confirming the sad certainty of Boris' death.<br /><br />Once again the cranes invade the sky, drawing their wayward lines. But now Veronica is watching them on her own, and the look in her eyes is a different one. She has had to accept the impossibility to live according to preconceived plans, to follow the guidelines of your dreams. For all humans are nothing but helpless puppets hanging on the inscrutable strings of fate.<br /><br />",positive
"This piece of crap might have been acclaimed 60 years ago, but it is one of the most racist movies ever made with the Native American Indians played by white men. The right-wing Republican James Stewart was a huge racist in real life, just like his close friend John Wayne. In 1971 Stewart had actor Hal Williams fired from ""The Jimmy Stewart Show"" (a short-lived series that mercifully flopped) just because Williams was black. As if that were not bad enough, this film is very dated and boring. Watch ""Dances with Wolves"" instead for a less racist view.<br /><br />Stewart was in his forties when this awful movie was made, and even with his ridiculous wig he still looked like a paedophile chasing after 16-year-old Debra Paget. I'm surprised it was even allowed.<br /><br />0/10.",negative
"Tom is listening to one of those old-time radio broadcasts, something kids from the 1950s to today would watch on TV. However, they didn't television when this cartoon was made so people got their entertainment - from comedies to music to scary stories - from the radio. <br /><br />Tom is literally shaking in his boots listening to some story about the ""phantom."" He's actually literally doing everything the narrator is saying, such as ""hair standing on end, icy chills race down her spine, her heart beats in her throat,"" etc. Jerry, meanwhile, is watching Tom and laughing his butt off at his scaredy- cat antics.<br /><br />We then get a taste of what we will see for many years after this 194- cartoon in which Jerry tortures Tom for no reason other than sadistic pleasure. If the cat asks for trouble, that's one thing, but when he's minding own business and Jerry is physically (and in this case, mentally) abusing him, I have a hard time rooting for the ""little guy.""<br /><br />These early T&M efforts also were a minute longer than all that followed. Sometimes that one minute makes a difference. It did here as this actually dragged for awhile. It could have been cut to five minutes without missing anything because the sketches went on too long. That's usual for Tom and Jerry's. Usually, they are much faster-paced.",negative
"This movie is really nothing besides an admittedly well-crafted series of tense sequences punctuated with an inevitable ""gotcha!"" at the end of each. Really, there is no character development and no real plot to speak of. There are only the most skeletal of motivations for the characters to do anything while they trudge forward to their unavoidable dooms. It's all just an excuse to show a creepy ghost kid (who seems to have gotten some of the family cat mixed up in his ectoplasm) and his ghost mom (with long black hair hanging in her face kind of like ""The Ring"") take down a bunch of cardboard cut-out, two-dimensional excuses for human characters.<br /><br />This English-language version of ""The Grudge"" is the equivalent of cinematic junk food; satisfying momentarily, but not really what you ought to be living on.<br /><br />Not recommended.",negative
"Apartmente'L is one of the most interesting movies that I have ever seen. I experienced extreme frustration while watching this movie as I was gunning for the two leads to reunite. That never happened in the end which disappointed me to no end. But the ending lends an even more cynical touch to a generally cynical movie. It is not a movie which people are likely to rewatch but one watch itself will have a deep impact on people. As of now I haven't rewatched the movie and I don't think I will.<br /><br />The story follows the experiences of a man, Max, who is engaged to be married to Muriel. He remembers his old girlfriend Lisa(he considers this the love of his life) as he listens, by accident, to Lisa talking on the telephone. Thus he tries to find Lisa. Here starts his extremely frustrating search for Lisa. There are many layers to this movie. There are undercurrents of jealousy, vouyeurism and so on. There is also another character called Alice who is involved in the whole confusion. The movie then moves through a whole range of twists and finally leads to an ending which could be interpreted in many ways. It is fascinating how this movie has only four main characters but the clever writing makes it interesting and unique. What I love about the fact is that a movie about obsession, jealousy is done in such a light hearted manner. It has a very fast pace which is probably the reason why it can appeal to a large audience. The main character, Max, has shades of grey and I felt the ending was perfect. I don't think he is supposed to be a clean character considering the fact he is searching for his long lost love while he is engaged and he also has a fling with Alice.<br /><br />The character of Alice is even worse. Her manipulation and her compulsive lying can really irritate viewers(that is the point, I guess). The scene where she breaks down in front of Lucien really shows another facet of her character. It shows a side of her that wants to be accepted and that she is tired of all the lying and the games and she wants to lead a normal life. In the end, she understands that she needs to get away from it all. The ending lends a cynical touch. Because it seems as if Max's love for Alice is temporary and fake. It is as if to say that love in general is a temporary emotion and it is better to choose the safe option(i.e Muriel) than to pursue something that is so fleeting(i.e Lisa or Alice). In many ways this is not really a romantic movie but a satire about romance(in a way).<br /><br />The performances deserve high praise. Vincent Cassel as Max gives a great performance. He perfectly portrays the confusion of a man who is not really sure about his engagement. His geeky looks are an added advantage as it fits the character perfectly. But the real star of the movie is Romane Bohringer as Alice. Her nuanced portrayal of a woman who is jealous of Alice and is in love with Max. The scene where she screams ""I am a nutcase too"" really shows her desperation and her yearning to live a normal life with a man who loves her.<br /><br />Btw I also thought lesbianism is another interpretation that can be drawn from this movie. Alice's actions can be explained in many ways. And her unreasonable obsession with Lisa may also be explained as a manifestation of a lesbian desire. It may be far-fetched considering she encourages Lisa to forgive her current boyfriend. But I got the feeling that she was a lesbian for a long time. She also avoids questions from Lisa regarding a boyfriend. She spends a whole lot of time with Lisa and she is happy during that time. That may lead many to question her sexual orientation.<br /><br />Overall I would give it a 9/10. I think it deserves it but I subtracted one because of the rewatchability factor. I think it is a perfect movie otherwise.",positive
"Why, o' WHY! ...did I pick this one up? Well... i needed a no-brainer in the summer heat, and the cover looked cool.<br /><br />Of course I should've known better. This is a really, really bad movie. And it gets embarasing when the makers know it's bad, and try cover it up by adding some sexy/beautiful women, and some sex-scenes to it. Well, folks... it does'nt cut it, does it!<br /><br />If you WOULD like a cool movie about a big reptile that is actually very, very good, well-played and funny: go rent Lake Placid! (that is an order)",negative
"In this unlikely love triangle, set in 19th century Italy, `The Beauty and the Beast' is being turned upside down and inside out and then some: Giorgio, an army officer and the very image of male beauty, is being transferred away form his (married) lover Clara and sent to a small garrison somewhere in Piemont. There - initially much to his horror  Fosca, the grotesquely ugly cousin of his commander, develops an obsessive love for him. He suffers her passionate and demanding displays of affection out of pity and concern for her health (she is gravely ill), but becomes more and more fascinated by her  until the dramatic finale<br /><br />Do not miss this most unusual love story, as twisted as it may sound. Valeria d'Obici, who deservedly won a price for her portrayal of Fosca, is as alarming as she is touching. Buy the video, read the book, go see the musical!",positive
"Black Candles is rather a muddled mess from the same director that brought us ""Vampyres"" and much later, ""Rest in Pieces"", among others..I'm only noting the ones I've seen. At any rate, we have a couple making love and then somewhere near by a pin is poised over a voodoo doll and then pierces it, and the man keels over. Not sure if it was good for either of them, at that point. Fast forward to where the man's sister has come to the house to investigate and hear the reading of the will, or something to that effect, and of course everybody else except her is in on something, which happens to be devil worship. It's really hard to say who is who at moments during the movie and it does get a bit confusing at times. To spice things up though, there's a simulated bestiality scene (I HOPE it's simulated) with a black goat, sure to be a crowd pleaser. Ugh. At times this echoes ""Rosemary's Baby"", minus the baby, because the hostess is always giving one woman herbal tea and the place reeks of whatever nasty Satanic herbs these are too, because that keeps getting remarked upon. However, the herbs aren't the only thing that reeks about this film. The end seems to be back to the beginning again, and many viewers might find themselves wondering where they've been during the middle part. It's not unwatchable, it's just not very good, and I guess it all depends on what you like to see in films, and there wasn't much here that did anything much for me. 3 out of 10.",negative
"When I was a kid, I remember watching this while visiting a friend of our ""Uncle"" Phil. We're Back! A Dinosaur's Story is a silly cartoon about a dinosaur called Rex (voiced by the wonderful John Goodman). He tells a little boy dinosaur the story about how the dinosaurs came back to Earth to live. He explains that he was part of the thing that brought them back, along with some friends. The Doctor/Professor villain of this film I think might have been responsible for them being them back, but I don't care about him. The kids might like this, but personally it is just too cheesy. John Goodman was probably the only decent thing. Poor!",negative
"I've always been enthusiastic about period dramas, an art form in which the BBC has excelled in the past. This presentation of ""Byron"" was unbelievable. Unbelievably bad! The script was dreadful, the acting uninspired, and all the characters woefully insipid. Apparently Byron was ""mad bad and dangerous to know"", and set the ladies hearts all-a-flutter. Not in this production. Here he appeared as a tawdry jumped-up little squirt instead of a fiery hero of womenfolk and the Greek struggle for independence. It is said that Byron walked with a limp. This portrayal of the man was just limp all over.<br /><br />I watched the whole two and a half hours waiting for something to spark into life. Not a splutter, not even a glimmer. It was utter tedium, if not downright boredom, from start to finish.<br /><br />Having the opinion that no-one will ever better the Bard of Avon, I also believe that Byron's poetry is over-revered and to my mind should be flung on the back burner, and this dramatisation of his life should be accorded the same treatment.<br /><br />I think the BBC lost its nous with this one",negative
"or: It's a bird ? It's a plane ? No, look... It's a disaster ! or: No need to look up in the sky.<br /><br />or: (... OK, that's enough.) If singer tried to make a romantic titanic like movie to crash the box office record, he failed. The SR structure can't do this, the dark and restricted color scheme (I would call it ""wishi-washi""), the boring usual dialogs, the clown with advanced alien technology, the missing fun and magic, etc. makes the movie completely disappointing.<br /><br />It simply doesn't work.<br /><br />The main thing at a character like superman is, that he is a superhero. That's the core, the most important thing.<br /><br />Love trouble and a sadly lost depressive Supersoftie can maximal only be a facet in a 2:40 long Superman movie, not the whole time.<br /><br />Because then it is not a superman or superhero movie anymore. It's like a (and in this case a very bad and boring) social study, where every 30 minutes a person flies around.<br /><br />That's a big difference.<br /><br />This movie is a joke. Holy skywalker, this is Superman, so give us Supervillains, Superaction and the most important thing, Superfun.<br /><br />We want ENTERTAINMENT ! Singer, if you want to make a 2:40 long soul love trouble drama about lost and sadly people ? Then take normal human characters and make a yentl remake.<br /><br />They say: Superman returns. And then, supersadlysoftie stands in the door.<br /><br />Maybe singer has tried to kill the legend without kryptonite, but one bad movie can't do this. Don't give up, they plan a sequel...<br /><br />Next time singer (and Warner Brothers), make a superhero movie, not a depressive superlame soap, or let it be. A superhero movie means a colorful fantasy with a lot of fun and magic.<br /><br />This movie is like a very cheap chocolate box with a super cover. Yes, technically there are all sorts in, yes, there is a lot of small talks, there are a few jokes, a view action scenes, etc, but the only one what all these worse pieces have in common is their poor quality.<br /><br />It's not more than a super boring patchwork and one of the worst movies I have ever seen in my live.<br /><br />The ridiculous cast strategy (Cast them young as possible, so we can make sequels in the next 25 years) gives the rest. Kate Bosworth plays a 22 year old star reporter, she's looking like 19. Superman was full five years away, so he slept with her 6 years ago, so she was 16, (looking like 13) and a daily planet reporter, wroting ""I spend a night with superman"". Warner Brothers, that's too much.<br /><br />Routh is not so bad, he is playing a little bit wooden, but the whole movie is wooden, so... ?! Temporary good were marsden and sometimes posey. The rest, forget it. Even spacey, this is not his terrain.<br /><br />Reeve/Hackman/Kidder were acting so easy, with fun. What a difference.<br /><br />The Jesus poses at the end are ridiculous too. What the hell should that be ? The problem here is, they mean this serious, not as a joke. Next time Spiderman or Batman or Ironman falls and rises like Jesus or angels ? Or they speak with god directly. Why not ? They are superheroes, saving human lives every day. So at least one talk with god every week should be possible... Oh my god.<br /><br />Maybe this was not the real announced movie, instead it is from a bizarre dull parallel universe.<br /><br />For the warner brothers this superlame depressive flick will be possibly the greatest disaster in history. Not only because of the money.<br /><br />I understand how difficult it (maybe) was to create and transport some messages or feelings, but showing lone, lost and sadly people isn't new and thousands of movies or TV-Shows did it better, in very old or new ones like magnolia. And the flying frogs there were more impressive than this flying superwoman, sorry, superman of course.<br /><br />Singer and WB, that's simply nothing. In fact it's even more than nothing, it's like a black hole that destroys the passion for (comic/superhero) movies and steals us three hours of our life.<br /><br />Mrs. Smilla's little brother. (Very angry and green like the hulk.)",negative
"I'm sure that any legitimate submariner would happily ship out on the USOS Seaview (yes, SOS...) Why, you could play full-court basketball in the torpedo room, it's so large. And how 'bout the bay windows in the bow, the better to see giant squids or minefields that appear out of nowhere? Did I mention the colorful mess-cook with the parrot on his shoulder? And the Admiral's stateroom with what appears to be a loft? Big bleeping sub...<br /><br />OK, OK...it's never gonna win any prizes for authenticity. And if the sub is laughable, the plot is even worse. Somehow the Van Allen belts of radiation, hundreds of miles in space, have ""caught fire"" are going to make global warming look like a weenie roast. Pompous Admiral Nelson (Walter Pidgeon), along with his sidekick Lucius (Peter Lorre, looking suitably uncomfortable) hatch a scheme to put out the fire by firing a missile into its midst.<br /><br />There's plenty of intrigue (sic) along the way, with a born-again survivor (and his little dog, too!) two ""dames"" who can never leave well enough alone, a passel of ""red shirts"" who are expendable, and plot holes big enough for Godzilla to walk through. Thrill to the Seaview being chased at what looks like 60 miles per hour by another sub -- no need for advanced sonar when you can follow from 100 feet astern.<br /><br />The movie careens from one cliff-hanger to another; the payoff is so anticlimactic as to be pointless, certainly not worth the 1 hour and 50 minute wait.<br /><br />The technical adviser for this shipwreck must have been a 14-year old boy with a stack of Popular Mechanics magazines. Worth watching, if only to riff upon.",negative
"This dumb comedy really does a good job of wasting comedic talent. In particular, Dan Aykroyd and Howard Hesseman are misused badly here. I might have chuckled once or twice during this film, but in general, it's a boring movie, with a little bit of stupidity thrown in for good measure. The premise, although routine, still wasn't bad, but once the plot was set, the film went nowhere. Don't waste your time with this misfire.",negative
"I was fortunate enough to see The Last Stop here where I live at the Moving Pictures Film Festival (for those of you that don't know, the Moving Pictures Film Festival is a tour of Canadian made film in Canada). I was told just before the movie started that it was the world premiere and that it was on the verge of getting an American distribution deal which added to my excitement.<br /><br />I'm a big horror movie fan, and yes, I love the Scream trilogy as well. So when I found out that Rose McGowan was doing a Ten Little Indians type of movie I knew that I was in for a treat. Rose McGowan was the biggest name actor/actress at the entire festival.<br /><br />The best way I can describe it without giving away too much of the plot is that it's not quite like Scream. And it certainly is worth seeing. It's set in the middle of a snowstorm (it was filmed in Vancouver, B.C., Canada) at a mountaintop motel, which adds to the suspense. Rose McGowan puts in a great performance as the-girl-next-door(?!) along with the rest of the cast. And as for what happens at the end, well, the only thing I'll say is that you'll never guess the ending.<br /><br />Sadly, it probably won't make it into mainstream North American theatres because the only decent money maker in it is Rose McGowan. But if you get the chance to see it I would recommend you do. And if worse comes to worst, there's always video.<br /><br />I gave it a 9 out of 10.",positive
"Whatever rating I give BOOM is only because of the superb location photography of Sardinia and Rome. Otherwise, this is only for hardcore addicts of ELIZABETH TAYLOR (her downward phase), and RICHARD BURTON (his miscasting phase). Tennessee Williams wrote ""The Milk Train Doesn't Stop Here Anymore"" and is supposed to be very fond of this adaptation of his play--but apparently, he was the only one. Taylor reportedly hated it and Burton needed the money.<br /><br />Whatever, it amounts to a hill of beans with Taylor posturing and fuming in her shrill manner, exploding at the servants and exchanging bad baby-talk with no less than NOEL COWARD who seems to be a visitor from another film when he finally appears.<br /><br />It's so campy that among Taylor fans it's probably considered a ""must see"" kind of thing. But if you can sit through this one without a drink in your hand, you're way ahead of me. Sadly, this is the film that signified the end of Taylor being taken seriously as a film actress, even after winning two Oscars. For Burton, it was equally disastrous and the critics called it a BOMB. Judge for yourself if you dare.",negative
"""In Love and War"" is a simple feel-good TV-film, and should be viewed as such.<br /><br />(Possible spoiler)<br /><br />It is the story of a WWII British soldier, Newby, captured with his commando by the Italians and imprisoned in a former orphanage. As the Italians surrender to the Allies, the commando is freed, and attempts to flee. However, the Germans arrive and the commando is captured again. Only Newby, injured, remains at large. The rest of the film recounts how he is hidden and protected by the Partisans, and his survival.<br /><br />(End of spoiler)<br /><br />Based on a true story, ""In Love and War"" is a refreshingly straightforward film. Half comedy, half romance, the story is simple and unambiguous. The 'atmosfera' is warm and sunny, and the various stereotypes (the desperately unorganized or romantic Italians, the serious stern-looking Germans and the phlegmatic and pragmatic British), although unoriginal, are still humorous. Nicola Piovani's musical score also adds to the Mediterranean flavour.<br /><br />Although it is far from being a ""Tea With Mussolini"" or a ""La Vita E Bella"", ""In Love and War"" is a sweet simple film that will put a smile, and maybe even a little tan, on your face.",positive
"Early 80's creature feature concerns a long abandoned gold mine that some intrepid miners are determined to check out. Naturally, they find no gold down there but one very hungry monster that slithers along in search of prey.<br /><br />While I have to be honest and admit I found it dull at first (I personally prefer the thematically similar ""The Boogens""), it actually grew on me as it went along. Now, the characters aren't too interesting nor the actors either. The closest to an interesting character is Morgan, played by Keith Hurt. In any event, female lead Terri Berland is quite good looking and Rolf Theison makes his domineering jerk an easy person to hate. The writer played by effects man Mark Sawicki wears thin quickly.<br /><br />It begins in a comfortably predictable enough way, with a nighttime set piece in which two victims are claimed to get things off to an acceptable start. The monster itself is intriguing for its design (as you can imagine, it gets revealed a bit at a time until late in the game) and for being the product of stop motion animation when this process was no longer used very much. Director Melanie Anne Phillips (directing under the pseudonym of David Michael Hillman) and crew deserve some credit for their creation of atmosphere. They manage to make the film look quite claustrophobic and gloomy, and their use of lighting works well. The film does build in intensity towards a pretty good ending. Suffice it to say, they do the best they can on their low budget.<br /><br />An obscure little item worth looking into for die-hard horror buffs.<br /><br />7/10",positive
"Stealing is a crime, and these guys, Kenny Yakkel and Corbin Bernsen look like their going to get away with it. I haven't even seen this film, but not only do i know it sucks, but the fact that it steals the story of another film, or 2 films for that matter, is such bull crap (and if IMDb would allow profanity much more than just bull crap) that I become filled with rage and feel as though I should just throw myself out the window and just end it all. O.k that's a little much but stealing is worse.<br /><br />Ever seen Pontypool? It was this awesome little zombie film made in 2008, this radio host goes into work, and then this zombie attack happens. We only see what's going on inside the radio station, and the only guess we have on what's happening on the outside are the occasional calls from their eye in the sky Ken Loney (easily the funniest moment in the film in my mind) and the BBC calling in for an update on the situation. From all the reviews I've read, and from the conversation I had with my friend (who has seen this film and Pontypool) this film was exactly like it in the story, with minor tweaks here and there. So throw originality and creativity out the window. As for the Zombies, or the infected, whatever you want to call them. They are the exact same thing, just because they got infected does not change the fact that they walk around mindlessly, and have a never ending quench for flesh. They are Zombies. ZOMBIES!!<br /><br />ZOMBIES!!! Okay one to many, but back to this crappy movie. The Zombies from what I've heard are a lot like the ones in 28 Days Later, another better movie, with their insane rage and even more insane quench of flesh. This is where Zombie movies define themselves, story does not matter in a zombie movie (as long as your not taking the idea of another film). Sure a zombie movie can be enhanced by the story, as is the case with Pontypool, but the zombies have to be, in a way, original. 28 Days Later started the insane raging Zombie. Pontypool I can't even begin to explain those guys without ruining the film. The Evil Dead, I think all i have to do is just type the name again because, come on it's The Evil Dead. Romero is the master, and he went through all different types of zombies, from the painted face zombies in Dawn of the Dead to raging zombies in Diary of the Dead, and he did each one with his own unique style.<br /><br />So, after talking about other great zombie movies, I think it's about time I explain why I hate this movie without even seeing it. This movie down right steals the original story outline to Pontypool which i think is called plagiarism and is illegal in this country and many people get kicked out of school for doing this very thing, yet in Hollywood it's allowed, and apparently approved of. This is not the only film that takes the outline of another movie, and just tries to tell it differently. The 90's is like the worst period for movies ever, sure it had some gems but what decade doesn't, and it's because all the movies were the exact same. My favorite, the crime movie with a twist so big that you'll never guess it till the very end. They force feed you one suspect, make it seem impossible that it's not anybody else but him, then, bam, all this time it was this guy, you just had to look at the scenes where he wasn't there and then when he would mysteriously show up out of the blue, say ""hey guys, what did i miss?"" OH! DIDN'T SEE THAT COMING DID YA! Well, I'll leave a cliché as my closing statement. This is one film you'll surely want to miss.",negative
"No movies have grabbed my attention like this one has. You see, I have wanted to watch this movie again for over twenty-five years. The one and only time I saw it was as a teen-ager which may have been the year it was released, 1977.<br /><br />What I do remember of the movie is that it touched those deep-held emotions so profoundly that there is still an overwhelming desire to watch it again. The intrigue this movie provides by the human element of father/son seeking and searching is sure to touch every human soul who watches it. Why this movie has not been brought out of storage and shown as often as many other movies of lesser depth, I do not know.<br /><br />Postscript: Received copy of movie and after watching it again was delighted to see that my memory held true. Rating reflects movie content. Would like to watch this movie on DVD as seeing this 1977 production on a used VHS tape took away from the overall quality.",positive
"Where to start? Some guy has some Indian pot that he's cleaning, and suddenly Skeletor attacks. He hits a woman in the neck with an axe, she falls down, but then gets up and is apparently uninjured. She runs into the woods, and it turns out there's the basement of a shopping center out there in the woods. She meets a utility worker and Skeletor attacks again. Luckily, like any good utility worker, he's got a gun and shoots at the guy. Doesn't work, everything starts on fire.<br /><br />Cut to some people walking through the woods. Even though they've been hiking together for some time, they sit down and introduce themselves to each other. Wouldn't they have probably done that when they first met? Anyhow, they're ""undercover"" Delta team members (undercover, I suppose, because that way they don't have to pay to dress them in uniforms). The cute girls are various things such as a sniper school instructor and, oh, I can't remember the rest. It doesn't matter. Eventually they all take their guns out and immediately start aiming them at various things. ? Anyhow, they meet an old Indian who is sitting out in the woods. He wants beans. You know, like pork and beans? He mumbles some stuff, I can only assume that it's the premise of the movie. I relied on having heard the premise from the commercials, because you can't really understand anything he says.<br /><br />So, they walk around the woods some more. All the dialogue is a load of quasi-military, macho BS. I mean all of it, as in every single word. Like ""This reminds me of when we were in Kabul"" or ""This reminds me of when we were in Laos"". Skeletor attacks again. Let me give you a rundown of a basic attack. One of the female characters is crouched behind a tree and she aims her gun at the approaching guy on the horse. For some reason, she doesn't fire but yells several times for someone else. Then as Skeletor approaches, she jumps out from behind the tree so that Skeletor can stick her with his spear. Then everybody starts shooting. The bullets cause sparks to fly from the trees. Apparently the folks who made this movie never shot a tree with a bullet. They don't make sparks.<br /><br />Then Casper Van Diem is all of a sudden driving a semi-truck, trying to run over Skeletor. He misses, and the truck slides to a stop. Van Diem is injured, apparently he slid across the seat and bumped his hip on the window crank or something, so he crawls out of the truck and it explodes. Later he's in the woods dying and everybody says a bunch of quasi-military, macho BS. They meet a couple guys in the woods and blow their ""undercover"" status by immediately identifying themselves as being from the Army. They beat on the guys for some reason, then they go away.<br /><br />Some other stuff happens, people mumble, the camera shakes, etc.<br /><br />I think it comes to an end eventually.<br /><br />My theory is that the Sci-Fi Channel is getting a little annoyed with everyone bashing their movies, so they put this out to remind us all how bad movies can really be. Like, you think our movies are bad? Well, you haven't seen bad. HERE'S BAD!!! Okay, now that we've got that out of the way, the rest of our movies are pretty good in comparison, right?<br /><br />Well, it's just a theory.",negative
"""Deliverance"" is one of the best exploitation films to come out of that wonderful 1970's decade from whence so many other exploitation films came.<br /><br />A group of friends sets out on a canoe trip down a river in the south and they become victimized by a bunch of toothless hillbillies who pretty much try to ruin their lives. It's awesome.<br /><br />We are treated to anal rape, vicious beatings, bow and arrow killings, shootings, broken bones, etc... A lot like 1974's ""Texas Chainsaw Massacre,"" to say that ""Deliverance"" is believable would be immature. This would never and could never happen, even in the dark ages of 1972.<br /><br />""Deliverance"" is a very entertaining ride and packed full of action. It is one in a huge pile of exploitation films to come from the early 70's and it (arguably) sits on top of that pile with it's great acting, superb cinematography and excellent writing.<br /><br />8 out of 10, kids.",positive
"I loved this show. I used to actually leave the pub ten minutes before closing and run down the road to catch it. I remember Daniel Peacock's sketch about Gandhi in the newsagents as a masterpiece. The set design and lighting were out of this world, creating an atmosphere that you felt you were actually living in. V unusual for a comedy.<br /><br />Unfortunately I have only encountered one other person (apart from the other reviewer here) who ever knew that this programme existed. In fact I have to thank the IMDb for coming into existence and proving to me that I hadn't in fact imagined the whole series in a drunken haze, which I was seriously starting to believe!",positive
"I'm working my way through the Horror Classics 50 Movie Pack Collection and THE MAD MONSTER is one of the movies in the set.<br /><br />I am sure that George Zucco was a good actor; but, this was only the second film in which I saw him, the first being DEAD MEN WALK, in which he played two parts. However, even good acting couldn't save THE MAD MONSTER.<br /><br />Zucco plays a mad scientist, Dr. Cameron (who was banned from academia because of his unethical and inhumane experiments). He believes that he can control evolution by bringing out the characteristics of one animal into another.<br /><br />In this case, like so many others of its ilk, it is a transfusion of (I assume) wolf's blood into humans. His goal is to create an invincible army, which he can control through the antidote. The subject of his experiments is his hired hand, a retarded gardener, whose dialogue slows down this snail-paced classic to almost a full-stop. <br /><br />Beyond his experiments, Dr. Cameron also plots revenge on those who discredited him, using his transformed gardener. However, he loses control of his subject, who begins to transform without the transfusion -- yikes! <br /><br />The werewolf transformations are classic Hollywood stop-action / makeup effects. No doubt these were groundbreaking techniques of the time; but, in today's digital age it's hard to imagine audiences being scared by this.",negative
"I'll never understand why when a studio like Universal buys a musical it then butchers it when bringing it to screen. My first thought when seeing Ava Gardner and Robert Walker were starring I would be seeing something from MGM which did musicals best at that time. Boy was I wrong and disappointed.<br /><br />One Touch Of Venus which starred Mary Martin, Kenny Baker, and John Boles on Broadway ran for 567 performances in the 1943-1945 season and Gardner, Walker, and Tom Conway play the roles that Martin, Baker, and Boles did on stage. The Kurt Weill-Ogden Nash musical with book by Nash and S.J. Perelman was a comeback vehicle for Mary Martin who reestablished herself as the Queen of Broadway after a disappointing venture in Hollywood. <br /><br />Look at the names that went into this show. Given who was responsible for the book I expected to see some sparkling wit in this production. Instead I got a rather pedestrian screenplay, it was like all the wit was drained out of it. Doing her best to make up for it is Eve Arden playing her usual girl Friday role with Tom Conway, but it's even too much for Eve.<br /><br />The story concerns department store window dresser Robert Walker who kisses a very valuable statue of Venus who springs to life in the person of Ava Gardner. Of course when the statue goes missing, Conway yells for the law and is suspicious of Walker, the last person to be with the statue. <br /><br />The rest of the film is Walker dealing with Gardner and what will happen to both of them. For reasons I don't understand, Ava was of course dubbed by Eileen Wilson and Walker sings only a couple of lines. The singing is carried by Dick Haymes and Olga San Juan playing Walker's friends and coworkers. Of course on Broadway the songs were done by singers Mary Martin and Kenny Baker. You would kind of think that Haymes would be playing Walker's role at least. It was awkward to say the least.<br /><br />Only three songs survived from the score, Don't Look Now, But My Heart Is Showing, That's Him, and the incomparable Speak Low. Haymes's silken baritone is shown to best advantage in Speak Low which was sung as a duet by Martin and Baker on Broadway. For some reason the lyrics of one of the greatest men of verse of the last century, Ogden Nash, were done over by Ann Ronnell. I suspect the infamous Code was at work here.<br /><br />In Lee Server's biography of Ava Gardner he makes mention of a brief fling Ava had with Robert Walker when she had had a spat with her current man, Howard Duff. When Duff and Gardner reunited, Walker took it badly and didn't speak at all to Gardner off camera. I'm sure the fact that both of them were not in their best work didn't help matters either.<br /><br />Hopefully some repertoire company will do One Touch Of Venus and you'll get to see it the way, Weill, Nash, and Perelman wrote it.",negative
"I have this movie on a collection of inexpensive B-movies. It's not restored, in fact, the audio was difficult to discern for the first few minutes.<br /><br />At first, it seemed like a typical haunted house film, and feels very much like the forerunner of Clue, Murder by Death, House on Haunted Hill, etc.<br /><br />About a half hour into the film, the storyline takes a really interesting twist--and it goes from being a cliché melodrama to something entirely different, and far more entertaining than I had initially thought.<br /><br />Check it out, it's a great deal of fun, even if the long clips and wider shots (and near lack of music score) make it feel a bit creaky by today's standards.",positive
"The 60´s is a well balanced mini series between historical facts and a good plot. In four deliveries, we follow a north American family, with 3 members. But we don't only see them. We also follow the story of several characters as a black reverend, an extremist student leader, and a soldier in Vietnam. The filmography is just extraordinary. In the first chapters, we see some shots of the Vietnam war, in between the scenes. The next chapter, doesn't start where the last one finished, it starts some time after, giving us a little mystery on what happened. In general, The 60´s mini series, is a must see, not only for hippies fanatics, but for everyone with little curiosity about the topic.",positive
"I got a chance to talk with the co-creator, Rebecca Cammisa at the 2002 High Falls Film Festival in Rochester, NY. She said that her style is to be completely open and uninhibited in filmmaking but was very happy to be so severely constrained in the tight quarters of the group home. The narrow hallways and small rooms were expertly shot with a realism that would have been lost with more controlled and deliberate camera work.<br /><br />Sister Helen herself is a remarkable character, coming from tragedy in her own life to being an unusual combination of caring, tough, and street smart. The way the film introduces us to her past is excellent, spending only a few carefully selected minutes sprinkled throughout.<br /><br />In all, I can't begin to correctly heap on praise for this film. It really is a treasure of cinema and the subject a treasure of humanity.",positive
"While this movie did have a few scary moments (great use of music and film angles to build suspense), it's obvious director Ethan Wiley and scriptwriter Ellary Eddy didn't waste any time researching their subject matter; which also makes me question their claim that the exorcism scenes were overseen by a genuine Catholic bishop.<br /><br />Amongst the many inconsistencies: <br /><br />* Jacob the Roman Catholic priest, when we first meet him outside the church, is wearing an academic robe over his clericals rather than the typical alb, chasuble or surplice. Academic robes are commonly worn by Protestant ministers in liturgical denominations, not Roman Catholic priests. <br /><br />* Jacob the priest quotes some obscure and disturbing scripture about the angels taking up weapons. He attributes it to St. Paul. This verse is not from St. Paul's writings, neither is it in the Bible. I can't even find it in the Gnostic scriptures. <br /><br />* Jacob tells his bishop he doesn't believe in demon possession and turns down the request to study exorcism but does a complete 180 (later that same day?) within minutes of talking to possessed Isabelle. Sure, it's possible; but a little unrealistic. See Father Damien as a priest/psychologist in the original THE EXORCIST for a bit more realistic portrayal of a skeptic-turned-believer. <br /><br />* Miguel, the former priest turned farmhand, is the first to try an exorcism on Isabelle. He quotes scripture, and she quotes back. He says ""I see you know Psalm 65"" - she corrects him ""that's Psalm 67"" - they're both wrong. <br /><br />* Miguel, the former priest who just got done performing an exorcism - making the sign of the cross, calling on the name of Christ, applying holy water, etc. - tells Jacob he doesn't believe in church and he doesn't believe in God. (Maybe he's just conflicted?) Jacob enlists him to put on home-made vestments and have another go at it anyway. <br /><br />* Miguel, the former ROMAN CATHOLIC priest, crosses himself backwards (or Eastern Orthodox-style). As an Hispanic Roman Catholic who USED to be a priest, he should've crossed himself forehead to sternum, left-side to right side of chest.<br /><br />I had to read into the little side stories to get the notion Satan was messing with the whole family, not just Isabelle; but even in the end it was hard to say for sure if anyone was really guilty of the images in their heads or if it was all demonic trickery (except for the sheriff - it's pretty clear he was guilty).<br /><br />On the positive side: Isabelle was CREEPY - in my opinion she was the best part of the whole movie and I liked the plot twist with Claire.<br /><br />I'm just not sure if the movie was meant to be serious or a spoof.<br /><br />Listening to the running commentary with Cameron Daddo and Ethan Wiley, I'm inclined to believe it was a joke.",negative
"First of all, no one with any law enforcement experience (Not ER or EMT, but real law enforcement) takes this show seriously. Walker would be drummed out of any police force in the US for his illegal and totally unprofessional tactics. On top of that, he is a comic book character---no acting ability, incredibly trite lines, no character development. The fact that Alex Cahill loves him shows just how dumb blondes really are. And Trivett is the ultimate clown in black-face. Come on---if you think Walker is a heartfelt show without bias, then explain why JT is treated as a dolt, always is the subject of Walker's jokes, never is allowed to be the one to solve the crime, and never rescues Walker, who should be dead 50 times over for the stupid things he does. While it may be true that many criminals are even dumber than the detectives who go after them (and believe me, most cops are dumber than dirt), the smart ones Walker comes up against never seem to get the point that once Walker is captured, the jerk needs to be put of his misery. But then again, Norris produced the show as well as starred in it, so how could he willingly get rid of himself or even show how stupid his tactics are. As if six guys are going to wait around to take him one at a time. What a terrible series! It is more demeaning than any of the hokey westerns like The Lone Ranger, Roy Rogers, The Cisco Kid, and Wild Bill Hickock, though I would imagine that most of you on here are far too young to remember those shows. But like those shows, in the same way as those shows, Walker TR is just as insulting and just plain silly.",negative
"Along with Fernando Fragata, João Mário Grilo, Abi Feijó, Leonel Vieira, étc...(other commercial directors), Diamantino Costa is one of the best Portuguese Directors; ""O Lampião da Estrela"" was his (Diamantino Costa) First movie, before he made several successful commercials. This title is starred by one of the best Portuguese comedians of all times, Herman José and José Pedro Gomes are great. Its a very funny movie!! (28/07/2000)<br /><br />BOA SORTE DIAMANTINO...",positive
"I read a couple of good reviews on this board for ""Mr. Scarface"", but for anyone uninitiated in the genre of Italian gangster films like myself, the picture will probably make very little sense. Indeed, after the initial setup involving the ten million lira scam, the picture devolved into a fairly routine revenge flick with a minor twist in the identity of Rick's (Al Cliver) character. The whole gang war plot got muddied up for me with the inclusion of Vinchenzo Napoli (Vittorio Caprioli), but as most other viewers commented, he's about the only one who gave this picture any life with his often ineffective attempts at violence. I found it somewhat unbelievable that Manzari's goons who chased Tony through the streets didn't actually stroke out before Tony even laid a hand on them. For all of his buildup as the title character, Jack Palance was wasted rather unceremoniously in an anticlimactic near finale, making the U.S. working title, ""Mr. Scarface"", rather moot. I've seen enough spaghetti Westerns to know that they don't all work; I guess in this case, my first look at a spaghetti gangster flick didn't quite make it either.",negative
The old man mouse in this cartoon would have you believe that all men are created equally EVIL............so if we have to kill men in order to stop Hitler..........we are just as bad as Hitler was killing the Jews........ Well.....I don't buy it Mr. Mouse............but I guess it paints a pretty picture and makes a cute cartoon.......but it wasn't the reality then and it ain't reality now.,negative
"I grew up watching Inspector Gadget. It was, and still is, one of my favorite cartoons, if not my absolute favorite. I learned a lot of geography and history from the spin-off Inspector Gadget's Field Trip. I wanted to slip on a banana peel and become the greatest detective ever.<br /><br />But the film has ruined the reputation of the wonderful cartoon.<br /><br />Matthew Broderick, an actor with potential, was definitely NOT the role for Inspector Gadget. First thing- in the film, Inspector Gadget is smart. Not so in the cartoon. In the film, Gadget solves the mystery mostly by himself. In the cartoon, it was almost always Penny, Brain, and the awesome book (I still want her book!). If Gadget solved the mystery, it was by accident. Gadget in the film seems to be a competent detective, but in the cartoon was pretty dumb, which was where the humor came from.<br /><br />Another thing is that it's too much ""Good Guy v. Bad Guy"" in the film. It's not just meant to be a silly Saturday morning cartoon. Also, Gadget never should have a love story, but Disney Corporation is filled with idiots.<br /><br />Also I miss the true gadgets that Gadget had, and especially the Gadget car. In the movie it was a chic convertible. In the cartoon it was a sedan police car and could turn into a van. It also barely had any gadgets and was mainly there to get him from place to place.<br /><br />But if anything, the one thing that was terrible about the movie was that it was a feature movie. Inspector Gadget was a silly Saturday morning cartoon. The movie was too serious, too overdone, had too much of a plot and wasn't even remotely as funny.<br /><br />Tip for those who haven't seen it: NEVER see it. EVER. Watch the cartoon, it's a true classic.",negative
"What a master piece. To take the cold war conflict and transport it to the future. This film is satire of the highest order. In my humble opinion it outranks Dr. Strangelove.<br /><br />The clever naming of the two superpowers, as the Confederation and the Market. Cons being commies and Market, The west! outstanding. The Clever use of gen Joxs, was ahead of its time. only are we really seeing the dangers of genetic engineering. Robot joxs tackled the issue head on in 1989.<br /><br />The message of this film is about the comradeship of the humble man and how it can overcome the wishes of government. This movies screams DON'T DO IT YOU FOOLS YOU'LL KILL US ALL.<br /><br />EXCELLENT 10/10",positive
"Sometimes you ignore that little voice in your head that says ""stay away from this movie"". We should all pay more attention to that little voice. This may be the worst movie I've ever had the non-pleasure of sitting through, or it may be the best reason to remember that your DVD player has a fast-forward button. Made on a budget somewhere in the vicinity of $1.99, ""The Cavern"" is obviously a quick cheapie made to piggyback on the current bunch of scary cave-lots of darkness-claustrophobic spelunkers-unknown menace flicks like ""The Cave"" and ""The Descent"". A few years back there was similar rash of look-alike movies that used sea-going vessels instead of caves. All had scary boats/submarines-lots of darkness-claustrophobic adventurers-unknown menaces...same old same old. ""The Cavern"" is really ""The Blair Witch Project"" only this time we're lost under the earth and not lost on top of it. Throw in a flashlight with failing batteries, a cow skull with fangs glued on it for a monster, and one of the stupidest ""twist"" climaxes ever put on film. That being said, let me urge you to listen to me, the little voice in your head. I'm your friend. I want you to have a happy life. Stay away from this movie.",negative
"I loved this movie. To be very fair, the movie starts off very slowly, with none of the characters being terribly sympathetic. It continues in this way for a good half of the film.<br /><br />But, if you're patient, you'll be greatly rewarded. What the first half of the movie lacks in character development and/or sympathy is adequately compensated for in the second half. It's a bit like riding a roller coaster - a slow, uphill climb to strat off with, and then speed, twists and turns, and a few surprises.<br /><br />As usual, Meryl Streep is wonderful. She is the finest actress of our time. William Hurt is good, if a bit wooden in spots. Renee Zellweger does a very good job, showing that her performance in Jerry McGuire wasn't a fluke.",positive
"Blonde and Blonder has Pamela Anderson and Denise Richards in almost every scene and if you want more from a movie you're being utterly unreasonable. It feels like a late era Carry On, when the series was no longer blazing trails, but was still more funny than not, think Behind or England and you won't be too far off the mark. Pamela and Denise are bubbly, charming and clearly aware this isn't a masterpiece they're making, although you can give me it over lots of things I'm told to like. The supporting cast are energetic, even if some of them aren't particularly good; I can't see a couple of duff turns in a movie that's already practically forgotten making much difference to anything, so just smile. I really do think Blonde and Blonder is ace and I hope you hate me for it.",positive
"Um .... a serious film about troubled teens in Singapore, a country I have not much knowledge on but have the previous wrong impression that all the kids there are highly disciplined and controlled by their family and government. Well, I guess I am wrong, just like other cities/ countries, they also have their troubled teens who also lead the not so surprising rebellious way of life of drugs, fights, bad language, and .... many other obvious signs of being a bad boy. The surprising part of this film isn't really about how these kids running around causing themselves and others trouble, but rather the subtle gayness hidden behind their so call loyalty between them. The bond between these ""brothers"" may very well originated from an unconscious gay tendency inside these boys. Though it isn't uncommon for str8 guys to have very close friendship with each other, but watch this film closely, it should be entering all sorts of gay film festivals and I would not be surprised that it may win itself a lot more awards toward this direction!",positive
"The Haunting is a film that boasts a really creepy house, good effects work and sound work, a cast that seems to believe that everything around them is real and that house. There are scenes that make you jump, and the sinister aspects of what went on at Hill House in the past, I found interesting. There are genuinely creepy moments in the film and I liked the way the ghosts manifested themselves in sheets, curtains and the house itself. Jerry Goldsmith's score gave it the right atmosphere and the sound design had voices popping up around you. What I wish could've happened is for something a little more intense. Jan De Bont had a PG-13 rating to contend with and I think that he held back a little too much. Poltergeist scared me silly when I saw it many years ago, and it still holds up. The Haunting could've used a few more scenes of pure terror. The ending was for me, a little anticlimactic. Overall, I enjoyed it. The acting is good and there are moments that make you jump. I just wish it scared me more.",positive
"I suppose if you like pure action... you'll find it here. I suppose if you find a gorgeous blonde designed to be screwed... find it here. I suppose if you want to find a couple of extra baddies, headed by 1-2 extra, EXTRA baddy bosses who meat a nasty end... you'll find it here.<br /><br />Overall, routine stuff, and the good guys come out on top big time under extra-ordinary circumstances.<br /><br />What I marvel most at... How the good guys armed only with pistols, can kill dozens of bad guys with machine guns who are shooting at them at point blank range... and missing. The goodies even get time to reload their pistols amid the hail of machine guns bullets.<br /><br />Ho-hum!!!",negative
"I haven't seen so many people packed outside a theater since Star Wars Episode III. Both shows sold out, and for good reason. The Man With the Screaming Brain was the best movie to see with a crowd full of geeks. (Hey, I'm a dork too.) <br /><br />Bruce Campbell was present and had the whole crowd in stitches! The movie was cheesy in the best possible way. It may be the funniest movie that Bruce has done. Ted Raimi steals the show with his Bulgarian hip hop-itude and zany facial expressions, he is a laugh riot! Who knew that Ted could rap? <br /><br />I changed my mind, the person who stole the show was actually a robot. There is nothing funnier than a robot...doing the robot.<br /><br />As for Bruce's performance: ""I take the 5th."" Thanks Bruce. Thanks for being cool, thanks for taking the time, thanks for all of the fun.",positive
"i stopped this movie at 48 minutes and change... i don't know...maybe it's because i'm not Swedish...or french(the cannes commenter)...or any of those OTHER sleepy places from which the previous reviewers held forth... born and raised in NY. lived near san francisco for a quarter of a century. and now Holland. i love a good independent film as much as the next movie enthusiast... but this, in a word, isn't funny. see? now THAT's funny...that you're thinking that i made a mistake. i said, 'in a word' but then said, 'isn't funny'... nope. no mistake. if this is your type of humor, i'd say you haven't really had much of a life... consider your appreciation of this film a symptom... and PLEASE don't EVER write another review...i have a tendency to believe them when they're unanimous. even if there only were about 3 reviews before mine...i figured i might ACtually be able to save someone ELSE the boredom...the anticipation of laughter that never materializes... i DID smile once or twice, though... when i started the movie...and when i stopped it. that should be 10 lines.",negative
"Watching The Tenants has been a interesting experience for me. It is the first film I have ever seen where I have shuttled at speed through parts of the (non)action - and I can normally watch anything from turgid action movies to Serbo-Croat indie and find them fascinating.<br /><br />The Tenants is frustratingly sluggish and over-orchestrated. One of the main problems of the script is there is little realistic character dialogue, apart from the set pieces where characters 'collide' in a very structured setting (to make this work, the film needed to feel more conceptual, which it didn't). This leads to a lack of realistic character development; everyone seems two-dimensional.<br /><br />The worse for this is the character of Bill Spear, aka Snoop Dogg. I found his characterization very uncomfortable and very unsympathetic. At one point, I even stopped the film because I got so annoyed by the character's aggressive, violent and monotonal delivery, the lack of any other personality layer apart from that of the reactionary ""on"" switch (which gets really predictable after a while) and I so desperately wanted him to have some redeeming qualities. However, one reason for this jar might be the nebulous time scape of the film (supposedly 70s, it feels and looks more early noughties). If it had been more securely fixed in the 70s, his character might have seemed more understandable.<br /><br />The lighting of the film was also awkward. All the way through, the soundtrack attempts to provide a certain gritty, jazz-infused atmosphere that just did not come off, largely because the set was too well-lit.<br /><br />The Tenants, to me, is an unbelievable film. It doesn't depict real people or propose any interesting ways of thinking about race, identity or the life of a writer, be they white or black.<br /><br />Strangely, I came away with the feeling that this project needed David Lynch; his eerie, clastrophobic and obsessive look and feel would have lifted both the actors and the script into something quite remarkable.",negative
"When you go at an open air cinema under the Greek summer night you usually don't care what the movie is! Edison started really good with some good effort from the singers-who-want-to-be actors and a once again great Morgan Freeman but... (In a movie there is usually a good start to catch audience,done, a bit boring yet story filling middle of the movie that is more about characters and less about action ,done, and the third part is something really good so that you can remember the movie...) when you see 30 elite police officers (packed with weapons that can demolish a building) shoot at a guy behind a car, fail to hit him even once while he kills all (but 3) and then the guy takes out a flame thrower (to kill the rest 3) ,you realise that the Greek summer sky filled with stars is way too good to be distracted by a movie like this!",negative
"The US appear to run the UK police who all run around armed to the teeth and did you know that CID officers change into uniform when they stop work and go down the pub! This has got to be one of the most unrealistic films with the worst portrayal of ""real"" UK police that has ever been foisted on the unsuspecting public. I can see that Mr Snipes might have needed the money to pay his back tax bill but what the heck a good actor like Charles Dance was doing in it is a mystery.<br /><br />Worse than the worse low budget ""B"" film of the 50's. An hour and a half of suicide and time I will never get back.<br /><br />Avoid it like the veritable plague.",negative
"My friend gives me these 3 huge boxes. ""They're laserdiscs of Flash Gordon serials,"" he says. ""I'm gonna have some giant coasters,"" I say. But not so. This serial rocks. (But I had to whine & moan to almost everyone I knew to find a laserdisc player for em).<br /><br />There is really a little of everything in this serial: There are lion-men, hawk-men, shark-men, Earthmen, & I guess you'd call em Mongo-men. The sets & costumes combine, Greek, Roman, Oriental, Egyptian and there's even armour like English knights. Awesome costumes. And some of it was a riot. Those horrible tights with shorts over em worn by Zarkov are beyond description. And the guys in the furnace scene seem to be wearing boxers.<br /><br />It's also funny the way they renamed the octopus to an octosack, the orangutan to orangapoid, and the tiger to a tigron. There's even a dragon (a Godzilla-like creature who threatens Flash on a couple of occasions before being killed off).<br /><br />You like the Invisible Man? This has got you covered. You like sword fights, wrestling (both animals & men), fist fights? Plenty for any taste. We have an underwater city, a sky city, a city on top of a mountain, and tonnes of secret passages and caves.<br /><br />Hokey effects? Massive amounts. The sky city is supported by radium furnaces stoked like old-time steamships. The rocketships are ""powered"" by fireworks and have constant backfires and/or humming noises. Lots of wires are visible holding things up (like food when Flash was invisible and of course rocketships). There's clouds out in space, but none around the earth when viewed from Mongo. ""Giant"" lizards show up briefly. Fighting sea creatures supposedly threaten Flash & co. on the way to the shark-men's underwater city. The ""gadgets"" in Dr. Zarkov's lab crack me up. And they seem to be the same ones no matter what lab he's in (he worked in Ming's lab and Vultan's).<br /><br />And yeah, we have romance. Everyone wants Dale; Ming, Vultan, Flash. But at least one person wanted Princess Aura (Prince Baron) just not the person she would have preferred. In fact, it seems a lot of the sub-plots concern intrigue on the part of Princess Aura to try to win Flash.<br /><br />Man I think the characters are awesome. That fat, horse-laughing, King Vultan was hilarious. How he managed those wings was pure artistry. And Ming! What can I say about Ming? He was perfect. They should have had him for the emperor in Starwars. Ming has got to be my favourite character in this serial. Princess Aura was quite a little character too. And she pulled it off nicely. I think she's a better actress than Dale Arden by a long shot. Even the sneaky high priest had a distinctive role. Zarkov was good, but not the strongest character---and he always stood in the background during fight scenes holding Dale. Now we get to Flash: Flash, of course, was the strong point, the leader, the hero---and he did it well. Crabbe is a good actor and this role fit him perfectly.<br /><br />After watching this, I think I know where George Lucas got the main idea for Starwars. Watch this, you'll see what I mean.<br /><br />If you ever considered watching an old serial (or any serial for that matter), this should be your first choice. The only reason I didn't give this one a 10 is because of a few story holes that could have been fixed easily, the way the giant lizards seemed just tacked in there, and a couple of weak characters (king of shark-men & king of lion-men).",positive
"This ranks way up there on my top list of worst movies I've seen so far on Starz on Demand. They seem to pick up every straight to DVD crap-fest they can find and put it on here.<br /><br />Why? Who knows! Apparently anyone with a digital camera and a shoestring budget can come up with a horror movie and get it put on TV. To be honest, this looked terrible from the moment I saw the trailer--but I did give it a real chance.<br /><br />I always try to have an open mind about low-budget movies. Some of the best movies I've ever seen were films that worked around their low budget or in other cases only required that low budget to be great.<br /><br />This is not one of those movies.<br /><br />You know the plot by now, I'm sure, if you're reading this. Either you heard about it on Starz on Demand or for whatever reason you ended up on this page out of boredom. It's about a pathetic and whiny girl we get to know for all of 3 minutes in an incredibly bad ""heavy metal"" music video. Whoever put it together must have thought it looked really interesting, but it really, really doesn't. Anyway, she kills herself. Then she possesses someone. Then some killing starts. It's really unmemorable and as completely average and boring as possible. When the first gunshot goes off in her apartment it quite seriously sounds like a piece of popcorn popping. Was that the best sound effect they could come up with? I could find a better sound effect to use for free, (with no copyright,) on the internet... right. now.<br /><br />Don't let the other reviews claiming this is a 10 star movie fool you. They are obviously either distributors of the film or maybe even the director trying to con you into thinking this piece of junk is worth buying.<br /><br />Laughable.",negative
"WE FAW DOWN <br /><br />Aspect ratio: 1.33:1<br /><br />Sound format: Silent<br /><br />(Black and white - Short film)<br /><br />Stan 'n' Ollie get mixed up with a couple of floozies (Kay Deslys and Vera White) after setting out to visit a theatre which burns down in their absence! Needless to say, their tyrannical wives (Vivien Oakland and Bess Flowers) are not amused...<br /><br />Leo McCarey's OK comedy laid the narrative framework for William Seiter's masterpiece SONS OF THE DESERT (1934), with L&H playing brow-beaten victims of circumstance, forced to tell a monstrous lie which backfires in spectacular fashion. Much of it is very funny, especially the scene in which Stan is teased by Deslys, leading to a violent game of push and shove. However, some of the fun is undercut by Oakland and Flowers, playing their roles completely straight, which adds an element of unpleasantness to the 'henpecked husband' scenario. Originally released in the UK as WE SLIP UP.",negative
"This may just be the worst movie ever produced. Worst plot, worst acting, worst special effects...be prepared if you want to watch this. The only way to get enjoyment out of it is to light a match and burn the tape of it, knowing it will never fall into the hands of any sane person again.",negative
"I enjoyed this show, it was on in the uk, but not at peak time, and they seemed to move it all over the schedules so I wasn't able to watch them all. I was surprised when it didn't return and had no i idea why, still don't know, but i guess that's not important.<br /><br />Great performances from the two leads, they were very believable as friends. The two supporting actresses also added well to the mix. I guess it was part of a whole load of shows that were lifestyle centred, Friends being the obvious main one, but sex in the city came along a few years later.<br /><br />The characters, get take out coffee, they drink at nice bars , that sort of thing, a little woody allenish in a way.",positive
excellent drama. very dark. i have never seen california photographed in such a way. bridget fonda as the deaf wife beaten by her husband is superb. the film gripped me from start to finish. very understated performance by sutherland. the direction was very european. amazing to get such a performance from fonda.,positive
"*** Spoiler in fifth paragraph *** This was an amazingly frank (uh-huh, uh-huh) picture for 1955. Otto Preminger and Carlyle Productions took a chance by making it, the Motion Picture Association of America balked at certifying a film that openly shows a junky jabbing a syringe full of heroin into his arm. Frank Sinatra took a chance both on playing an addicted musician and at falling flat on his face in a role that required at least twice as much acting as he'd ever done. All in all these gambles paid off, the movie is a classic, though it's not perfect.<br /><br />Nelson Algren's novel may be great, but it has far too much going on to fit comfortably into a two hour movie 'The Man with the Golden Arm' is 119 minutes and often feels much longer. However, in my opinion it's not just Frankie Machine (Sinatra) that makes the film but the other characters and their sub-plots, all involving Frankie. Ultimately it's not just Frankie who has the addiction, everyone and everything seems to be dependent on him and he feels it keenly. When the pressure gets to be too much the drums start pounding on the soundtrack and Frankie steps across the street with his well-dressed ""friend"" Louie.<br /><br />It's an exaggeration to say that Frank Sinatra's music career was ever really in the doldrums, but in the early 50's he was in limbo between his days touring with big bands and the Las Vegas era. 'From Here to Eternity' established him as a serious actor and his career as a singer rebounded as well, but 'The Man with the Golden Arm' was still a significant challenge, the whole show sinks or swims with his performance. He pulls it off with such skill that for several minutes at a time I forgot I was watching Frank Sinatra, he must have known junky musicians and exploited that knowledge to the utmost.<br /><br />Set side by side with Billy Wilder's masterpiece 'The Lost Weekend' there is more emphasis on the sociological causes of addiction in 'The Man with the Golden Arm.' Whereas Don Birnem (Ray Milland in 'The Lost Weekend') seems to struggle mostly against himself, Frankie Machine is beset by external forces and he takes refuge in the needle. Neither approach is wholly right or wrong, mostly because addiction is impossible to fully explain, but it seems like this film might have benefited from a little more insight into Frankie's internal struggle.<br /><br />*** Spoiler *** One of the problems I have with this film is the clichéd reliance on ""quitting cold turkey."" I realize that 'The Man with the Golden Arm' was probably setting the trend rather than following it but that doesn't make it any better. In the beginning of the movie Frankie has to all appearances kicked his habit with the help of a doctor and a treatment facility of some sort. Naturally the drama of the film requires that he backslide, but I found the All-American ideal that a man has to face his problems alone (or maybe with the help of a good woman) out of place here. Going cold turkey and riding off into the sunset with Kim Novak seemed too unrealistic. The end of 'The Lost Weekend' was similar but in my opinion was a little less rosy.",positive
"An example of genius filmaking. The epic story of three major stages of life for a young boy told with eloquence and raw fearlessness. Rarely does a film come along that causes me to out loud say during most of the viewing, ""this is a really good film...."" again and again. That is exactly what happened when I watched this film. I really do not understand how anyone could not like it. I found myself at moments crying and laughing at the very same moment, unable to control how I felt about the scene. The acting is outstanding. Eric Mabius- why is he not all over movie screens? He was really extraordinary. His seemingly effortless attempt on the screen impacted me in deep visceral ways. I thank him. In my opinion, Eric Schaeffer is one of the best filmakers around, and I hope he continues to rise to the challenges that he faces while trying to give us art in the face of ferocious commercial filmaking.<br /><br />",positive
"***Might not consider this having a spoiler, but I'd rather be cautious than careless*** I never saw this movie when I was little. I fell in love with it the first time I saw it with my three year old daughter. I can watch it over and over again.<br /><br />For the little acting Ilene Woods did in her lifetime, she was a wonderful voice for Cinderella; very appealing; very believable. The music really fit the movie perfectly. The acting was great; loved the mice!! You really ""hated"" Lady Tremain and the step-sisters; they were just awful. The cartoonists depicted the spoiled behavior very well.<br /><br />This is a wonderful movie, especially if you are into love stories. My daughter has seen the movie about 25 times and still gets excited at the end.",positive
"""Ripe"" is one of those awful indies which manages to get into circulation and give indies a bad name. Telling a stupidly incongruous tale of pubescent twin sisters who crawl from a firey car crash which kills their parents and then hit the road while happily shoplifting, making goo-goo eyes at some guy, and ending up on an Army post so dilapidated no Army would want it (yeah, right!). An apparent attempt at a coming of age flick, ""Ripe"" is an almost complete loser which wanders aimlessly as the players drift in and out of character finally ending clumsily with nary a shred of credibility to be found anywhere. Not recommended for anyone.",negative
"Saw this on SBS TV here in Australia the other week, where it was titled ""Laputa: Castle in the sky"". I had enabled subtitles and I think SBS provided their own for that, which, as usual, was of very good quality.<br /><br />Just looked up ""Laputa"" on Wikipedia and it confirms what I suspected...the floating island of this tale is taken from the classic Jonathan Swift novel ""Gulliver's travels"", which was published in the early to mid 1700s.<br /><br />Anyway, this is an engaging Japanese fairytale, which features an English speaking voice-cast. It's suitable for young children, I think, but it does run at just over two hours in length, so it may be too long for some, though not for an adult like me.<br /><br />The story concerns two children who seek to find a legendary floating island which has a castle on it. The children are not the only ones looking for this island. They have pirates, the army and spies looking for the island too, and looking to capture the children (Sheeta, the girl, voiced by Anna Paquin, and Pazu, the boy, voiced by James Van Der Beek) in order to help them find it.<br /><br />The graphics are magnificent...sort of photo-realistic at times, especially the scenes of stonework lit by torch-light, or the pretty scenes of bright, sunny days, with white clouds, or mist.<br /><br />Recommended.",positive
"In Frank Sinatra's first three films, he was purely a speciality act: ostensibly playing himself, he merely shows up to croon a song during a nightclub sequence in somebody else's movie. In his fourth film, the very enjoyable 'Higher and Higher', Young Blue Eyes transitions into an acting career by playing an actual role ... a task made easier because he's playing himself in a fictional story that gives him a chance to croon a few numbers.<br /><br />Sinatra's entrance is quite funny. Michele Morgan hears a knock at the door, and asks who's there. From outside, a Hoboken-toned voice answers 'Frank Sinatra'. Sure enough...<br /><br />The opening credits of 'Higher and Higher' may confuse some viewers, as the names of songwriters Rodgers and Hart are prominently displayed. In fact, they only contributed one song to this musical: 'Disgustingly Rich', which this cast manage to toss off as a sort of intro to an entirely different song, 'I'm a Debutante'. Interestingly, that Rodgers & Hart song -- one of their weakest -- is perhaps the least enjoyable song in this movie's score; several others are lively up-tempo numbers, notably 'It's a Most Important Affair', 'When It Comes to Love, You're On Your Own' and 'I Saw You First'.<br /><br />Sinatra's good in this movie, but he would do better work (and sing better material) elsewhere. The real merits of 'Higher and Higher' are the delightful turns by some performers who rarely made films. Paul and Grace Hartman were an extremely popular husband-wife dance team who starred in several Broadway revues: genuinely graceful ballroom dancers, they put plenty of physical comedy into their dance material. (Here, Grace does a high kick that knocks a shoe out of Paul's hands.) Grace Hartman, who died of cancer at age 48, did almost no film work, so it's a real pleasure that this film gives us a rare chance to see her close-up, to hear her beautiful singing voice and to notice how sexy she looks in her maid's uniform. After Grace Hartman's death, her husband had a long career as a character actor, just occasionally dancing solo. (Or alongside Ken Berry in one memorable episode of 'Mayberry RFD'.)<br /><br />Also quite attractive in a maid's uniform here in 'Higher and Higher' is the vivacious teenage singer Marcy McGuire. Why didn't this talented girl make more movies? Perhaps she was just a bit too similar in personality to Betty Hutton. I enjoy Hutton's performances but I like Marcy McGuire even better. Near the end of 'Higher and Higher' there's an amusing bit of physical business featuring McGuire and Mary Wickes as waitresses, taking it in turns to move from table to table in a nightclub. The alternating strides of short McGuire and tall gawky Wickes are hilarious! Regrettably, although Leon Errol plays a large role in 'Higher and Higher', he is given almost no comedy business: not once does he do his famous rubber-legged dance. Jack Haley, despite his prominent billing, is also wasted.<br /><br />Very well-represented here is Dooley Wilson, inevitably remembered as Sam from 'Casablanca'. In that film, Wilson did his own singing but faked his keyboard performance of 'As Time Goes By'. (In real life, Wilson couldn't play piano.) Here in 'Higher and Higher', he sings pleasingly and gives some amusing reactions to the other players. Less enjoyable is Mel Odious, I mean Mel Torme. Victor Borge gives a rare film performance here, handling his dialogue deftly but never doing any of the keyboard comedy which he later did successfully in his stage shows.<br /><br />The plot? Forget it. 'Higher and Higher' is nobody's idea of a 'great' musical, but it's an enjoyable delight, and I'll rate it 8 out of 10. Director Tim Whelan, who worked in Britain as well as in Hollywood, deserves to be much better known.",positive
This movie was a fascinating look at creole culture and society that few African Americans are aware. My own two children are by products of a paternal grandmother whose father was a member of the gens de couleur libre and a black skin woman whose parents were ex-slaves. He married outside of and against his culture and was cut off from all of his family except for one sister who took pity on her brothers plight; raising 8 children during the great depression of 1929; providing the family with food whenever she could. Of course she clandestinely aided this family fearing for her own ex-communication. My daughter was fascinated by the movie. We have made it a part of our library.,positive
"Currently playing at the 2007 German Film Festival in Australia http://www.goethe.de/ins/au/lp/prj/ff07/enindex.htm thanks to Peanutqueen and especially AriesGemini for her rundown on the actors in this ensemble cast.<br /><br />In Australia these movies were sub-titled in English and while French movies here often get a mainstream release, German movies are still to gather that sort of commercial audience. But like BMWs and Mercedes when Germans get it right I really like their films. Like PQ the time here went so quickly, lots of laughs from the audience as each of the 9 men and 9 women moved down the speed dating line 5 minutes at a time.<br /><br />While many films are overlong this one I could have watched much more of. It had the sort of characters and character development for a series. Given time I will re-read AriesGemini100 review and reference the actors I liked and their other work with a view to keeping an eye out from them. I agree....most of these actors will go onto bigger and better things. Some very good character actors in this fine film. I did see it in the program listed as a mockumentary. Mock or otherwise it felt very real. And quite romantic in it's way.<br /><br />Viva la Deutcsh!",positive
"I agree with most of the Columbo fans that this movie was an unnecessary change of format. Columbo is a unique cop with unorthodox police methods. This movie looks like a remake of any other ordinary detective dramas from the past. And that is the disturbing point, because Columbo is no ordinary detective.<br /><br />There are two parts in this film that left me intriguing. First, I can't figure out the title of this movie. It is misleading. Maybe a better title would've been ""The Vanishing Bride"" or something similar. Second, Columbo hides a piece of evidence without offering the reason (to the viewers at least) why he does it.<br /><br />I don't feel betrayed, just disappointed. I'm glad Peter Falk went back to the usual Columbo.<br /><br />",negative
"This movie was incredible. I would recommend it to anyone, much better than what I had already anticipated. It was definitely a heart-wrenching spectacular movie. It is an amazing story, with amazing actors and creators. Definitely another great movie with Denzel Washington. (shouldn't surprise anyone) Derek Luke did a wonderful job as well.",positive
"This movie was NOTHING like the book. I think the writer of the screenplay must have wanted the job of writing the sequel to Gone with the Wind and been turned down. This was his or her way of getting their ideas in anyway. The only similarity between this movie and the story it was portraying was the names of the principle characters and the location of the main action. None of the events that are shown in the movie happened that way in the book. For a Gone with the Wind fan (of both the book and the movie) this was deeply disappointing. If you loved the book Scarlett, don't watch this movie hoping to see it played out on the screen. They only share the title in common.",negative
"Rourke does his usual bit part,as a sinister,rancorous,Neanderthalian,ferocious,evil jerk,in the same mold as in ""Picture Claire"",""Out in Fifty"",""Get Carter"",""Double Team"" and the rest of the garbage he happens to be in.<br /><br />He has very few lines.<br /><br />Of course,all this is just junk,undervaluing Rourke,abasing him,and doesn't matter for his characterization as an actor.Still ,after seeing ""A Prayer ..."",""Johnny Handsome"",""Barfly"",""9 1/2 Weeks"",""Year of the Dragon"",etc.,etc.,for many years I considered Rourke an outstanding,smart,intelligent man.I think he has changed since.<br /><br />He looks callous,calcined.<br /><br />""He went about with gloomy looks;/Despair inhabited his breast/And made the man a perfect pest.""(Belloc,""The Example"").<br /><br />I had absolutely no other reason to watch this dull movie except that Rourke was in.",negative
"I just got done watching The Edge of Love (by the way, this is one of the worst titles so far this year) and it felt like a chore. Watching Keira Knightly's unlikable, skeleton-looking character made me cringe even more throughout the coarse of the film.<br /><br />It took me four nights to watch this it was so boring. The only good thing about it was Cillian Murphy. He's always good/believable and is severely under looked in many films. This, however, was just not good enough for him.<br /><br />Apart from the unlikable characters, boring storyline, the plot was also emotionally unsatisfying. I felt like I spent my time watching this for nothing (which I did). I should have done the smart thing and turned it off, but I kept it on out of respect for Cillian Murphy and the great cinematography.",negative
"When I reviewed the video for a local magazine, I called it ""the greatest achievement in the history of the American cinema."" That was not wholly tongue in cheek. TW&TL remains Milius' best work, and it's sad that he has so little opportunity to work anymore. However, TW&TL remains a striking exposition of what once was known as The American Character, largely on the strength of Brian Keith's superb portrayal of Teddy R. (Obviously Milius--and Keith--admired TR tremendously to make two films about him, including ""The Rough Riders."") It's hard to fault this film at any level: a splendid balance of action, levity, relationships, and the serious topic of America coming of age in the world. Furthermore, TW&TL has exceptional appeal across the board: note the stats showing it rates best with under-18 males, females 18-29, and over 45! Clearly Candy Bergen struck a responsive chord with women as well as men.",positive
"It is like what the title of this thread say. Only impression I got from that movie is that Marlee Matlin's character was always angry, so cynical, and so pathetic. Her character's first date with William Hurt's character where they were dancing were dumb. All in all, I've tried to finish watching the movie four times, and of all four times I fell asleep. I would keep watching that movie with one intention... to beat my problem with insomnia, because all it do is to put me to sleep. Sweet dream.",negative
"A very tired looking Burt Reynolds plays a mercenary battling his former employers for some gizmo these non-heroes plan to sell to ""the Iranians."" Low-rent video nonsense by the producers of ""Silk Stalkings"" offers some decent action footage and a lot of ineptly staged ""drama""...a lack of logic and truly dreadful dialogue are the defining aspects, although the final twists and allegiance shifts could've been a nifty end to a better movie. Burt still has presence, although it also means you notice more when he mouths insultingly half-baked ""one-liners"".",negative
"I claim no matter how hard I seek I'll never find a better movie version of ""Othello"". If you love Kenneth Branagh's magnificent masterpieces ""Much ado about nothing"" (1993) and ""Hamlet"" (1996) as much as I do I'm dead certain you'll also find Oliver Parker's ""Othello"" irresistible. Laurence Fishburne has been in a various splendid roles during his career. He was quite terrific in ""Boys n the hood"" (1991) - I've always considered his amusing role of Furious Styles as his very greatest achievement. That was, of course, way before I saw this.<br /><br />He plays the part of Othello and he is probably in the most challenging role of his whole career but he does a brilliant, fantastic job. Irène Jacob is absolutely charming Desdemona and Kenneth Branagh is just simply phenomenal in a most fascinating role of the story's crooked, manipulate villain Iago. Marvelous ""Othello"" is part of the absolute elite among Shakespeare's ingenious works. It deals with his favorite topics: crookedness, envy, deceitfulness and jealousy. This movie adaptation is certainly one of the finest films I've seen that's based on William Shakespeare's plays.",positive
"Even though it has one of the standard ""Revenge Price Plots,"" this film is my favorite of Vincent Price's work. Gallico has that quality that is missing in so many horror film characters- likeability. When you watch it, you feel for him, you feel his frustration, the injustices against him, and you cheer him on when he goes for vengeance, even though he frightens you a little with his original fury. As the film goes on, his character becomes tragic. He's committed his murder, but now he must kill to cover that up. And again to cover that one up. And again... your stomach sinks with his soul as it goes down its spiral- like watching a beloved brother turn into a hood. Even if the revenge story is of old, the plot devices themselves are original- Gallico uses his tricks to kill in more and more inventive ways. A shame this one isn't available for home veiwing.",positive
"You will be able to tell within the first 30 seconds of this film whether you want to finish watching it. The film opens with images of planes landing at an airport, one plane after another diving into a mirage-filled runway. You will be able to accurately guess that this movie is not about a ""story."" At first viewing, it's even easy to think the opening images are repetitive shots of the same plane. The initial drama is in the acuteness of your perception, which is built on your willingness to experience the film simply as a series of images. If after this opening, you want to see the movie, you will not be bored. You may even be mesmerized. The movie may be an emotional experience; it may be an intellectual experience; it may be both. Judging from the DVD commentary, which is essential, it was primarily an emotional experience for Herzog, and, at one point, he talks explicitly about how the film is a collaboration between filmmaker and viewer. There's plenty of room for the viewer to make of this film exactly what he or she wants to make of it. Take a gamble?",positive
"(aka: The Bloodsucker Leads the Dance)<br /><br />Lots of naked babes in this one with a couple of lesbo scenes thrown in. The film is supposed to take place in Ireland but it looks more like Rome and the Adriatic to me.<br /><br />Gothic lesbians get invited to a Count's island castle for the weekend. One by one they seem to be missing their heads due to a madperson running around.<br /><br />It's not very scary or bloody and the rooms look like they are lit with floodlights even though candles are lit. Go figure...(sic)<br /><br />Dubbing is worse than usual and the plot only serves as an excuse for the eroticism and nudity. Directed by euro horror actor Alfredo Rizzo, this is one snoozer.<br /><br />Pretty boring 2 out of 10",negative
"Don't watch this film while, or soon after, eating.<br /><br />Having said that, Begotten will stick with you for the rest of your life, like it or not. Based on the nihilistic philosophy that life is nothing more than man spasming above ground (to paraphrase the title sequence/introduction), this will more than likely contain the most intense and grisly imagery you'll ever see in a film.<br /><br />There is no dialogue, only image after image describing the cycle of life. The film's combination of stark black and white photography compounded with some truly creepy background sounds work to drive home the maker's message.<br /><br />The movie begins with God (portrayed as a bandaged and obviously insane man) slicing open his torso with a straight razor and subsequently dying in his own filth. After his death, Mother Nature emerges from his corpse to impregnate herself with his blood and semen and gives birth to Man, represented by a maggot of a human convulsing on the earth.<br /><br />The landscape is a barren waste, populated by hulking shrouded humanoids who eventually happen upon Mother Nature and Man. After a slew of violent scenes depicting the rape of Nature and destruction of Man, these humanoids proceed to pound the remains of the corpses back into the ground, and the cycle of life begins anew.<br /><br />I actually rented this from Blockbuster one night, based on the cover art and hype content, but this is definitely not a Blockbuster-type film. Don't expect narrative, dialogue or any pulled punches. This is intense imagery based on a dark subject.<br /><br />I give this movie some high marks for the filmwork and audio, but I don't think I'll be watching it too often, if again. I like my movies dark and unique, but this one is exponentially more than I expected.",positive
"There really isn't much to say about this movie....it's crude, but fun.<br /><br />Plot outline (From IMDB)<br /><br />_____________________________________<br /><br />Two losers from Milwaukee, Coop & Remer (Parker & Stone), invent a new game playing basketball, using baseball rules. When the game becomes a huge success, they, along with a billionaire's help, form the Professional Baseketball League where everyone gets the same pay and no team can change cities. Coop & Remer's team, the Milwaukee Beers is the only team standing in the way of major rule changes that the owner of the Dallas Felons (Vaughn) wants to institute.<br /><br />_____________________________________<br /><br />The Acting is pretty good, since there arn't many big stars in this movie. Although I am not a big fan of 'Southpark', Parker and Stone do a pretty good job in their first real movie. <br /><br />There are so many funny moments in this movie I can't come close to naming them all. It never really lets up, and they don't try to put some cruddy drama in to make it more serious. <br /><br />And my favorite aspect of this movie: The Soundtrack. It's GREAT. I especially like ""Take me on"" and ""Beer"" by Reel Big Fish. Very underrated.<br /><br />Overall, a crude, but extremely funny, movie. 10/10<br /><br />James ""Black Wolf"" Johnston",positive
"Based on one of the books by Gabriel Marquez and it might be brilliant literature, this cinema-adaption really sucks as it's more like fighting against sleep rather than enjoying some cinematographic delices. The story is about an old couple whose son died and living a life that is heavily dominated by poverty, and wherein the main character is a cock that hopefully one day brings some money for a forthcoming cockfight. I am in no mood to spill more words on this useless pretentious piece, just perhaps that you can see Salma Hayek in here, but sitting 90 minutes in front of your screen for just that? No gracias.....",negative
"This movie was an attempt to go into places most don't and perhaps shouldn't venture into. It was a similar trial at the bizarre, head-case perspective given to us in The Cell, although not near as in-depth and well portrayed. The plot is constructed simply with an initial campy feel to it. Then, as the movie takes its supposed ""dramatic"" turn, the plot falls apart on what few legs it had to stand on in the first place. <br /><br />Basically the idea is that of a kid (Chris McKenna) who needs money. He takes on the role of a hit man, killing a city accountant. Then he doesn't get paid for his work but instead gets tortured for several days because he dreamed up the ""brilliant"" idea of trying to use a backup file he had as leverage for payment. This idiotic move at trying to force them to pay him backfires as he is horribly and endlessly abused. He begins to go crazy (some very disturbing scenes). Then, thinking he has paid for his sins and can start over, he visits the wife (Kari Wuhrer) of the man who he killed and wins her affections. Soon after she discovers who he is, tragedy strikes, and revenge sweeps through the air as the boy goes after his torturers (Daniel Baldwin, George Wendt, Vernon Wells) for their previous ""kindness"".<br /><br />I got to ask though, what is it with Kari Wuhrer and horror/gore type films?<br /><br />It seems everything she has put out lately has been in this genre. Granted, I liked her in ""Eight-Legged Freaks"" and she was okay in ""Anaconda"". But despite all her obvious cuteness and allure (wow, she's hot!), she can act much better and chose better roles. Or maybe, I'm wrong and that is just a misconception. For all you guys out there, you get to see the ""fully monty"" of her in this film, although it's rather bizarre and short-lived. I almost felt like she did some soft-porn after watching this film (something not foreign to Kari's career). The sex-simulation is such that it has to make you wonder what things really go on during filming. <br /><br />Anyway, I will say there is some good acting. Just don't expect much of it from Daniel Balwin, whose career seems forever destined to second his brother Alex's. The film did bring out a few old greats though, George Wendt (Norm from Cheers) and Vernon Wells (Commando, Weird Science). Above all, Chris McKenna does the best job in playing the main character, Sean Crawley. His little acting experience and yet his believable nature as a naive youth, bring some elements of substance to the film. <br /><br />I wouldn't go out of my way for this one. If you're bored and are tired of the same old episodes of ""The Hitchhiker"", then I might advise watching this.<br /><br />And Kari, please start acting in some better films!",negative
"This was obviously the worst movie ever made...ketchup was the starring role in this movie and would be the only nominee for an award..cause the plot, actors, and anything related to this farce was absolutely horrible and ridiculous. I could have made a better horror flick in my backyard within two hours with a hand-held camera using grass stuffed dummies as the actors, atleast the acting would have been better! Don't waste your time or money on this one...it's extremely cheesy and horrible!!",negative
"The movie that i am going to review is a little television movie made in 1996 and it starred Melissa Joan Hart and Daniel Baldwin.<br /><br />The main protagonist/antagonist Jennifer Stanton (Hart) is a typical all American teenager who is feeling the pressure of having such a controlling father (Baldwin). However, when she meets an ex con called Nick Ryan (Jeremy Jordan ""Never been kissed"") they instantly 'fall' for each other, but Jennifer has a different idea on where to take their relationship. she manipulates him to kill her parents, to protect their 'love' but she just used him to get rid of her parents so she can be with Brad (David Lascher future 'Sabrina' cast mate for Hart). Melissa Joan Hart actually really surprised me with her role as an evil manipulator and she carries the movie well by using her friends and Nick so she can literally get away with murder. The rest of the supporting cast work well and they each hold their own when they have screen time. I also found it interesting that this film was made and released the same year, Hart, began portrayed Sabrina, the Teenage Witch and this shows she can act in my genres of film and television.<br /><br />Although the film has dated somewhat it stills stands out as some of her best work that involves drama or thriller and i am looking forward to 'Nine Dead' that comes out in November because it shows she can seen as other people that are not called ""Clarissa Darling "" or Sabrina Spellman""<br /><br />I recommend this film to anyone that is a fan of Melissa Joan Hart or Sabrina. You can watch this on the internet, so i suggest check it out.",positive
"Here's a real weirdo for you. It starts out with another take-off on the PSYCHO shower scene, on campus, then gets crazier when several coeds and their doofy boyfriends head south for Spring Break. The trouble starts when they drive into the redneck county ruled by homicidal Sheriff Dean. One of the college cuties wanders into the woods, witnesses a murder by the sheriff and has her head blown open. Then it's lets-rip-off MACON COUNTY LINE-time as Dean stalks, traps and slaughters the witless witnesses one by one. Tony March is on-target as the evil, shotgun-happy Dean. The movie's overall tone is truly disturbing. The ending is so abrupt you almost think the director ran out of film; it's also a study in despair. SHALLOW GRAVE is a must for misanthropes, misogynists and nihilists the world over.",positive
"I like bad films, but this thing is a steaming heap. From the shaky cameramen to the horrible sound and devastating acting, don't waste a second on this pile. Fifth graders could have made a better film and first graders could have written a better script. Want a real synopsis? Ugly chicks in neon bikinis dancing for way too long. A disjointed plot made worse by hideous acting. The on-location sets weren't even passable. The church scenes take place in a dance studio, and oh yeah - what's with the two tap-dance numbers that come up out of the blue?<br /><br />Oh, and the total number of naked breasts, which couldn't have even saved this film - 0. Add this one to the trash heap.",negative
"I've read the other reviews and found some to be comparison of movie v real life (eg what it takes to get into music school), Britney Bashing, etc, etc. so let's focus on the movie and the message.<br /><br />I have rated this movie 7 out of 10 for the age range 8 to 14 years, and for a family movie. For the average adult male.... 2 out of 10.<br /><br />I like pop/rock music, i'm 45. I know of Britney Spears but never realised she actually sang Stronger until i read the credits and these reviews. I didn't recognise her poster on the wall so I was not worried about any 'self promotion'.<br /><br />I watch movies to be entertained. i don't care about casting, lighting, producers, directors, etc. What is the movie and does it entertain me.<br /><br />I watched this movie for the message. The world's greatest epidemic is low self-esteem (which is a whole other story) so watched with the message in mind, as that is an area of interest. The movie is light, bright and breezy, great for kids. I found the Texan twang began to fade throughout the movie and of course there are only so many ways to convey the give up/don't give up message, so yeh, it was a bit predictable. Great message though...should be more of them.<br /><br />This movie is a great family movie, but for a bloke watching by himself, get Hannibal.",positive
"Co-directed by and starring Rutger Hauer, this film short was based on a short story by Dutch writer Harry Murlisch.<br /><br />In the 10 minutes of the film's length you will get to see a life-time as 'Harry' unravels his long-time fascination with a room he passes constantly in his youth. Returning to the city many years later he finds he has rented the same room.<br /><br />Using black and white film the textures are accentuated in this delicate telling of a tale. The voice of 'Harry' drawing you into his world.<br /><br />A subtle, tight performance from Rutger Hauer and 2 non-speaking characters. Wonderful soundtrack by Dutch musician Dyzack.<br /><br />At the moment difficult to see this movie as it is only available on DVD region 2 ""L'infidele"" (Liv Ullman) as a bonus track. But is due to be on the re-released DVD of ""The Hitcher"" - another tight, but very different performance from Hauer!<br /><br />See this film if you can!",positive
"Susan Slept Here turned out to be Dick Powell's swan song as a performer on the big screen. Of course he directed some more films and appeared frequently on television until he died. It's a pity he didn't go out with his performance in The Bad and the Beautiful.<br /><br />Frank Tashlin has done so many better films, I'm still not sure whatever possessed him to do this one. The premise is absolutely laughable. <br /><br />Dick Powell is a screenwriter who's looking to do more serious stuff than the fluff he's been writing. He had an idea for a film on juvenile delinquency so two friendly cops in Herb Vigran and Horace McMahon deposit 17 year old Debbie Reynolds on his doorstep. She's not a really bad kid and they don't want to put her in the system. So they give her to Dick Powell at Christmas time.<br /><br />I mean is there anyone out there who doesn't see a problem? The term jailbait comes immediately to mind. Additionally Powell has a girlfriend, the young and sexy Anne Francis. Why Debbie Reynolds is any competition here is beyond me.<br /><br />Susan Slept Here got one Oscar nomination. The song Hold My Hand, sung by Don Cornell in the background, was nominated for best song, but lost to Secret Love. <br /><br />Powell and Reynolds do have some funny moments together and Alvy Moore as Powell's factotum and Les Tremayne as his lawyer also get a few laughs. <br /><br />But it's not enough.",negative
"Creepy & lascivious wolf. The young ""Red"" is wearing full make-up, and extremely short shorts & robe. Got about 20 minutes through and realized it could be a pedophile's dream come true. The ""up-beat"" music sounds a lot like something I'd hear at a strip club. I actually think this movie is a sick joke - it's not a family movie. Gross, glad I was watching this with my daughter, I don't want her to think it's normal for families to view quasi kiddie porn together. Very bad, Very sad it's sold as a family film, Joey Fatone will probably be embarrassed he was in it. And what's with advertising it as a ""special effects spectacular""??? The effects do look low budget, gawd awful.",negative
"I never heard of Mishima before I watched this film and although parts of it are a little tedious, I still find myself drawn to watch it when it is repeated on the box. At the beginning of the film, we are told about a celebrated Japanese writer behaves like a lunatic and commits seppuku in public. As the film progresses you are gently inducted into twisted logic of Mishima's mind. The stages of his life are are presented in four chapters. Each chapter itself is a blend of two contrasting narratives, the first continues the story with scenes from Mishima's life and appear in black and white. The second narrative is an adaptation of scenes from a novel and these are staged like a play and filmed in vivid colours. There is a different novel staged in each chapter. Between each chapter, the narrative returns to the present, as Mishima proceeds towards his eventual ritual suicide. This means that the drama and tension is maintained until the end.<br /><br />I suspect that many people will find this film to be boring pretentious and art-house. I respect that, this is not a film for people who want action and a strong story line. If on the other hand you are the kind of person who relishes the opportunity to penetrate the mind a bizarre man while watching his life story told in collage of beautiful pictures set to music by Philip Glass, you will love it. I loved it.<br /><br />",positive
"This reminds me of when I was a born-again believer who was going to be a minister. I never actually thought I would be a minister or even graduate from high school because I was almost positive I would be raptured to Heaven before that would ever happen. That was before I discovered that Christianity was a bunch rubbish. I am now an atheist, and that just proves that the ""once saved always saved"" doctorine that Christians tell us is no more real than elves. If it were true then why did I leave after many years of being a devout born again believer? Yes, I really was saved. I prayed that silly sinners prayer with all my heart.<br /><br />If Christians were to read their Bible they would discover that their god thinks like rape, genocide, abortion, and many other atrocities are alright according to him. They might be surprised to learn that no where is the word ""rapture"" mentioned.",negative
"I was not very excited to see this movie in the first place but a group of us decided to go see it on opening night. I felt like getting up and walking out and attempting to get my money back 20 minutes into this film. I felt that the movie was very boring, uninteresting, and not true in many aspects including ""gaming"". I tried my best not to fall asleep during the movie as i watched one of the worst horror films i have ever seen. The scary movie series was scarier than this movie. The sad attempt to pull in a Gothic girl, an overworked business man, and 15 year old geek, and some random guy into a video game that kills you is a bad plot to begin with. Then they try to throw in a very horrible love scene where the main character kisses another girl after saving her 10 minutes after his girlfriend was murdered. The theater was packed when the movie started by then end a little over half of the people had left before it was over. If you feel the need to waste only 1 hour and 16 minutes of your time seeing this movie ... prepare to feel cheated.",negative
"Viva Variety was a unique hybrid program that was both a parody of and a tribute to the programs it represented. <br /><br />It was most directly a mock up of the classic 1970s favorite, ""The Sonny & Cher Show,"" With Thomas Lennon and Kerri Kenney playing a divorced show biz couple who were somehow forced to host this program together, the female of the pair towering over the male, and the constant barrage of ""insult humor"" the couple tossed at each other, plus sketch comedy bits and performances from what are most kindly described as ""specialty"" acts! <br /><br />The ""hybrid"" was the mix of fact and fantasy. Of course, there was no ""Mr. and Former Mrs. Laupin,"" and the program's announcer, Johnny Bluejeans, was likewise equally fictional. But all the acts that performed were certainly real, and some were even entertaining! But there were also some acts that would have clearly been better suited for the old Chuck Barris ""Gong Show."" <br /><br />The show itself was really more like an extended sketch from ""SCTV"" (it was borne from the MTV series, ""The State,"" after all), and some would suggest that it would have been better as a five minute bit in the mix of a program like that one, rather than a stand alone series. But ""Viva Variety"" certainly should get high marks for original concepts, and even though it was often more odd than funny, it was certainly worthwhile, especially when they road tripped to Las Vegas and brought in even glitzier acts to perform. It's unlikely we'll ever see anything like this on television again.",positive
"Long, boring, blasphemous. Never have I been so glad to see ending credits roll.",negative
"Low budget, mostly no name actors. . . this is what a campy horror flick is supposed to be all about. These are the types of movies that kept me on the edge of my seat as a kid staying up too late to watch cable. If you liked the 80's horror scene this is the movie for you.",positive
"This is a great British film. A cleverly observed script with many quotable lines, which captures perfectly what magic mushrooms can do to a man over a weekend. As per usual Phil Daniels is excellent along with that most under rated of British actors Geoff Bell. Peter Bowles with a joint hanging out of his mouth is a casting masterstroke and Gary Stretch with his brooding looks brings something strangely atmospheric to the piece. Although it seems to be billed as a biker movie, i think it will find an audience outside of this, purely on the premise that a lot of people have been there done it and got the t-shirt. also A great original soundtrack with a blinding version of Freebird. This really could be a 21st century heir to the famous Ealing comedies. Like the weed in the Welsh fields: it's a grower!",positive
"We're a long way from LAURA. Once again Otto Preminger directs, Dana Andrews stars as a police detective named Mark, and Gene Tierney is the beautiful woman who haunts him, but nothing else about WHERE THE SIDEWALK ENDS resembles everyone's favorite sophisticated murder mystery. Instead of deliciously quotable dialogue we get gritty, harrowing realism. While the earlier film took place in the ritzy upper echelons of New York society, here we're in the low-rent district of dark streets, hoodlums, cheap restaurants and crummy flats. Tierney, gorgeous as ever, now works as a department-store mannequin and lives in Washington Heights (the neighborhood of the ""doll"" who once got a fox fur out of LAURA's Mark McPherson). This time Andrews is Mark Dixon, an older, sadder, more troubled version of the cool cop in a trench coat. <br /><br />WHERE THE SIDEWALK ENDS belongs to a sub-genre of noir, movies about police brutality focusing on cops who can't control their violent impulses. Like Kirk Douglas's character in DETECTIVE STORY, Dixon owes his seething contempt for crooks to his father's criminal past. Where Douglas is self-righteous and blind to his own faults, Andrews is burdened by repressed guilt and self-loathing. He accidentally kills a suspect and covers up his actions with an attempt to throw suspicion on a slimy gangster (Gary Merrill) whom he has been vainly pursuing for years. Instead, a kindly cab driver is suspected because he's the father of the dead man's estranged and mistreated wife Morgan (Gene Tierney). Dixon, falling in love with the wife of the man he killed, tries desperately to save her father without giving himself away. <br /><br />Among noir protagonists, Dana Andrews had this distinction: he was incapable of appearing unintelligent. Even when playing an average Joe, as he usually did, he always comes across as unusually sensitive and perceptive; more than that, his air of being too thoughtful for his own comfort gives him that haunted--and haunting--quality that was his essence as an actor. He played ordinary guys, cops and soldiers, but always with a tragic undercurrent of seeing and knowing too much. His conscientious heroes are marked by exhaustion, guilt, the inability ever to ""lighten up."" No other actor could have expressed so well the bottled-up anger, the slow-burning pain, the agonized intelligence of Mark Dixon. He also has a muted tenderness, a muffled warmth and even wry humor that make him heartbreaking. This comes out when he takes Morgan to a restaurant where he's a regular, and for the first time we see this cold, brutal man trading mock insults with the waitress, whose sarcasm can't hide her affection and concern for him. When Dixon asks his partner for money to get a lawyer for Morgan's father, he supplies it even though they recently argued and Dixon threw a punch at him. There are no words about loyalty or knowing he's a good guy deep down, but we see it all in the man's anguished silence and his wife's resignation as she hands over some jewelry to pawn. Dixon's goodness comes across through other people's reactions to him as much as through Andrews's deeply moving performance. <br /><br />Though Dana Andrews was a minor star, he may be the quintessential forties man. He goes through some movies hardly ever taking off his overcoat; with that boxy, mid-century silhouette, further fortified by the fedora, the glass of bourbon, the cigarette he doesn't take out of his mouth when he talks, he looks imprisoned in the masculine ideal of toughness and impassivity. While many noirs romanticize the two-fisted tough guy, WHERE THE SIDEWALK ENDS offers an unflinching portrait of the reality behind the façade, a gripping and melancholy exploration of the roots and consequences of violence.<br /><br />Andrews was sadly underrated in his own time (he was the only one of the three protagonists in THE BEST YEARS OF OUR LIVES not nominated for an Academy Award, though his low-key performance is far more compelling than Frederic March's hammy, Oscar-winning drunk). Fortunately, Andrews appeared in some films that ensured his immortality, and now at last this little-known film, which contains his best performance, can be seen as part of the marvelous Fox Film Noir set. This series, including a number of never before released titles (such as NIGHTMARE ALLEY and THIEVES' HIGHWAY), suggests that Twentieth-Century-Fox may have had the finest record of all the major studios when it came to film noir.",positive
"Do you know that they want to escavate the Moon for real?And in Geneve there is the debated project that could lead to make possible time machine?All i can say about this movie that is based on facts about future(at the time of the movie)scientifical projects but real. Hope the moon will exist not happen as in the movie. Now about the movie itself, I saw the original movie too, and I also read the book. The book I didn't like though, but the movie yes.I totally agree with a previous comment that this movie was depressing,unlike the 60's one.That was very good with force, this one was only a paralled future of what is good movie.",negative
"I agree that the movie is a little slow at spots having many scenes of mundane everyday life and no dialog. And I wasn't impressed right after I watched it. However, after a few days, I realized that the movie stays with me and it evokes a melancholy mood which lingers in my mind. My appreciation of this movie increases. It certainly merits a higher consideration than those movies that are instantly forgettable.<br /><br />As many have commented, the movie is non-linear and that's a hallmark of European film-making as opposed to the linear narrative form that Hollywood favors. I don't really know whether it's true or not. Many also dislike its confusing structure and lack of clear explanations. To those viewers, I don't think there is much I can say to change their opinions. However, for others who have yet to see the film, DO expect to be challenged and DON'T expect the film to supply all the answers and you might come away enjoying it more than you would otherwise.<br /><br />The movie skips around a bit but really chronicles just 3 time periods. Pay attention to the hair style and you can easily separate out 2 of the 3 periods. It is also not as confusing as suggested; just enjoy and it'll all be clear at the end.<br /><br />Yes, lots of things are left unsaid or not shown, and lots of situations are left unexplored. But isn't that what life is like? A lot of time you're not sure of the motives of your friends/loved ones unless you confront them and even then, you can never be 100% sure if they told you the whole truth. This type of movies forces us to interpret the reasons behind the actions. The movie does, however, leave enough hints for you to make some reasonable assumptions. For example, Mathieu is manic depressive, to the point of suicidal. Why? I don't know, maybe his life is not turning out exactly as he expects it; maybe he misses his family but hasn't forgiven his father for abandoning his sick mother at her hours of need; maybe after all he sacrifices for Cedric, rearranging and indeed, shattering his life to be with him, he realizes that it is all ""coming undone"". I think the director meant to show us that he has always been a little off, mentality fragile by that scene w/ the dead bird. Maybe he has a very sensitive psyche and all these stresses are taking a toll on him. But we're also shown that he is not some animal torturing psycho by his loving interaction w/ the stray cat. Also, there is one conversation between the doctor and Cedric that sheds light on the reason behind the breakup and maybe the suicide attempt. The doctor asks him if everything is okay, and Cedric thinks so even though he cheated on Mathieu once, but that's nothing, according to Cedric. Is that the only reason, we don't know, there are probably others, all mixed up together. Is it paramount that we know exactly what they are? I don't think so, for this movie. Another telltale sign that they are ultimately not compatible is the historical ruins scene. Mathieu is interested in studying the ruins, Cedric is not. He is the one w/ the raging hormone who focuses only on the physical side without an intellectual side that Mathieu obviously needs.<br /><br />Finally, the ending is really rather hopeful and sweet. I was pleasantly surprised by the turn of events after the bleak tone that edges toward the end.<br /><br />I have two complaints for the DVD. One is the sound. It's very soft. I had to crank up the volume to hear the dialog and then when it switched to a bar or outdoor crowd scene, it became too loud. The other is that the subtitles can't be turn off; they stay on the screen. Most foreign movie DVDs not released by a major studio are shoddy this way unfortunately.",positive
"After his classic film noir homage Chinatown Roman Polanski returned to the themes that had given him his greatest hits in the 60s with this creepy psychological horror which, like Repulsion and Rosemary's Baby, deals with the paranoia and claustrophobia generated by apartment living.<br /><br />Claustrophobic environments are the ones which Polanski is best at creating, and this has to be the most suffocating and confined picture he ever created. The emphasis on side walls and distant vanishing points is greater than ever, and even in the small number of exterior scenes the sky is rarely glimpsed. But The Tenant is not just confined spatially, but also in the intensity with which it focuses on its protagonist. Trelkovsky, played by Polanski himself is not only in every scene, he is in virtually every shot. When he is not on screen more often than not the camera becomes Trelkovsky's point of view. And of course almost everywhere he looks he sees his own reflection staring back at him in a mirror.<br /><br />I can't think of any film that is more about the internalisation and solitude of one character. Some psychological thrillers, like M or Peeping Tom, manipulate us into feeling sorry for the mentally ill protagonist. Others, like Psycho, attempt in-depth scientific analysis of his mental condition. The Tenant fits into neither of these categories  it simply immerses us completely inside Trelkovsky's experience without demanding we actually understand or appreciate what is going on inside his head. We feel his paranoia and obsession even though it is constantly revealed to us that they are irrational.<br /><br />Polanski was also a master of the slowly unfolding horror film. Often in his horrors there is an ambiguity as to whether there is actually anything sinister going on, but they are among the most effective at frightening audiences. Why? Precisely because they unfold so slowly and invest so much time in painstakingly setting up situations that they immerse the viewer in paranoia. A much later Polanski horror, The Ninth Gate is a bit of a mess plot-wise but at least it still manages to achieve that creeping sense of dread.<br /><br />This is a rare chance to see Polanski himself in a major role. His talent in front of the camera was as good as behind it, and he is absolutely perfect as the meek Trelkovsky. Another standout performance is that of the all-too-often overlooked Shelley Winters as the concierge. In actual fact it is rather a stellar cast, although many of the familiar faces look out of place in this strange, Gothic European movie. Also sadly many of the French actors in supporting roles are atrociously dubbed in the English language version.<br /><br />The Tenant is more polished and less pretentious than Repulsion, but it lacks the suspense and the character that make Rosemary's Baby so engrossing and entertaining. The Tenant is good, with no major flaws, and Polanski was really on top form as a director, but it's not among his most gripping works.",positive
"Lovingly crafted and terribly interesting to watch Garfield's gritty, breakthrough performance (introducing a new kind of rebellious acting style that would carry over to the Brandos and Clifts and so on after the war) but all that sisterly affection is a bit suffocating. Priscilla Lane is a bright, engaging performer but the other sisters don't really register (though they're all allowed to be tart and witty) and I just had a hard time buying any of the other male characters besides Garfield. Jeffrey Lynn is a pleasant enough actor, but he lacks the movie star weight to match up with Garfield's hard luck Mickey Borden and that throws the film a bit out of whack. (Imagine a Jimmy Stewart or someone in the part.) Also, I was not convinced that Garfield would make the pivotal (to say the least) final decision that he made. The film needed another half hour of running time to better explain that action; it feels awfully rushed and under-motivated.<br /><br />Still, it's not hard to understand how anybody who grew up with this picture would remember it fondly. It falls short of being a classic, but it does contain a few classic moments. The two gate swinging scenes are pure movie magic.",positive
"This is the last time I rent a video without checking in at the IMDB reviews. The Limey is directed by Steven Soderbergh who also wrote wrote the truly awful Nightwatch with Ewan Macgregor and directed such trash as Out of Sight with the anti-talented Jennifer Lopez. Terence Stamp is a fine actor and it is a shame he involved himself in such a bad film. There is frequent confusing editing that seems like it was a last minute decision in order to make up for the lack or story, filming and just plain common sense. This film does everything wrong. What were they thinking?",negative
"... mainly because Ju-on 2 boasts an outrageous FORTY minutes' worth of material literally taken straight out of the first Ju-on - and when you consider that the sequel only runs for 76 minutes, that leaves you with 36 original minutes' worth of film. Ho-hum. I found that deeply irritating - as if viewers simply wouldn't remember the same stuff! - not to mention dull, having to watch it all over again.<br /><br />OK, that complaint aside, the byline for Ju-on 2 was that it was supposed to explain a lot of the unanswered questions from the first movie, which frankly, over 36 minutes, simply doesn't go far enough to making any kind of sense of the original's highly convoluted storyline.<br /><br />There are, however, some really nice new horror sequences which show how good the film might have been, had it had some time to develop; and some of the questions raised by the original - some, but not all - are answered.<br /><br />So in conclusion - if you loved the first original movie and want to see some further developments on the story, go for it - but just remember to keep your remote control to hand with your finger on the fast-forward button for forty minutes.",negative
"Awwww....yes, it is heartwarming and all that some unlucky family gets adopted by ABC/Sears and has their home ""renovated."" That's where the humanistic appeal ends. I liked it early in its run, but now this show has become disgustingly excessive.<br /><br />Ten needy families could be given relatively luxurious homes with lots of goodies for every one family that each episode of this show splurges on. The people at Habitat For Humanity must be shaking their heads in disbelief. For example, is it necessary for a healthy sixteen year old boy to have a jacuzzi in his bedroom, or have his bed tricked-out with ""Low Rider"" hydraulics? Does the mom really need her dilapidated, non-running and rusted out old pick-up truck restored and ""pimped"" by some of the best customizers in California? A new one would have done the job quite nicely, and probably for a third of the price. Do people really need a sixty-five inch plasma screen in every room of the house? And then there's the issue of who pays the increased property taxes and utility bills. Even after the zaniacs at ""Makeover"" leave, somebody still has earn a living. I doubt the friendly folks down at Social Services will see the humor in all of this largess.<br /><br />This show is nothing more than a ratings grabber for ABC, and a tacit commercial for its sponsors.",negative
"Originally aired as an ABC Movie of the Week. This involves two young innocent female college students who are railroaded into a prison camp in a little Southern town. They aren't allowed phone calls and nobody knows they're there. What follows is rape, torture, beatings, humiliation and degradation leading to a very disturbing conclusion.<br /><br />The TV version was (for its time) grim. No nudity and the beatings were pretty tame but the overall feeling of sleaziness wore one down. The unrated version is even worse--there's plentiful nudity, the violence is extreme and, in one particularly disgusting sequence, we see a crying female prisoner forced to strip while a lesbian guard ""uses"" her. YUCK! There's nothing wrong with exploitation films but this one just goes over the brink. You get the feeling that the filmmakers enjoy having these poor women being tortured and degraded--all this is shoved in your face like you're supposed to enjoy it. The needlessly downbeat ending doesn't help.<br /><br />I'm giving it a 3 because the acting is good--but that actually makes the movie harder to watch. A sick, sleazy film. Not recommended.",negative
"OK - you want to test somebody on how comfortable they are with their adolescence and the embarrassing and maniacal changes therin - then get their immediate reaction from watching this uproarious doc about kids making socially relevant horror flicks in the suburban 80's. More than any movie I has ever seen, the film deals with burdening sexuality and ego in a way that is completely human, never dull, and flushed in the kind of inherent goodness of youth that is discolored by the fear-frenzied adult world where any quirk in youth is accredited to anything from insanity to perversion. Mini-mogul Darren Stien seems to be reaching for a deeper understanding of his triumphs and misgivings as the patriarch of strict kid's world. What he finds in himself and others isn't always pretty - but shows how one can improve and reconcile with age. What does change mean without reflection. I love this movie.",positive
"The tighter the drama, the better the film of sister rivalry! This little gem was mainly promoted as a comedy upon its release in Sweden, so I'm glad to find that wasn't the whole case. Funny bits on small-town bickering are there to enjoy, surely, but the drama takes center stage, as the story progresses. And not just family drama, it also raises poignant questions on respecting differences of peoples' lifestyle choices.<br /><br />Great character ensemble with many superb and moving dramatic scenes that score credibility points; and they're not just scattershot, but hold everything in place. It just makes me assume that if Ingmar Bergman had made this (the drama would suit him!), the international attention probably would have been immediate.<br /><br />7 out of 10 from Ozjeppe.",positive
"This movie is more deceiving than ever, using a suspenseful looking actor like Walken to play in this piece of junk made it look like he had nothing better to do than play a boring role like this one! And the fact that the movie was supposed to be about some witch and you really don't see that until almost the end of the movie but meanwhile you have to sit and watch this boring film while it gets, or tries to get to the meaning of the point and you have to go through this whole trail of boring actors and actresses thinking the whole time of how you passed off another movie and decided on this one and how you have just waisted your money just makes the whole point of time useless sitting there. I'd rather watch cartoons for goodness sakes. Leave this one alone,please!",negative
"It's funny... one day before i have seen this movie i had been watching a documentary about Leni Riefenstahl, so comparison kind of came automatically... of course there isn't any :)<br /><br /> This movie is weak in every aspect... acting is not convincing (especially the one who plays Simona...) and unnatural..., editing in confused and always leaves a taste of unfinished shot, music doesn't fit, the story doesn't flow, it gets boring and the movie comes out much longer as it is... oh, and the characters aren't very well shown, you actually can't tell much about the girls (except what you see)... The movie also tries to shock with explicit cursing (which is very laughable :)<br /><br />So... 2/10",negative
